2025-10-27 15:30:39,882 INFO: Loaded 25 raw records
2025-10-27 15:30:39,893 INFO: After date filtering: 25 records
2025-10-27 15:30:39,925 INFO: Processing complete: 25 records
2025-10-27 15:30:39,926 INFO: Countries found: ['United States', 'United Kingdom', 'Finland', 'Ecuador', 'South Korea', 'Nigeria', 'India', 'Australia', 'Germany', 'Pakistan', 'South Africa', 'UAE']
2025-10-27 15:30:56,368 INFO: After country filter: 4 records
2025-10-27 15:30:56,713 INFO: After country filter: 4 records
2025-10-27 15:30:56,715 INFO: After country filter: 4 records
2025-10-27 15:30:56,716 INFO: After country filter: 4 records
2025-10-27 15:31:22,306 INFO: After country filter: 4 records
2025-10-27 15:31:26,303 INFO: After country filter: 4 records
2025-10-27 15:31:28,399 INFO: After country filter: 4 records
2025-10-27 15:33:32,503 INFO: Loaded 25 raw records
2025-10-27 15:33:32,512 INFO: After date filtering: 25 records
2025-10-27 15:33:32,533 INFO: Processing complete: 25 records
2025-10-27 15:33:32,534 INFO: Countries found: ['United States', 'United Kingdom', 'Finland', 'Ecuador', 'South Korea', 'Nigeria', 'Australia', 'Germany', 'Pakistan', 'India', 'South Africa', 'UAE']
2025-10-27 19:21:08,638 INFO: Loaded 26 raw records
2025-10-27 19:21:08,645 INFO: After date filtering: 26 records
2025-10-27 19:21:08,664 INFO: Processing complete: 26 records
2025-10-27 19:21:08,665 INFO: Countries found: ['United States', 'United Kingdom', 'Finland', 'Ecuador', 'South Korea', 'Nigeria', 'Australia', 'Germany', 'Pakistan', 'India', 'South Africa', 'UAE']
2025-10-27 19:21:32,129 INFO: After platform filter: 21 records
2025-10-27 19:21:32,154 INFO: After platform filter: 21 records
2025-10-27 19:21:32,161 INFO: After platform filter: 21 records
2025-10-27 19:21:32,195 INFO: After platform filter: 21 records
2025-10-27 19:21:38,217 INFO: After platform filter: 5 records
2025-10-27 19:21:38,243 INFO: After platform filter: 5 records
2025-10-27 19:21:38,251 INFO: After platform filter: 5 records
2025-10-27 19:21:38,260 INFO: After platform filter: 5 records
2025-10-27 19:21:44,646 INFO: After platform filter: 21 records
2025-10-27 19:21:44,676 INFO: After platform filter: 21 records
2025-10-27 19:21:44,683 INFO: After platform filter: 21 records
2025-10-27 19:21:44,688 INFO: After platform filter: 21 records
2025-10-27 20:19:47,190 INFO: Loaded 26 raw records
2025-10-27 20:19:47,202 INFO: After date filtering: 26 records
2025-10-27 20:19:47,239 INFO: Processing complete: 26 records
2025-10-27 20:19:47,241 INFO: Countries found: ['United States', 'United Kingdom', 'Finland', 'Ecuador', 'South Korea', 'Nigeria', 'Australia', 'Germany', 'Pakistan', 'India', 'South Africa', 'UAE']
2025-10-28 08:05:36,592 INFO: Loaded 28 raw records
2025-10-28 08:05:36,620 INFO: After date filtering: 28 records
2025-10-28 08:05:36,679 INFO: Processing complete: 28 records
2025-10-28 08:05:36,682 INFO: Countries found: ['United States', 'United Kingdom', 'Finland', 'Ecuador', 'South Korea', 'Nigeria', 'Australia', 'Germany', 'Pakistan', 'India', 'South Africa', 'UAE', 'Unknown']
2025-10-28 08:54:30,601 INFO: Loading: Aivellum_Sales.xlsx
2025-10-28 08:54:36,329 INFO: Loaded 29 raw records
2025-10-28 08:54:36,358 INFO: After date filtering: 29 records
2025-10-28 08:54:36,471 INFO: Processing complete: 29 records
2025-10-28 08:54:36,474 INFO: Countries found: 9 - ['United States', 'United Kingdom', 'Finland', 'Ecuador', 'South Korea', 'Australia', 'Pakistan', 'South Africa', 'Czech Republic']
2025-10-28 08:54:36,476 INFO: Currencies: ['USD', 'GBP', 'AUD', 'NGN', 'CZK']
2025-10-28 08:54:46,007 ERROR: KPI error: Object of type int64 is not JSON serializable
2025-10-28 08:54:46,117 ERROR: Traceback (most recent call last):
  File "d:\AivellumPro\zReport5\app.py", line 653, in api_kpis
    return jsonify({'success': True, 'data': {'kpis': kpis}})
           ^^^^^^^^^^^^^^^^^^^^^^^^^^^^^^^^^^^^^^^^^^^^^^^^^^
  File "C:\Users\khanb\AppData\Local\Packages\PythonSoftwareFoundation.Python.3.11_qbz5n2kfra8p0\LocalCache\local-packages\Python311\site-packages\flask\json\__init__.py", line 170, in jsonify
    return current_app.json.response(*args, **kwargs)
           ^^^^^^^^^^^^^^^^^^^^^^^^^^^^^^^^^^^^^^^^^^
  File "C:\Users\khanb\AppData\Local\Packages\PythonSoftwareFoundation.Python.3.11_qbz5n2kfra8p0\LocalCache\local-packages\Python311\site-packages\flask\json\provider.py", line 215, in response
    f"{self.dumps(obj, **dump_args)}\n", mimetype=self.mimetype
       ^^^^^^^^^^^^^^^^^^^^^^^^^^^^
  File "C:\Users\khanb\AppData\Local\Packages\PythonSoftwareFoundation.Python.3.11_qbz5n2kfra8p0\LocalCache\local-packages\Python311\site-packages\flask\json\provider.py", line 180, in dumps
    return json.dumps(obj, **kwargs)
           ^^^^^^^^^^^^^^^^^^^^^^^^^
  File "C:\Program Files\WindowsApps\PythonSoftwareFoundation.Python.3.11_3.11.2544.0_x64__qbz5n2kfra8p0\Lib\json\__init__.py", line 238, in dumps
    **kw).encode(obj)
          ^^^^^^^^^^^
  File "C:\Program Files\WindowsApps\PythonSoftwareFoundation.Python.3.11_3.11.2544.0_x64__qbz5n2kfra8p0\Lib\json\encoder.py", line 200, in encode
    chunks = self.iterencode(o, _one_shot=True)
             ^^^^^^^^^^^^^^^^^^^^^^^^^^^^^^^^^^
  File "C:\Program Files\WindowsApps\PythonSoftwareFoundation.Python.3.11_3.11.2544.0_x64__qbz5n2kfra8p0\Lib\json\encoder.py", line 258, in iterencode
    return _iterencode(o, 0)
           ^^^^^^^^^^^^^^^^^
  File "C:\Users\khanb\AppData\Local\Packages\PythonSoftwareFoundation.Python.3.11_qbz5n2kfra8p0\LocalCache\local-packages\Python311\site-packages\flask\json\provider.py", line 120, in _default
    raise TypeError(f"Object of type {type(o).__name__} is not JSON serializable")
TypeError: Object of type int64 is not JSON serializable

2025-10-28 08:56:03,873 ERROR: KPI error: Object of type int64 is not JSON serializable
2025-10-28 08:56:03,875 ERROR: Traceback (most recent call last):
  File "d:\AivellumPro\zReport5\app.py", line 653, in api_kpis
    return jsonify({'success': True, 'data': {'kpis': kpis}})
           ^^^^^^^^^^^^^^^^^^^^^^^^^^^^^^^^^^^^^^^^^^^^^^^^^^
  File "C:\Users\khanb\AppData\Local\Packages\PythonSoftwareFoundation.Python.3.11_qbz5n2kfra8p0\LocalCache\local-packages\Python311\site-packages\flask\json\__init__.py", line 170, in jsonify
    return current_app.json.response(*args, **kwargs)
           ^^^^^^^^^^^^^^^^^^^^^^^^^^^^^^^^^^^^^^^^^^
  File "C:\Users\khanb\AppData\Local\Packages\PythonSoftwareFoundation.Python.3.11_qbz5n2kfra8p0\LocalCache\local-packages\Python311\site-packages\flask\json\provider.py", line 215, in response
    f"{self.dumps(obj, **dump_args)}\n", mimetype=self.mimetype
       ^^^^^^^^^^^^^^^^^^^^^^^^^^^^
  File "C:\Users\khanb\AppData\Local\Packages\PythonSoftwareFoundation.Python.3.11_qbz5n2kfra8p0\LocalCache\local-packages\Python311\site-packages\flask\json\provider.py", line 180, in dumps
    return json.dumps(obj, **kwargs)
           ^^^^^^^^^^^^^^^^^^^^^^^^^
  File "C:\Program Files\WindowsApps\PythonSoftwareFoundation.Python.3.11_3.11.2544.0_x64__qbz5n2kfra8p0\Lib\json\__init__.py", line 238, in dumps
    **kw).encode(obj)
          ^^^^^^^^^^^
  File "C:\Program Files\WindowsApps\PythonSoftwareFoundation.Python.3.11_3.11.2544.0_x64__qbz5n2kfra8p0\Lib\json\encoder.py", line 200, in encode
    chunks = self.iterencode(o, _one_shot=True)
             ^^^^^^^^^^^^^^^^^^^^^^^^^^^^^^^^^^
  File "C:\Program Files\WindowsApps\PythonSoftwareFoundation.Python.3.11_3.11.2544.0_x64__qbz5n2kfra8p0\Lib\json\encoder.py", line 258, in iterencode
    return _iterencode(o, 0)
           ^^^^^^^^^^^^^^^^^
  File "C:\Users\khanb\AppData\Local\Packages\PythonSoftwareFoundation.Python.3.11_qbz5n2kfra8p0\LocalCache\local-packages\Python311\site-packages\flask\json\provider.py", line 120, in _default
    raise TypeError(f"Object of type {type(o).__name__} is not JSON serializable")
TypeError: Object of type int64 is not JSON serializable

2025-10-28 08:56:26,452 INFO: Loaded 29 raw records
2025-10-28 08:56:26,462 INFO: After date filtering: 29 records
2025-10-28 08:56:26,487 INFO: Processing complete: 29 records
2025-10-28 08:56:26,490 INFO: Countries found: ['United States', 'United Kingdom', 'Finland', 'Ecuador', 'South Korea', 'Nigeria', 'Australia', 'Germany', 'Pakistan', 'India', 'South Africa', 'UAE', 'Unknown']
2025-10-28 08:59:34,001 INFO: Loaded 29 raw records
2025-10-28 08:59:34,009 INFO: After date filtering: 29 records
2025-10-28 08:59:34,035 INFO: Processing complete: 29 records
2025-10-28 08:59:34,037 INFO: Countries found: ['United States', 'United Kingdom', 'Finland', 'Ecuador', 'South Korea', 'Nigeria', 'Australia', 'Germany', 'Pakistan', 'India', 'South Africa', 'UAE', 'Unknown']
2025-10-28 09:26:04,771 INFO: Loaded 29 raw records
2025-10-28 09:26:04,776 INFO: After date filtering: 29 records
2025-10-28 09:26:04,791 INFO: Processing complete: 29 records
2025-10-28 09:26:04,794 INFO: Countries found: ['United States', 'United Kingdom', 'Finland', 'Ecuador', 'South Korea', 'Nigeria', 'Australia', 'Germany', 'Pakistan', 'India', 'South Africa', 'UAE', 'Unknown']
2025-10-28 09:33:18,408 INFO: Loading data from: Aivellum_Sales.xlsx
2025-10-28 09:33:18,698 INFO: Loaded 29 raw records
2025-10-28 09:33:18,699 INFO: Columns: ['S.NO', 'Date', 'Time', 'Purchase ID', 'Platform', 'For (Users)', 'Billing Address', 'Total Amount payed buy user', 'List Price', 'Taxn (toal amount - list price)', 'Net amount with deductions']
2025-10-28 09:33:18,705 INFO: After date filtering: 29 records
2025-10-28 09:33:18,712 INFO: Processing amounts...
2025-10-28 09:33:18,727 INFO: Processing net amounts...
2025-10-28 09:33:18,731 INFO: Extracting countries...
2025-10-28 09:33:18,732 INFO: Extracting country from: 66062, KS, US
2025-10-28 09:33:18,733 INFO:   -> Matched 'US' -> United States
2025-10-28 09:33:18,734 INFO: Extracting country from: S75 1HJ, GB
2025-10-28 09:33:18,734 INFO:   -> Matched 'GB' -> United Kingdom
2025-10-28 09:33:18,735 INFO: Extracting country from: 37221, TN, US
2025-10-28 09:33:18,735 INFO:   -> Matched 'US' -> United States
2025-10-28 09:33:18,736 INFO: Extracting country from: DA1 3AG, GB
2025-10-28 09:33:18,736 INFO:   -> Matched 'GB' -> United Kingdom
2025-10-28 09:33:18,737 INFO: Extracting country from: 91940, FI
2025-10-28 09:33:18,737 INFO:   -> Matched 'FI' -> Finland
2025-10-28 09:33:18,738 INFO: Extracting country from: 170306, EC
2025-10-28 09:33:18,739 INFO:   -> Matched 'EC' -> Ecuador
2025-10-28 09:33:18,740 INFO: Extracting country from: 02908, RI, US
2025-10-28 09:33:18,740 INFO:   -> Matched 'US' -> United States
2025-10-28 09:33:18,795 INFO:   -> Matched 'KR' -> South Korea
2025-10-28 09:33:18,796 INFO: Extracting country from: 89410, NV, US
2025-10-28 09:33:18,797 INFO:   -> Matched 'US' -> United States
2025-10-28 09:33:18,797 INFO: Extracting country from: HUNGARY
2025-10-28 09:33:18,797 INFO:   -> Matched 'HUNGARY' -> Hungary
2025-10-28 09:33:18,798 INFO: Extracting country from: AUSTRALIA
2025-10-28 09:33:18,798 INFO:   -> Matched 'US' -> United States
2025-10-28 09:33:18,799 INFO: Extracting country from: AU
2025-10-28 09:33:18,799 INFO:   -> Matched 'AU' -> Australia
2025-10-28 09:33:18,799 INFO: Extracting country from: 09217, DE
2025-10-28 09:33:18,800 INFO:   -> Matched 'DE' -> Germany
2025-10-28 09:33:18,800 INFO: Extracting country from: 54000, PK
2025-10-28 09:33:18,801 INFO:   -> Matched 'PK' -> Pakistan
2025-10-28 09:33:18,801 INFO: Extracting country from: UNITED STATES
2025-10-28 09:33:18,802 INFO:   -> Matched 'UNITED STATES' -> United States
2025-10-28 09:33:18,803 INFO: Extracting country from: UNITED STATES
2025-10-28 09:33:18,803 INFO:   -> Matched 'UNITED STATES' -> United States
2025-10-28 09:33:18,804 INFO: Extracting country from: 520261, AKWA IBOM, NG
2025-10-28 09:33:18,804 INFO:   -> Matched 'WA' -> Australia
2025-10-28 09:33:18,805 INFO: Extracting country from: JAMMU AND KASHMIR, IN
2025-10-28 09:33:18,805 INFO:   -> Matched 'IN' -> India
2025-10-28 09:33:18,805 INFO: Extracting country from: 92105, CA, US
2025-10-28 09:33:18,806 INFO:   -> Matched 'US' -> United States
2025-10-28 09:33:18,806 INFO: Extracting country from: 2740, ZA
2025-10-28 09:33:18,807 INFO:   -> Matched 'ZA' -> South Africa
2025-10-28 09:33:18,809 INFO: Extracting country from: 382421, GUJARAT, IN
2025-10-28 09:33:18,810 INFO:   -> Matched 'IN' -> India
2025-10-28 09:33:18,810 INFO: Extracting country from: 70072, LA, US
2025-10-28 09:33:18,811 INFO:   -> Matched 'US' -> United States
2025-10-28 09:33:18,812 INFO: Extracting country from: 711301, WEST BENGAL, IN
2025-10-28 09:33:18,812 INFO:   -> Matched 'IN' -> India
2025-10-28 09:33:18,813 INFO: Extracting country from: UNITED ARAB EMIRATES
2025-10-28 09:33:18,813 INFO:   -> Matched 'ES' -> Spain
2025-10-28 09:33:18,814 INFO: Extracting country from: 27610, NC, US
2025-10-28 09:33:18,814 INFO:   -> Matched 'US' -> United States
2025-10-28 09:33:18,815 INFO: Extracting country from: UNITED STATES
2025-10-28 09:33:18,815 INFO:   -> Matched 'UNITED STATES' -> United States
2025-10-28 09:33:18,816 INFO: Extracting country from: 09130, DE
2025-10-28 09:33:18,816 INFO:   -> Matched 'DE' -> Germany
2025-10-28 09:33:18,817 INFO: Extracting country from: 43981, CZ
2025-10-28 09:33:18,817 INFO:   -> Matched 'CZ' -> Czech Republic
2025-10-28 09:33:18,818 INFO: Extracting country from: UNITED STATES
2025-10-28 09:33:18,818 INFO:   -> Matched 'UNITED STATES' -> United States
2025-10-28 09:33:18,822 INFO: Country distribution:
Country
United States     12
India              3
United Kingdom     2
Australia          2
Germany            2
Finland            1
Ecuador            1
South Korea        1
Hungary            1
Pakistan           1
South Africa       1
Spain              1
Czech Republic     1
2025-10-28 09:33:18,825 INFO: Processing complete: 29 records
2025-10-28 09:33:18,826 INFO: Countries found: 13
2025-10-28 09:33:18,827 INFO: Currencies found: 6
2025-10-28 09:35:47,285 INFO: Loading data from: Aivellum_Sales.xlsx
2025-10-28 09:35:47,539 INFO: Loaded 29 raw records
2025-10-28 09:35:47,540 INFO: Columns: ['S.NO', 'Date', 'Time', 'Purchase ID', 'Platform', 'For (Users)', 'Billing Address', 'Total Amount payed buy user', 'List Price', 'Taxn (toal amount - list price)', 'Net amount with deductions']
2025-10-28 09:35:47,547 INFO: After date filtering: 29 records
2025-10-28 09:35:47,551 INFO: Processing amounts...
2025-10-28 09:35:47,567 INFO: Processing net amounts...
2025-10-28 09:35:47,569 INFO: Extracting countries...
2025-10-28 09:35:47,570 INFO: Extracting country from: 66062, KS, US
2025-10-28 09:35:47,573 INFO:   -> Matched 'US' -> United States
2025-10-28 09:35:47,574 INFO: Extracting country from: S75 1HJ, GB
2025-10-28 09:35:47,575 INFO:   -> Matched 'GB' -> United Kingdom
2025-10-28 09:35:47,576 INFO: Extracting country from: 37221, TN, US
2025-10-28 09:35:47,577 INFO:   -> Matched 'US' -> United States
2025-10-28 09:35:47,578 INFO: Extracting country from: DA1 3AG, GB
2025-10-28 09:35:47,578 INFO:   -> Matched 'GB' -> United Kingdom
2025-10-28 09:35:47,579 INFO: Extracting country from: 91940, FI
2025-10-28 09:35:47,579 INFO:   -> Matched 'FI' -> Finland
2025-10-28 09:35:47,580 INFO: Extracting country from: 170306, EC
2025-10-28 09:35:47,580 INFO:   -> Matched 'EC' -> Ecuador
2025-10-28 09:35:47,581 INFO: Extracting country from: 02908, RI, US
2025-10-28 09:35:47,582 INFO:   -> Matched 'US' -> United States
2025-10-28 09:35:47,592 INFO:   -> Matched 'KR' -> South Korea
2025-10-28 09:35:47,593 INFO: Extracting country from: 89410, NV, US
2025-10-28 09:35:47,594 INFO:   -> Matched 'US' -> United States
2025-10-28 09:35:47,594 INFO: Extracting country from: HUNGARY
2025-10-28 09:35:47,595 INFO:   -> Matched 'HUNGARY' -> Hungary
2025-10-28 09:35:47,595 INFO: Extracting country from: AUSTRALIA
2025-10-28 09:35:47,596 INFO:   -> Matched 'US' -> United States
2025-10-28 09:35:47,597 INFO: Extracting country from: AU
2025-10-28 09:35:47,597 INFO:   -> Matched 'AU' -> Australia
2025-10-28 09:35:47,597 INFO: Extracting country from: 09217, DE
2025-10-28 09:35:47,598 INFO:   -> Matched 'DE' -> Germany
2025-10-28 09:35:47,599 INFO: Extracting country from: 54000, PK
2025-10-28 09:35:47,600 INFO:   -> Matched 'PK' -> Pakistan
2025-10-28 09:35:47,600 INFO: Extracting country from: UNITED STATES
2025-10-28 09:35:47,601 INFO:   -> Matched 'UNITED STATES' -> United States
2025-10-28 09:35:47,601 INFO: Extracting country from: UNITED STATES
2025-10-28 09:35:47,602 INFO:   -> Matched 'UNITED STATES' -> United States
2025-10-28 09:35:47,602 INFO: Extracting country from: 520261, AKWA IBOM, NG
2025-10-28 09:35:47,603 INFO:   -> Matched 'WA' -> Australia
2025-10-28 09:35:47,605 INFO: Extracting country from: JAMMU AND KASHMIR, IN
2025-10-28 09:35:47,606 INFO:   -> Matched 'IN' -> India
2025-10-28 09:35:47,606 INFO: Extracting country from: 92105, CA, US
2025-10-28 09:35:47,607 INFO:   -> Matched 'US' -> United States
2025-10-28 09:35:47,607 INFO: Extracting country from: 2740, ZA
2025-10-28 09:35:47,608 INFO:   -> Matched 'ZA' -> South Africa
2025-10-28 09:35:47,608 INFO: Extracting country from: 382421, GUJARAT, IN
2025-10-28 09:35:47,609 INFO:   -> Matched 'IN' -> India
2025-10-28 09:35:47,609 INFO: Extracting country from: 70072, LA, US
2025-10-28 09:35:47,609 INFO:   -> Matched 'US' -> United States
2025-10-28 09:35:47,610 INFO: Extracting country from: 711301, WEST BENGAL, IN
2025-10-28 09:35:47,610 INFO:   -> Matched 'IN' -> India
2025-10-28 09:35:47,610 INFO: Extracting country from: UNITED ARAB EMIRATES
2025-10-28 09:35:47,611 INFO:   -> Matched 'ES' -> Spain
2025-10-28 09:35:47,611 INFO: Extracting country from: 27610, NC, US
2025-10-28 09:35:47,611 INFO:   -> Matched 'US' -> United States
2025-10-28 09:35:47,611 INFO: Extracting country from: UNITED STATES
2025-10-28 09:35:47,612 INFO:   -> Matched 'UNITED STATES' -> United States
2025-10-28 09:35:47,612 INFO: Extracting country from: 09130, DE
2025-10-28 09:35:47,613 INFO:   -> Matched 'DE' -> Germany
2025-10-28 09:35:47,613 INFO: Extracting country from: 43981, CZ
2025-10-28 09:35:47,613 INFO:   -> Matched 'CZ' -> Czech Republic
2025-10-28 09:35:47,614 INFO: Extracting country from: UNITED STATES
2025-10-28 09:35:47,614 INFO:   -> Matched 'UNITED STATES' -> United States
2025-10-28 09:35:47,615 INFO: Country distribution:
Country
United States     12
India              3
United Kingdom     2
Australia          2
Germany            2
Finland            1
Ecuador            1
South Korea        1
Hungary            1
Pakistan           1
South Africa       1
Spain              1
Czech Republic     1
2025-10-28 09:35:47,617 INFO: Processing complete: 29 records
2025-10-28 09:35:47,617 INFO: Countries found: 13
2025-10-28 09:35:47,618 INFO: Currencies found: 6
2025-10-28 09:36:13,587 INFO: Loading data from: Aivellum_Sales.xlsx
2025-10-28 09:36:13,946 INFO: Loaded 29 raw records
2025-10-28 09:36:13,947 INFO: Columns: ['S.NO', 'Date', 'Time', 'Purchase ID', 'Platform', 'For (Users)', 'Billing Address', 'Total Amount payed buy user', 'List Price', 'Taxn (toal amount - list price)', 'Net amount with deductions']
2025-10-28 09:36:13,957 INFO: After date filtering: 29 records
2025-10-28 09:36:13,963 INFO: Processing amounts...
2025-10-28 09:36:13,973 INFO: Processing net amounts...
2025-10-28 09:36:13,975 INFO: Extracting countries...
2025-10-28 09:36:13,976 INFO: Extracting country from: 66062, KS, US
2025-10-28 09:36:13,977 INFO:   -> Matched 'US' -> United States
2025-10-28 09:36:13,977 INFO: Extracting country from: S75 1HJ, GB
2025-10-28 09:36:13,977 INFO:   -> Matched 'GB' -> United Kingdom
2025-10-28 09:36:13,978 INFO: Extracting country from: 37221, TN, US
2025-10-28 09:36:13,978 INFO:   -> Matched 'US' -> United States
2025-10-28 09:36:13,978 INFO: Extracting country from: DA1 3AG, GB
2025-10-28 09:36:13,979 INFO:   -> Matched 'GB' -> United Kingdom
2025-10-28 09:36:13,979 INFO: Extracting country from: 91940, FI
2025-10-28 09:36:13,980 INFO:   -> Matched 'FI' -> Finland
2025-10-28 09:36:13,980 INFO: Extracting country from: 170306, EC
2025-10-28 09:36:13,981 INFO:   -> Matched 'EC' -> Ecuador
2025-10-28 09:36:13,981 INFO: Extracting country from: 02908, RI, US
2025-10-28 09:36:13,981 INFO:   -> Matched 'US' -> United States
2025-10-28 09:36:13,988 INFO:   -> Matched 'KR' -> South Korea
2025-10-28 09:36:13,988 INFO: Extracting country from: 89410, NV, US
2025-10-28 09:36:13,989 INFO:   -> Matched 'US' -> United States
2025-10-28 09:36:13,989 INFO: Extracting country from: HUNGARY
2025-10-28 09:36:13,990 INFO:   -> Matched 'HUNGARY' -> Hungary
2025-10-28 09:36:13,990 INFO: Extracting country from: AUSTRALIA
2025-10-28 09:36:13,991 INFO:   -> Matched 'US' -> United States
2025-10-28 09:36:13,991 INFO: Extracting country from: AU
2025-10-28 09:36:13,992 INFO:   -> Matched 'AU' -> Australia
2025-10-28 09:36:13,992 INFO: Extracting country from: 09217, DE
2025-10-28 09:36:13,992 INFO:   -> Matched 'DE' -> Germany
2025-10-28 09:36:13,993 INFO: Extracting country from: 54000, PK
2025-10-28 09:36:13,993 INFO:   -> Matched 'PK' -> Pakistan
2025-10-28 09:36:13,993 INFO: Extracting country from: UNITED STATES
2025-10-28 09:36:13,994 INFO:   -> Matched 'UNITED STATES' -> United States
2025-10-28 09:36:13,994 INFO: Extracting country from: UNITED STATES
2025-10-28 09:36:13,995 INFO:   -> Matched 'UNITED STATES' -> United States
2025-10-28 09:36:13,995 INFO: Extracting country from: 520261, AKWA IBOM, NG
2025-10-28 09:36:13,995 INFO:   -> Matched 'WA' -> Australia
2025-10-28 09:36:13,996 INFO: Extracting country from: JAMMU AND KASHMIR, IN
2025-10-28 09:36:13,996 INFO:   -> Matched 'IN' -> India
2025-10-28 09:36:13,996 INFO: Extracting country from: 92105, CA, US
2025-10-28 09:36:13,997 INFO:   -> Matched 'US' -> United States
2025-10-28 09:36:13,997 INFO: Extracting country from: 2740, ZA
2025-10-28 09:36:13,998 INFO:   -> Matched 'ZA' -> South Africa
2025-10-28 09:36:13,999 INFO: Extracting country from: 382421, GUJARAT, IN
2025-10-28 09:36:13,999 INFO:   -> Matched 'IN' -> India
2025-10-28 09:36:14,000 INFO: Extracting country from: 70072, LA, US
2025-10-28 09:36:14,001 INFO:   -> Matched 'US' -> United States
2025-10-28 09:36:14,002 INFO: Extracting country from: 711301, WEST BENGAL, IN
2025-10-28 09:36:14,003 INFO:   -> Matched 'IN' -> India
2025-10-28 09:36:14,003 INFO: Extracting country from: UNITED ARAB EMIRATES
2025-10-28 09:36:14,004 INFO:   -> Matched 'ES' -> Spain
2025-10-28 09:36:14,004 INFO: Extracting country from: 27610, NC, US
2025-10-28 09:36:14,005 INFO:   -> Matched 'US' -> United States
2025-10-28 09:36:14,005 INFO: Extracting country from: UNITED STATES
2025-10-28 09:36:14,006 INFO:   -> Matched 'UNITED STATES' -> United States
2025-10-28 09:36:14,006 INFO: Extracting country from: 09130, DE
2025-10-28 09:36:14,006 INFO:   -> Matched 'DE' -> Germany
2025-10-28 09:36:14,007 INFO: Extracting country from: 43981, CZ
2025-10-28 09:36:14,007 INFO:   -> Matched 'CZ' -> Czech Republic
2025-10-28 09:36:14,007 INFO: Extracting country from: UNITED STATES
2025-10-28 09:36:14,008 INFO:   -> Matched 'UNITED STATES' -> United States
2025-10-28 09:36:14,009 INFO: Country distribution:
Country
United States     12
India              3
United Kingdom     2
Australia          2
Germany            2
Finland            1
Ecuador            1
South Korea        1
Hungary            1
Pakistan           1
South Africa       1
Spain              1
Czech Republic     1
2025-10-28 09:36:14,011 INFO: Processing complete: 29 records
2025-10-28 09:36:14,012 INFO: Countries found: 13
2025-10-28 09:36:14,013 INFO: Currencies found: 6
2025-10-28 20:11:59,134 INFO: Loaded 29 raw records
2025-10-28 20:11:59,144 INFO: After date filtering: 29 records
2025-10-28 20:11:59,167 INFO: Processing complete: 29 records
2025-10-28 20:11:59,168 INFO: Countries found: ['United States', 'United Kingdom', 'Finland', 'Ecuador', 'South Korea', 'Nigeria', 'Australia', 'Germany', 'Pakistan', 'India', 'South Africa', 'UAE', 'Unknown']
2025-10-28 20:12:40,521 INFO: Loaded 29 raw records
2025-10-28 20:12:40,527 INFO: After date filtering: 29 records
2025-10-28 20:12:40,544 INFO: Processing complete: 29 records
2025-10-28 20:12:40,547 INFO: Countries found: ['United States', 'United Kingdom', 'Finland', 'Ecuador', 'South Korea', 'Nigeria', 'Australia', 'Germany', 'Pakistan', 'India', 'South Africa', 'UAE', 'Unknown']
2025-10-28 20:17:05,583 INFO: Loaded 29 raw records
2025-10-28 20:17:05,590 INFO: After date filtering: 29 records
2025-10-28 20:17:05,610 INFO: Processing complete: 29 records
2025-10-28 20:17:05,611 INFO: Countries found: ['United States', 'Unknown', 'India']
2025-10-28 20:27:51,330 INFO: Loaded 29 raw records
2025-10-28 20:27:51,340 INFO: After date filtering: 29 records
2025-10-28 20:27:51,365 INFO: Processing complete: 29 records
2025-10-28 20:27:51,368 INFO: Countries found: ['United States', 'India', 'Ecuador', 'South Korea', 'Nigeria', 'Germany', 'Pakistan', 'Canada', 'UAE']
2025-10-28 20:49:50,729 - INFO - [31m[1mWARNING: This is a development server. Do not use it in a production deployment. Use a production WSGI server instead.[0m
 * Running on http://127.0.0.1:5000
2025-10-28 20:49:50,729 - INFO - [33mPress CTRL+C to quit[0m
2025-10-28 20:49:50,747 - INFO -  * Restarting with stat
2025-10-28 20:49:51,529 - WARNING -  * Debugger is active!
2025-10-28 20:49:51,540 - INFO -  * Debugger PIN: 479-772-392
2025-10-28 20:50:48,589 - INFO - [31m[1mWARNING: This is a development server. Do not use it in a production deployment. Use a production WSGI server instead.[0m
 * Running on http://127.0.0.1:5000
2025-10-28 20:50:48,590 - INFO - [33mPress CTRL+C to quit[0m
2025-10-28 20:50:48,592 - INFO -  * Restarting with stat
2025-10-28 20:50:49,414 - WARNING -  * Debugger is active!
2025-10-28 20:50:49,421 - INFO -  * Debugger PIN: 479-772-392
2025-10-28 20:51:27,355 INFO: Loaded 29 raw records
2025-10-28 20:51:27,361 INFO: After date filtering: 29 records
2025-10-28 20:51:27,376 INFO: Processing complete: 29 records
2025-10-28 20:51:27,378 INFO: Countries found: ['Australia', 'Czech Republic', 'Ecuador', 'Finland', 'Germany', 'Hungary', 'India', 'Nigeria', 'Pakistan', 'South Africa', 'South Korea', 'United Arab Emirates', 'United Kingdom', 'United States']
2025-10-28 20:51:27,379 INFO: Total unique countries: 14
2025-10-28 20:59:45,686 INFO: Loaded 29 raw records
2025-10-28 20:59:45,692 INFO: After date filtering: 29 records
2025-10-28 20:59:45,711 INFO: Processing complete: 29 records
2025-10-28 20:59:45,711 INFO: Countries found: ['Australia', 'Czech Republic', 'Ecuador', 'Finland', 'Germany', 'Hungary', 'India', 'Nigeria', 'Pakistan', 'South Africa', 'South Korea', 'United Arab Emirates', 'United Kingdom', 'United States']
2025-10-28 20:59:45,713 INFO: Country counts: {'United States': 11, 'India': 3, 'United Kingdom': 2, 'Australia': 2, 'Germany': 2, 'Finland': 1, 'Ecuador': 1, 'South Korea': 1, 'Hungary': 1, 'Pakistan': 1, 'Nigeria': 1, 'South Africa': 1, 'United Arab Emirates': 1, 'Czech Republic': 1}
2025-10-29 14:52:39,973 INFO: Loaded 29 raw records
2025-10-29 14:52:39,993 INFO: After date filtering: 29 records
2025-10-29 14:52:40,150 INFO: Processing complete: 29 records
2025-10-29 14:52:40,152 INFO: Countries found: ['Australia', 'Czech Republic', 'Ecuador', 'Finland', 'Germany', 'Hungary', 'India', 'Nigeria', 'Pakistan', 'South Africa', 'South Korea', 'United Arab Emirates', 'United Kingdom', 'United States']
2025-10-29 14:52:40,156 INFO: Country counts: {'United States': 11, 'India': 3, 'United Kingdom': 2, 'Australia': 2, 'Germany': 2, 'Finland': 1, 'Ecuador': 1, 'South Korea': 1, 'Hungary': 1, 'Pakistan': 1, 'Nigeria': 1, 'South Africa': 1, 'United Arab Emirates': 1, 'Czech Republic': 1}
2025-10-29 14:53:12,139 INFO: After country filter: 2 records
2025-10-29 14:53:12,169 INFO: After country filter: 2 records
2025-10-29 14:53:12,185 INFO: After country filter: 2 records
2025-10-29 14:53:12,195 INFO: After country filter: 2 records
2025-10-29 14:53:15,991 INFO: After platform filter: 6 records
2025-10-29 14:53:16,020 INFO: After platform filter: 6 records
2025-10-29 14:53:16,032 INFO: After platform filter: 6 records
2025-10-29 14:53:16,051 INFO: After platform filter: 6 records
2025-10-29 14:53:18,619 INFO: After platform filter: 23 records
2025-10-29 14:53:18,655 INFO: After platform filter: 23 records
2025-10-29 14:53:18,662 INFO: After platform filter: 23 records
2025-10-29 14:53:18,666 INFO: After platform filter: 23 records
2025-10-29 14:53:26,000 INFO: After platform filter: 6 records
2025-10-29 14:53:26,034 INFO: After platform filter: 6 records
2025-10-29 14:53:26,041 INFO: After platform filter: 6 records
2025-10-29 14:53:26,069 INFO: After platform filter: 6 records
2025-10-29 14:53:30,284 INFO: After platform filter: 23 records
2025-10-29 14:53:30,326 INFO: After platform filter: 23 records
2025-10-29 14:53:30,327 INFO: After platform filter: 23 records
2025-10-29 14:53:30,331 INFO: After platform filter: 23 records
2025-10-29 14:53:38,960 INFO: After platform filter: 23 records
2025-10-29 14:53:39,950 INFO: After platform filter: 23 records
2025-10-29 14:53:40,779 INFO: After platform filter: 23 records
2025-10-29 14:53:41,840 INFO: After platform filter: 23 records
2025-10-29 14:55:17,052 INFO: Loaded 30 raw records
2025-10-29 14:55:17,067 INFO: After date filtering: 30 records
2025-10-29 14:55:17,200 INFO: Processing complete: 30 records
2025-10-29 14:55:17,203 INFO: Countries found: ['Australia', 'Czech Republic', 'Ecuador', 'Finland', 'Germany', 'Hungary', 'India', 'Nigeria', 'Pakistan', 'South Africa', 'South Korea', 'United Arab Emirates', 'United Kingdom', 'United States', 'Unknown']
2025-10-29 14:55:17,206 INFO: Country counts: {'United States': 11, 'India': 3, 'United Kingdom': 2, 'Australia': 2, 'Germany': 2, 'Finland': 1, 'Ecuador': 1, 'South Korea': 1, 'Hungary': 1, 'Pakistan': 1, 'Nigeria': 1, 'South Africa': 1, 'United Arab Emirates': 1, 'Czech Republic': 1, 'Unknown': 1}
2025-10-29 15:09:41,131 INFO: Loaded 30 raw records
2025-10-29 15:09:41,138 INFO: After date filtering: 30 records
2025-10-29 15:09:41,161 INFO: Using Country column directly from CSV
2025-10-29 15:09:41,164 INFO: Processing complete: 30 records
2025-10-29 15:09:41,166 INFO: Countries found: ['Australia', 'Czech Republic', 'Ecuador', 'Finland', 'Germany', 'Hungary', 'India', 'Nigeria', 'Pakistan', 'South Africa', 'South Korea', 'United Arab Emirates', 'United Kingdom', 'United States', 'Unknown']
2025-10-29 15:09:41,167 INFO: Country counts: {'United States': 11, 'India': 3, 'United Kingdom': 2, 'Australia': 2, 'Germany': 2, 'Finland': 1, 'Ecuador': 1, 'South Korea': 1, 'Hungary': 1, 'Pakistan': 1, 'Nigeria': 1, 'South Africa': 1, 'United Arab Emirates': 1, 'Czech Republic': 1, 'Unknown': 1}
2025-10-29 15:10:53,903 INFO: Loaded 29 raw records
2025-10-29 15:10:53,914 INFO: After date filtering: 29 records
2025-10-29 15:10:53,944 INFO: Using Country column directly from CSV
2025-10-29 15:10:53,947 INFO: Processing complete: 29 records
2025-10-29 15:10:53,949 INFO: Countries found: ['Australia', 'Czech Republic', 'Ecuador', 'Finland', 'Germany', 'Hungary', 'India', 'Nigeria', 'Pakistan', 'South Africa', 'South Korea', 'United Arab Emirates', 'United Kingdom', 'United States']
2025-10-29 15:10:53,951 INFO: Country counts: {'United States': 11, 'India': 3, 'United Kingdom': 2, 'Australia': 2, 'Germany': 2, 'Finland': 1, 'Ecuador': 1, 'South Korea': 1, 'Hungary': 1, 'Pakistan': 1, 'Nigeria': 1, 'South Africa': 1, 'United Arab Emirates': 1, 'Czech Republic': 1}
2025-10-29 15:12:02,626 ERROR: Exception on /add-entry [GET]
Traceback (most recent call last):
  File "C:\Users\khanb\AppData\Local\Packages\PythonSoftwareFoundation.Python.3.11_qbz5n2kfra8p0\LocalCache\local-packages\Python311\site-packages\flask\app.py", line 2190, in wsgi_app
    response = self.full_dispatch_request()
               ^^^^^^^^^^^^^^^^^^^^^^^^^^^^
  File "C:\Users\khanb\AppData\Local\Packages\PythonSoftwareFoundation.Python.3.11_qbz5n2kfra8p0\LocalCache\local-packages\Python311\site-packages\flask\app.py", line 1486, in full_dispatch_request
    rv = self.handle_user_exception(e)
         ^^^^^^^^^^^^^^^^^^^^^^^^^^^^^
  File "C:\Users\khanb\AppData\Local\Packages\PythonSoftwareFoundation.Python.3.11_qbz5n2kfra8p0\LocalCache\local-packages\Python311\site-packages\flask_cors\extension.py", line 176, in wrapped_function
    return cors_after_request(app.make_response(f(*args, **kwargs)))
                                                ^^^^^^^^^^^^^^^^^^
  File "C:\Users\khanb\AppData\Local\Packages\PythonSoftwareFoundation.Python.3.11_qbz5n2kfra8p0\LocalCache\local-packages\Python311\site-packages\flask\app.py", line 1484, in full_dispatch_request
    rv = self.dispatch_request()
         ^^^^^^^^^^^^^^^^^^^^^^^
  File "C:\Users\khanb\AppData\Local\Packages\PythonSoftwareFoundation.Python.3.11_qbz5n2kfra8p0\LocalCache\local-packages\Python311\site-packages\flask\app.py", line 1469, in dispatch_request
    return self.ensure_sync(self.view_functions[rule.endpoint])(**view_args)
           ^^^^^^^^^^^^^^^^^^^^^^^^^^^^^^^^^^^^^^^^^^^^^^^^^^^^^^^^^^^^^^^^^
  File "d:\AivellumPro\zReport5\app.py", line 376, in add_entry_page
    return send_file('add_entry.html')
           ^^^^^^^^^^^^^^^^^^^^^^^^^^^
  File "C:\Users\khanb\AppData\Local\Packages\PythonSoftwareFoundation.Python.3.11_qbz5n2kfra8p0\LocalCache\local-packages\Python311\site-packages\flask\helpers.py", line 504, in send_file
    return werkzeug.utils.send_file(  # type: ignore[return-value]
           ^^^^^^^^^^^^^^^^^^^^^^^^^^^^^^^^^^^^^^^^^^^^^^^^^^^^^^^
  File "C:\Users\khanb\AppData\Local\Packages\PythonSoftwareFoundation.Python.3.11_qbz5n2kfra8p0\LocalCache\local-packages\Python311\site-packages\werkzeug\utils.py", line 427, in send_file
    stat = os.stat(path)
           ^^^^^^^^^^^^^
FileNotFoundError: [WinError 2] The system cannot find the file specified: 'd:\\AivellumPro\\zReport5\\add_entry.html'
2025-10-29 15:15:24,404 INFO: Loaded 29 raw records
2025-10-29 15:15:24,416 INFO: After date filtering: 29 records
2025-10-29 15:15:24,456 INFO: Using Country column directly from CSV
2025-10-29 15:15:24,463 INFO: Processing complete: 29 records
2025-10-29 15:15:24,465 INFO: Countries found: ['Australia', 'Czech Republic', 'Ecuador', 'Finland', 'Germany', 'Hungary', 'India', 'Nigeria', 'Pakistan', 'South Africa', 'South Korea', 'United Arab Emirates', 'United Kingdom', 'United States']
2025-10-29 15:15:24,467 INFO: Country counts: {'United States': 11, 'India': 3, 'United Kingdom': 2, 'Australia': 2, 'Germany': 2, 'Finland': 1, 'Ecuador': 1, 'South Korea': 1, 'Hungary': 1, 'Pakistan': 1, 'Nigeria': 1, 'South Africa': 1, 'United Arab Emirates': 1, 'Czech Republic': 1}
2025-10-29 15:15:29,889 ERROR: Exception on /add-entry [GET]
Traceback (most recent call last):
  File "C:\Users\khanb\AppData\Local\Packages\PythonSoftwareFoundation.Python.3.11_qbz5n2kfra8p0\LocalCache\local-packages\Python311\site-packages\flask\app.py", line 2190, in wsgi_app
    response = self.full_dispatch_request()
               ^^^^^^^^^^^^^^^^^^^^^^^^^^^^
  File "C:\Users\khanb\AppData\Local\Packages\PythonSoftwareFoundation.Python.3.11_qbz5n2kfra8p0\LocalCache\local-packages\Python311\site-packages\flask\app.py", line 1486, in full_dispatch_request
    rv = self.handle_user_exception(e)
         ^^^^^^^^^^^^^^^^^^^^^^^^^^^^^
  File "C:\Users\khanb\AppData\Local\Packages\PythonSoftwareFoundation.Python.3.11_qbz5n2kfra8p0\LocalCache\local-packages\Python311\site-packages\flask_cors\extension.py", line 176, in wrapped_function
    return cors_after_request(app.make_response(f(*args, **kwargs)))
                                                ^^^^^^^^^^^^^^^^^^
  File "C:\Users\khanb\AppData\Local\Packages\PythonSoftwareFoundation.Python.3.11_qbz5n2kfra8p0\LocalCache\local-packages\Python311\site-packages\flask\app.py", line 1484, in full_dispatch_request
    rv = self.dispatch_request()
         ^^^^^^^^^^^^^^^^^^^^^^^
  File "C:\Users\khanb\AppData\Local\Packages\PythonSoftwareFoundation.Python.3.11_qbz5n2kfra8p0\LocalCache\local-packages\Python311\site-packages\flask\app.py", line 1469, in dispatch_request
    return self.ensure_sync(self.view_functions[rule.endpoint])(**view_args)
           ^^^^^^^^^^^^^^^^^^^^^^^^^^^^^^^^^^^^^^^^^^^^^^^^^^^^^^^^^^^^^^^^^
  File "d:\AivellumPro\zReport5\app.py", line 376, in add_entry_page
    return send_file('add_entry.html')
           ^^^^^^^^^^^^^^^^^^^^^^^^^^^
  File "C:\Users\khanb\AppData\Local\Packages\PythonSoftwareFoundation.Python.3.11_qbz5n2kfra8p0\LocalCache\local-packages\Python311\site-packages\flask\helpers.py", line 504, in send_file
    return werkzeug.utils.send_file(  # type: ignore[return-value]
           ^^^^^^^^^^^^^^^^^^^^^^^^^^^^^^^^^^^^^^^^^^^^^^^^^^^^^^^
  File "C:\Users\khanb\AppData\Local\Packages\PythonSoftwareFoundation.Python.3.11_qbz5n2kfra8p0\LocalCache\local-packages\Python311\site-packages\werkzeug\utils.py", line 427, in send_file
    stat = os.stat(path)
           ^^^^^^^^^^^^^
FileNotFoundError: [WinError 2] The system cannot find the file specified: 'd:\\AivellumPro\\zReport5\\add_entry.html'
2025-10-29 15:15:31,219 ERROR: Exception on /add-entry [GET]
Traceback (most recent call last):
  File "C:\Users\khanb\AppData\Local\Packages\PythonSoftwareFoundation.Python.3.11_qbz5n2kfra8p0\LocalCache\local-packages\Python311\site-packages\flask\app.py", line 2190, in wsgi_app
    response = self.full_dispatch_request()
               ^^^^^^^^^^^^^^^^^^^^^^^^^^^^
  File "C:\Users\khanb\AppData\Local\Packages\PythonSoftwareFoundation.Python.3.11_qbz5n2kfra8p0\LocalCache\local-packages\Python311\site-packages\flask\app.py", line 1486, in full_dispatch_request
    rv = self.handle_user_exception(e)
         ^^^^^^^^^^^^^^^^^^^^^^^^^^^^^
  File "C:\Users\khanb\AppData\Local\Packages\PythonSoftwareFoundation.Python.3.11_qbz5n2kfra8p0\LocalCache\local-packages\Python311\site-packages\flask_cors\extension.py", line 176, in wrapped_function
    return cors_after_request(app.make_response(f(*args, **kwargs)))
                                                ^^^^^^^^^^^^^^^^^^
  File "C:\Users\khanb\AppData\Local\Packages\PythonSoftwareFoundation.Python.3.11_qbz5n2kfra8p0\LocalCache\local-packages\Python311\site-packages\flask\app.py", line 1484, in full_dispatch_request
    rv = self.dispatch_request()
         ^^^^^^^^^^^^^^^^^^^^^^^
  File "C:\Users\khanb\AppData\Local\Packages\PythonSoftwareFoundation.Python.3.11_qbz5n2kfra8p0\LocalCache\local-packages\Python311\site-packages\flask\app.py", line 1469, in dispatch_request
    return self.ensure_sync(self.view_functions[rule.endpoint])(**view_args)
           ^^^^^^^^^^^^^^^^^^^^^^^^^^^^^^^^^^^^^^^^^^^^^^^^^^^^^^^^^^^^^^^^^
  File "d:\AivellumPro\zReport5\app.py", line 376, in add_entry_page
    return send_file('add_entry.html')
           ^^^^^^^^^^^^^^^^^^^^^^^^^^^
  File "C:\Users\khanb\AppData\Local\Packages\PythonSoftwareFoundation.Python.3.11_qbz5n2kfra8p0\LocalCache\local-packages\Python311\site-packages\flask\helpers.py", line 504, in send_file
    return werkzeug.utils.send_file(  # type: ignore[return-value]
           ^^^^^^^^^^^^^^^^^^^^^^^^^^^^^^^^^^^^^^^^^^^^^^^^^^^^^^^
  File "C:\Users\khanb\AppData\Local\Packages\PythonSoftwareFoundation.Python.3.11_qbz5n2kfra8p0\LocalCache\local-packages\Python311\site-packages\werkzeug\utils.py", line 427, in send_file
    stat = os.stat(path)
           ^^^^^^^^^^^^^
FileNotFoundError: [WinError 2] The system cannot find the file specified: 'd:\\AivellumPro\\zReport5\\add_entry.html'
2025-10-29 15:15:31,415 ERROR: Exception on /add-entry [GET]
Traceback (most recent call last):
  File "C:\Users\khanb\AppData\Local\Packages\PythonSoftwareFoundation.Python.3.11_qbz5n2kfra8p0\LocalCache\local-packages\Python311\site-packages\flask\app.py", line 2190, in wsgi_app
    response = self.full_dispatch_request()
               ^^^^^^^^^^^^^^^^^^^^^^^^^^^^
  File "C:\Users\khanb\AppData\Local\Packages\PythonSoftwareFoundation.Python.3.11_qbz5n2kfra8p0\LocalCache\local-packages\Python311\site-packages\flask\app.py", line 1486, in full_dispatch_request
    rv = self.handle_user_exception(e)
         ^^^^^^^^^^^^^^^^^^^^^^^^^^^^^
  File "C:\Users\khanb\AppData\Local\Packages\PythonSoftwareFoundation.Python.3.11_qbz5n2kfra8p0\LocalCache\local-packages\Python311\site-packages\flask_cors\extension.py", line 176, in wrapped_function
    return cors_after_request(app.make_response(f(*args, **kwargs)))
                                                ^^^^^^^^^^^^^^^^^^
  File "C:\Users\khanb\AppData\Local\Packages\PythonSoftwareFoundation.Python.3.11_qbz5n2kfra8p0\LocalCache\local-packages\Python311\site-packages\flask\app.py", line 1484, in full_dispatch_request
    rv = self.dispatch_request()
         ^^^^^^^^^^^^^^^^^^^^^^^
  File "C:\Users\khanb\AppData\Local\Packages\PythonSoftwareFoundation.Python.3.11_qbz5n2kfra8p0\LocalCache\local-packages\Python311\site-packages\flask\app.py", line 1469, in dispatch_request
    return self.ensure_sync(self.view_functions[rule.endpoint])(**view_args)
           ^^^^^^^^^^^^^^^^^^^^^^^^^^^^^^^^^^^^^^^^^^^^^^^^^^^^^^^^^^^^^^^^^
  File "d:\AivellumPro\zReport5\app.py", line 376, in add_entry_page
    return send_file('add_entry.html')
           ^^^^^^^^^^^^^^^^^^^^^^^^^^^
  File "C:\Users\khanb\AppData\Local\Packages\PythonSoftwareFoundation.Python.3.11_qbz5n2kfra8p0\LocalCache\local-packages\Python311\site-packages\flask\helpers.py", line 504, in send_file
    return werkzeug.utils.send_file(  # type: ignore[return-value]
           ^^^^^^^^^^^^^^^^^^^^^^^^^^^^^^^^^^^^^^^^^^^^^^^^^^^^^^^
  File "C:\Users\khanb\AppData\Local\Packages\PythonSoftwareFoundation.Python.3.11_qbz5n2kfra8p0\LocalCache\local-packages\Python311\site-packages\werkzeug\utils.py", line 427, in send_file
    stat = os.stat(path)
           ^^^^^^^^^^^^^
FileNotFoundError: [WinError 2] The system cannot find the file specified: 'd:\\AivellumPro\\zReport5\\add_entry.html'
2025-10-29 15:15:31,600 ERROR: Exception on /add-entry [GET]
Traceback (most recent call last):
  File "C:\Users\khanb\AppData\Local\Packages\PythonSoftwareFoundation.Python.3.11_qbz5n2kfra8p0\LocalCache\local-packages\Python311\site-packages\flask\app.py", line 2190, in wsgi_app
    response = self.full_dispatch_request()
               ^^^^^^^^^^^^^^^^^^^^^^^^^^^^
  File "C:\Users\khanb\AppData\Local\Packages\PythonSoftwareFoundation.Python.3.11_qbz5n2kfra8p0\LocalCache\local-packages\Python311\site-packages\flask\app.py", line 1486, in full_dispatch_request
    rv = self.handle_user_exception(e)
         ^^^^^^^^^^^^^^^^^^^^^^^^^^^^^
  File "C:\Users\khanb\AppData\Local\Packages\PythonSoftwareFoundation.Python.3.11_qbz5n2kfra8p0\LocalCache\local-packages\Python311\site-packages\flask_cors\extension.py", line 176, in wrapped_function
    return cors_after_request(app.make_response(f(*args, **kwargs)))
                                                ^^^^^^^^^^^^^^^^^^
  File "C:\Users\khanb\AppData\Local\Packages\PythonSoftwareFoundation.Python.3.11_qbz5n2kfra8p0\LocalCache\local-packages\Python311\site-packages\flask\app.py", line 1484, in full_dispatch_request
    rv = self.dispatch_request()
         ^^^^^^^^^^^^^^^^^^^^^^^
  File "C:\Users\khanb\AppData\Local\Packages\PythonSoftwareFoundation.Python.3.11_qbz5n2kfra8p0\LocalCache\local-packages\Python311\site-packages\flask\app.py", line 1469, in dispatch_request
    return self.ensure_sync(self.view_functions[rule.endpoint])(**view_args)
           ^^^^^^^^^^^^^^^^^^^^^^^^^^^^^^^^^^^^^^^^^^^^^^^^^^^^^^^^^^^^^^^^^
  File "d:\AivellumPro\zReport5\app.py", line 376, in add_entry_page
    return send_file('add_entry.html')
           ^^^^^^^^^^^^^^^^^^^^^^^^^^^
  File "C:\Users\khanb\AppData\Local\Packages\PythonSoftwareFoundation.Python.3.11_qbz5n2kfra8p0\LocalCache\local-packages\Python311\site-packages\flask\helpers.py", line 504, in send_file
    return werkzeug.utils.send_file(  # type: ignore[return-value]
           ^^^^^^^^^^^^^^^^^^^^^^^^^^^^^^^^^^^^^^^^^^^^^^^^^^^^^^^
  File "C:\Users\khanb\AppData\Local\Packages\PythonSoftwareFoundation.Python.3.11_qbz5n2kfra8p0\LocalCache\local-packages\Python311\site-packages\werkzeug\utils.py", line 427, in send_file
    stat = os.stat(path)
           ^^^^^^^^^^^^^
FileNotFoundError: [WinError 2] The system cannot find the file specified: 'd:\\AivellumPro\\zReport5\\add_entry.html'
2025-10-29 15:15:31,762 ERROR: Exception on /add-entry [GET]
Traceback (most recent call last):
  File "C:\Users\khanb\AppData\Local\Packages\PythonSoftwareFoundation.Python.3.11_qbz5n2kfra8p0\LocalCache\local-packages\Python311\site-packages\flask\app.py", line 2190, in wsgi_app
    response = self.full_dispatch_request()
               ^^^^^^^^^^^^^^^^^^^^^^^^^^^^
  File "C:\Users\khanb\AppData\Local\Packages\PythonSoftwareFoundation.Python.3.11_qbz5n2kfra8p0\LocalCache\local-packages\Python311\site-packages\flask\app.py", line 1486, in full_dispatch_request
    rv = self.handle_user_exception(e)
         ^^^^^^^^^^^^^^^^^^^^^^^^^^^^^
  File "C:\Users\khanb\AppData\Local\Packages\PythonSoftwareFoundation.Python.3.11_qbz5n2kfra8p0\LocalCache\local-packages\Python311\site-packages\flask_cors\extension.py", line 176, in wrapped_function
    return cors_after_request(app.make_response(f(*args, **kwargs)))
                                                ^^^^^^^^^^^^^^^^^^
  File "C:\Users\khanb\AppData\Local\Packages\PythonSoftwareFoundation.Python.3.11_qbz5n2kfra8p0\LocalCache\local-packages\Python311\site-packages\flask\app.py", line 1484, in full_dispatch_request
    rv = self.dispatch_request()
         ^^^^^^^^^^^^^^^^^^^^^^^
  File "C:\Users\khanb\AppData\Local\Packages\PythonSoftwareFoundation.Python.3.11_qbz5n2kfra8p0\LocalCache\local-packages\Python311\site-packages\flask\app.py", line 1469, in dispatch_request
    return self.ensure_sync(self.view_functions[rule.endpoint])(**view_args)
           ^^^^^^^^^^^^^^^^^^^^^^^^^^^^^^^^^^^^^^^^^^^^^^^^^^^^^^^^^^^^^^^^^
  File "d:\AivellumPro\zReport5\app.py", line 376, in add_entry_page
    return send_file('add_entry.html')
           ^^^^^^^^^^^^^^^^^^^^^^^^^^^
  File "C:\Users\khanb\AppData\Local\Packages\PythonSoftwareFoundation.Python.3.11_qbz5n2kfra8p0\LocalCache\local-packages\Python311\site-packages\flask\helpers.py", line 504, in send_file
    return werkzeug.utils.send_file(  # type: ignore[return-value]
           ^^^^^^^^^^^^^^^^^^^^^^^^^^^^^^^^^^^^^^^^^^^^^^^^^^^^^^^
  File "C:\Users\khanb\AppData\Local\Packages\PythonSoftwareFoundation.Python.3.11_qbz5n2kfra8p0\LocalCache\local-packages\Python311\site-packages\werkzeug\utils.py", line 427, in send_file
    stat = os.stat(path)
           ^^^^^^^^^^^^^
FileNotFoundError: [WinError 2] The system cannot find the file specified: 'd:\\AivellumPro\\zReport5\\add_entry.html'
2025-10-29 15:15:31,901 ERROR: Exception on /add-entry [GET]
Traceback (most recent call last):
  File "C:\Users\khanb\AppData\Local\Packages\PythonSoftwareFoundation.Python.3.11_qbz5n2kfra8p0\LocalCache\local-packages\Python311\site-packages\flask\app.py", line 2190, in wsgi_app
    response = self.full_dispatch_request()
               ^^^^^^^^^^^^^^^^^^^^^^^^^^^^
  File "C:\Users\khanb\AppData\Local\Packages\PythonSoftwareFoundation.Python.3.11_qbz5n2kfra8p0\LocalCache\local-packages\Python311\site-packages\flask\app.py", line 1486, in full_dispatch_request
    rv = self.handle_user_exception(e)
         ^^^^^^^^^^^^^^^^^^^^^^^^^^^^^
  File "C:\Users\khanb\AppData\Local\Packages\PythonSoftwareFoundation.Python.3.11_qbz5n2kfra8p0\LocalCache\local-packages\Python311\site-packages\flask_cors\extension.py", line 176, in wrapped_function
    return cors_after_request(app.make_response(f(*args, **kwargs)))
                                                ^^^^^^^^^^^^^^^^^^
  File "C:\Users\khanb\AppData\Local\Packages\PythonSoftwareFoundation.Python.3.11_qbz5n2kfra8p0\LocalCache\local-packages\Python311\site-packages\flask\app.py", line 1484, in full_dispatch_request
    rv = self.dispatch_request()
         ^^^^^^^^^^^^^^^^^^^^^^^
  File "C:\Users\khanb\AppData\Local\Packages\PythonSoftwareFoundation.Python.3.11_qbz5n2kfra8p0\LocalCache\local-packages\Python311\site-packages\flask\app.py", line 1469, in dispatch_request
    return self.ensure_sync(self.view_functions[rule.endpoint])(**view_args)
           ^^^^^^^^^^^^^^^^^^^^^^^^^^^^^^^^^^^^^^^^^^^^^^^^^^^^^^^^^^^^^^^^^
  File "d:\AivellumPro\zReport5\app.py", line 376, in add_entry_page
    return send_file('add_entry.html')
           ^^^^^^^^^^^^^^^^^^^^^^^^^^^
  File "C:\Users\khanb\AppData\Local\Packages\PythonSoftwareFoundation.Python.3.11_qbz5n2kfra8p0\LocalCache\local-packages\Python311\site-packages\flask\helpers.py", line 504, in send_file
    return werkzeug.utils.send_file(  # type: ignore[return-value]
           ^^^^^^^^^^^^^^^^^^^^^^^^^^^^^^^^^^^^^^^^^^^^^^^^^^^^^^^
  File "C:\Users\khanb\AppData\Local\Packages\PythonSoftwareFoundation.Python.3.11_qbz5n2kfra8p0\LocalCache\local-packages\Python311\site-packages\werkzeug\utils.py", line 427, in send_file
    stat = os.stat(path)
           ^^^^^^^^^^^^^
FileNotFoundError: [WinError 2] The system cannot find the file specified: 'd:\\AivellumPro\\zReport5\\add_entry.html'
2025-10-29 15:15:32,060 ERROR: Exception on /add-entry [GET]
Traceback (most recent call last):
  File "C:\Users\khanb\AppData\Local\Packages\PythonSoftwareFoundation.Python.3.11_qbz5n2kfra8p0\LocalCache\local-packages\Python311\site-packages\flask\app.py", line 2190, in wsgi_app
    response = self.full_dispatch_request()
               ^^^^^^^^^^^^^^^^^^^^^^^^^^^^
  File "C:\Users\khanb\AppData\Local\Packages\PythonSoftwareFoundation.Python.3.11_qbz5n2kfra8p0\LocalCache\local-packages\Python311\site-packages\flask\app.py", line 1486, in full_dispatch_request
    rv = self.handle_user_exception(e)
         ^^^^^^^^^^^^^^^^^^^^^^^^^^^^^
  File "C:\Users\khanb\AppData\Local\Packages\PythonSoftwareFoundation.Python.3.11_qbz5n2kfra8p0\LocalCache\local-packages\Python311\site-packages\flask_cors\extension.py", line 176, in wrapped_function
    return cors_after_request(app.make_response(f(*args, **kwargs)))
                                                ^^^^^^^^^^^^^^^^^^
  File "C:\Users\khanb\AppData\Local\Packages\PythonSoftwareFoundation.Python.3.11_qbz5n2kfra8p0\LocalCache\local-packages\Python311\site-packages\flask\app.py", line 1484, in full_dispatch_request
    rv = self.dispatch_request()
         ^^^^^^^^^^^^^^^^^^^^^^^
  File "C:\Users\khanb\AppData\Local\Packages\PythonSoftwareFoundation.Python.3.11_qbz5n2kfra8p0\LocalCache\local-packages\Python311\site-packages\flask\app.py", line 1469, in dispatch_request
    return self.ensure_sync(self.view_functions[rule.endpoint])(**view_args)
           ^^^^^^^^^^^^^^^^^^^^^^^^^^^^^^^^^^^^^^^^^^^^^^^^^^^^^^^^^^^^^^^^^
  File "d:\AivellumPro\zReport5\app.py", line 376, in add_entry_page
    return send_file('add_entry.html')
           ^^^^^^^^^^^^^^^^^^^^^^^^^^^
  File "C:\Users\khanb\AppData\Local\Packages\PythonSoftwareFoundation.Python.3.11_qbz5n2kfra8p0\LocalCache\local-packages\Python311\site-packages\flask\helpers.py", line 504, in send_file
    return werkzeug.utils.send_file(  # type: ignore[return-value]
           ^^^^^^^^^^^^^^^^^^^^^^^^^^^^^^^^^^^^^^^^^^^^^^^^^^^^^^^
  File "C:\Users\khanb\AppData\Local\Packages\PythonSoftwareFoundation.Python.3.11_qbz5n2kfra8p0\LocalCache\local-packages\Python311\site-packages\werkzeug\utils.py", line 427, in send_file
    stat = os.stat(path)
           ^^^^^^^^^^^^^
FileNotFoundError: [WinError 2] The system cannot find the file specified: 'd:\\AivellumPro\\zReport5\\add_entry.html'
2025-10-29 15:15:32,200 ERROR: Exception on /add-entry [GET]
Traceback (most recent call last):
  File "C:\Users\khanb\AppData\Local\Packages\PythonSoftwareFoundation.Python.3.11_qbz5n2kfra8p0\LocalCache\local-packages\Python311\site-packages\flask\app.py", line 2190, in wsgi_app
    response = self.full_dispatch_request()
               ^^^^^^^^^^^^^^^^^^^^^^^^^^^^
  File "C:\Users\khanb\AppData\Local\Packages\PythonSoftwareFoundation.Python.3.11_qbz5n2kfra8p0\LocalCache\local-packages\Python311\site-packages\flask\app.py", line 1486, in full_dispatch_request
    rv = self.handle_user_exception(e)
         ^^^^^^^^^^^^^^^^^^^^^^^^^^^^^
  File "C:\Users\khanb\AppData\Local\Packages\PythonSoftwareFoundation.Python.3.11_qbz5n2kfra8p0\LocalCache\local-packages\Python311\site-packages\flask_cors\extension.py", line 176, in wrapped_function
    return cors_after_request(app.make_response(f(*args, **kwargs)))
                                                ^^^^^^^^^^^^^^^^^^
  File "C:\Users\khanb\AppData\Local\Packages\PythonSoftwareFoundation.Python.3.11_qbz5n2kfra8p0\LocalCache\local-packages\Python311\site-packages\flask\app.py", line 1484, in full_dispatch_request
    rv = self.dispatch_request()
         ^^^^^^^^^^^^^^^^^^^^^^^
  File "C:\Users\khanb\AppData\Local\Packages\PythonSoftwareFoundation.Python.3.11_qbz5n2kfra8p0\LocalCache\local-packages\Python311\site-packages\flask\app.py", line 1469, in dispatch_request
    return self.ensure_sync(self.view_functions[rule.endpoint])(**view_args)
           ^^^^^^^^^^^^^^^^^^^^^^^^^^^^^^^^^^^^^^^^^^^^^^^^^^^^^^^^^^^^^^^^^
  File "d:\AivellumPro\zReport5\app.py", line 376, in add_entry_page
    return send_file('add_entry.html')
           ^^^^^^^^^^^^^^^^^^^^^^^^^^^
  File "C:\Users\khanb\AppData\Local\Packages\PythonSoftwareFoundation.Python.3.11_qbz5n2kfra8p0\LocalCache\local-packages\Python311\site-packages\flask\helpers.py", line 504, in send_file
    return werkzeug.utils.send_file(  # type: ignore[return-value]
           ^^^^^^^^^^^^^^^^^^^^^^^^^^^^^^^^^^^^^^^^^^^^^^^^^^^^^^^
  File "C:\Users\khanb\AppData\Local\Packages\PythonSoftwareFoundation.Python.3.11_qbz5n2kfra8p0\LocalCache\local-packages\Python311\site-packages\werkzeug\utils.py", line 427, in send_file
    stat = os.stat(path)
           ^^^^^^^^^^^^^
FileNotFoundError: [WinError 2] The system cannot find the file specified: 'd:\\AivellumPro\\zReport5\\add_entry.html'
2025-10-29 15:21:21,652 INFO: Loaded 29 raw records
2025-10-29 15:21:21,668 INFO: After date filtering: 29 records
2025-10-29 15:21:21,694 INFO: Using Country column directly from CSV
2025-10-29 15:21:21,700 INFO: Processing complete: 29 records
2025-10-29 15:21:21,702 INFO: Countries found: ['Australia', 'Czech Republic', 'Ecuador', 'Finland', 'Germany', 'Hungary', 'India', 'Nigeria', 'Pakistan', 'South Africa', 'South Korea', 'United Arab Emirates', 'United Kingdom', 'United States']
2025-10-29 15:21:21,705 INFO: Country counts: {'United States': 11, 'India': 3, 'United Kingdom': 2, 'Australia': 2, 'Germany': 2, 'Finland': 1, 'Ecuador': 1, 'South Korea': 1, 'Hungary': 1, 'Pakistan': 1, 'Nigeria': 1, 'South Africa': 1, 'United Arab Emirates': 1, 'Czech Republic': 1}
2025-10-29 15:26:13,810 INFO: Loaded 30 raw records
2025-10-29 15:26:13,825 INFO: After date filtering: 30 records
2025-10-29 15:26:13,884 INFO: Using Country column directly from CSV
2025-10-29 15:26:13,889 INFO: Processing complete: 30 records
2025-10-29 15:26:13,893 INFO: Countries found: ['Australia', 'Czech Republic', 'Ecuador', 'Finland', 'Germany', 'Hungary', 'India', 'Nigeria', 'Pakistan', 'South Africa', 'South Korea', 'United Arab Emirates', 'United Kingdom', 'United States']
2025-10-29 15:26:13,896 INFO: Country counts: {'United States': 11, 'India': 4, 'United Kingdom': 2, 'Australia': 2, 'Germany': 2, 'Finland': 1, 'Ecuador': 1, 'South Korea': 1, 'Hungary': 1, 'Pakistan': 1, 'Nigeria': 1, 'South Africa': 1, 'United Arab Emirates': 1, 'Czech Republic': 1}
2025-10-29 15:31:46,509 INFO: Loaded 30 raw records
2025-10-29 15:31:46,515 INFO: After date filtering: 30 records
2025-10-29 15:31:46,533 INFO: Using Country column directly from CSV
2025-10-29 15:31:46,535 INFO: Processing complete: 30 records
2025-10-29 15:31:46,536 INFO: Countries found: ['Australia', 'Czech Republic', 'Ecuador', 'Finland', 'Germany', 'Hungary', 'India', 'Nigeria', 'Pakistan', 'South Africa', 'South Korea', 'United Arab Emirates', 'United Kingdom', 'United States']
2025-10-29 15:31:46,537 INFO: Country counts: {'United States': 11, 'India': 4, 'United Kingdom': 2, 'Australia': 2, 'Germany': 2, 'Finland': 1, 'Ecuador': 1, 'South Korea': 1, 'Hungary': 1, 'Pakistan': 1, 'Nigeria': 1, 'South Africa': 1, 'United Arab Emirates': 1, 'Czech Republic': 1}
2025-10-29 15:58:36,723 INFO: After platform filter: 24 records
2025-10-29 15:58:36,774 INFO: After platform filter: 24 records
2025-10-29 15:58:36,783 INFO: After platform filter: 24 records
2025-10-29 15:58:36,795 INFO: After platform filter: 24 records
2025-10-31 08:22:23,777 INFO: Loaded 30 raw records
2025-10-31 08:22:23,788 INFO: After date filtering: 30 records
2025-10-31 08:22:23,827 INFO: Using Country column directly from CSV
2025-10-31 08:22:23,831 INFO: Processing complete: 30 records
2025-10-31 08:22:23,832 INFO: Countries found: ['Australia', 'Czech Republic', 'Ecuador', 'Finland', 'Germany', 'Hungary', 'India', 'Nigeria', 'Pakistan', 'South Africa', 'South Korea', 'United Arab Emirates', 'United Kingdom', 'United States']
2025-10-31 08:22:23,835 INFO: Country counts: {'United States': 11, 'India': 4, 'United Kingdom': 2, 'Australia': 2, 'Germany': 2, 'Finland': 1, 'Ecuador': 1, 'South Korea': 1, 'Hungary': 1, 'Pakistan': 1, 'Nigeria': 1, 'South Africa': 1, 'United Arab Emirates': 1, 'Czech Republic': 1}
2025-10-31 19:14:24,468 INFO: Loaded 30 raw records
2025-10-31 19:14:24,502 INFO: After date filtering: 30 records
2025-10-31 19:14:24,553 INFO: Using Country column directly from CSV
2025-10-31 19:14:24,557 INFO: Processing complete: 30 records
2025-10-31 19:14:24,559 INFO: Countries found: ['Australia', 'Czech Republic', 'Ecuador', 'Finland', 'Germany', 'Hungary', 'India', 'Nigeria', 'Pakistan', 'South Africa', 'South Korea', 'United Arab Emirates', 'United Kingdom', 'United States']
2025-10-31 19:14:24,563 INFO: Country counts: {'United States': 11, 'India': 4, 'United Kingdom': 2, 'Australia': 2, 'Germany': 2, 'Finland': 1, 'Ecuador': 1, 'South Korea': 1, 'Hungary': 1, 'Pakistan': 1, 'Nigeria': 1, 'South Africa': 1, 'United Arab Emirates': 1, 'Czech Republic': 1}
2025-10-31 19:16:42,775 INFO: Loaded 31 raw records
2025-10-31 19:16:42,783 INFO: After date filtering: 31 records
2025-10-31 19:16:42,815 INFO: Using Country column directly from CSV
2025-10-31 19:16:42,821 INFO: Processing complete: 31 records
2025-10-31 19:16:42,823 INFO: Countries found: ['Australia', 'Czech Republic', 'Ecuador', 'Finland', 'Germany', 'Hungary', 'India', 'Nigeria', 'Pakistan', 'Philippines', 'South Africa', 'South Korea', 'United Arab Emirates', 'United Kingdom', 'United States']
2025-10-31 19:16:42,825 INFO: Country counts: {'United States': 11, 'India': 4, 'United Kingdom': 2, 'Australia': 2, 'Germany': 2, 'Finland': 1, 'Ecuador': 1, 'South Korea': 1, 'Hungary': 1, 'Pakistan': 1, 'Nigeria': 1, 'South Africa': 1, 'United Arab Emirates': 1, 'Czech Republic': 1, 'Philippines': 1}
2025-10-31 20:03:01,479 INFO: Loaded 31 raw records
2025-10-31 20:03:01,493 INFO: After date filtering: 31 records
2025-10-31 20:03:01,532 INFO: Using Country column directly from CSV
2025-10-31 20:03:01,537 INFO: Processing complete: 31 records
2025-10-31 20:03:01,540 INFO: Countries found: ['Australia', 'Czech Republic', 'Ecuador', 'Finland', 'Germany', 'Hungary', 'India', 'Nigeria', 'Pakistan', 'Philippines', 'South Africa', 'South Korea', 'United Arab Emirates', 'United Kingdom', 'United States']
2025-10-31 20:03:01,542 INFO: Country counts: {'United States': 11, 'India': 4, 'United Kingdom': 2, 'Australia': 2, 'Germany': 2, 'Finland': 1, 'Ecuador': 1, 'South Korea': 1, 'Hungary': 1, 'Pakistan': 1, 'Nigeria': 1, 'South Africa': 1, 'United Arab Emirates': 1, 'Czech Republic': 1, 'Philippines': 1}
2025-11-06 10:26:09,604 INFO: Loaded 31 raw records
2025-11-06 10:26:09,625 INFO: After date filtering: 31 records
2025-11-06 10:26:09,665 INFO: Using Country column directly from CSV
2025-11-06 10:26:09,670 INFO: Processing complete: 31 records
2025-11-06 10:26:09,672 INFO: Countries found: ['Australia', 'Czech Republic', 'Ecuador', 'Finland', 'Germany', 'Hungary', 'India', 'Nigeria', 'Pakistan', 'Philippines', 'South Africa', 'South Korea', 'United Arab Emirates', 'United Kingdom', 'United States']
2025-11-06 10:26:09,676 INFO: Country counts: {'United States': 11, 'India': 4, 'United Kingdom': 2, 'Australia': 2, 'Germany': 2, 'Finland': 1, 'Ecuador': 1, 'South Korea': 1, 'Hungary': 1, 'Pakistan': 1, 'Nigeria': 1, 'South Africa': 1, 'United Arab Emirates': 1, 'Czech Republic': 1, 'Philippines': 1}
2025-11-06 13:01:18,191 INFO: Loaded 32 raw records
2025-11-06 13:01:18,207 INFO: After date filtering: 32 records
2025-11-06 13:01:18,251 INFO: Using Country column directly from CSV
2025-11-06 13:01:18,254 INFO: Processing complete: 32 records
2025-11-06 13:01:18,256 INFO: Countries found: ['Australia', 'Czech Republic', 'Ecuador', 'Finland', 'Germany', 'Hungary', 'India', 'Netherlands', 'Nigeria', 'Pakistan', 'Philippines', 'South Africa', 'South Korea', 'United Arab Emirates', 'United Kingdom', 'United States']
2025-11-06 13:01:18,259 INFO: Country counts: {'United States': 11, 'India': 4, 'United Kingdom': 2, 'Australia': 2, 'Germany': 2, 'Finland': 1, 'Ecuador': 1, 'South Korea': 1, 'Hungary': 1, 'Pakistan': 1, 'Nigeria': 1, 'South Africa': 1, 'United Arab Emirates': 1, 'Czech Republic': 1, 'Philippines': 1, 'Netherlands': 1}
2025-11-06 13:03:55,617 INFO: Loaded 33 raw records
2025-11-06 13:03:55,628 INFO: After date filtering: 33 records
2025-11-06 13:03:55,660 INFO: Using Country column directly from CSV
2025-11-06 13:03:55,664 INFO: Processing complete: 33 records
2025-11-06 13:03:55,667 INFO: Countries found: ['Australia', 'Czech Republic', 'Ecuador', 'Finland', 'Germany', 'Hungary', 'India', 'Netherlands', 'Nigeria', 'Pakistan', 'Philippines', 'South Africa', 'South Korea', 'United Arab Emirates', 'United Kingdom', 'United States']
2025-11-06 13:03:55,669 INFO: Country counts: {'United States': 11, 'India': 4, 'United Kingdom': 2, 'Australia': 2, 'Germany': 2, 'South Africa': 2, 'Finland': 1, 'Ecuador': 1, 'South Korea': 1, 'Hungary': 1, 'Pakistan': 1, 'Nigeria': 1, 'United Arab Emirates': 1, 'Czech Republic': 1, 'Philippines': 1, 'Netherlands': 1}
2025-11-06 13:06:31,969 INFO: Loaded 34 raw records
2025-11-06 13:06:31,978 INFO: After date filtering: 34 records
2025-11-06 13:06:32,009 INFO: Using Country column directly from CSV
2025-11-06 13:06:32,012 INFO: Processing complete: 34 records
2025-11-06 13:06:32,014 INFO: Countries found: ['Australia', 'Czech Republic', 'Ecuador', 'Finland', 'Germany', 'Hungary', 'India', 'Netherlands', 'Nigeria', 'Pakistan', 'Philippines', 'South Africa', 'South Korea', 'United Arab Emirates', 'United Kingdom', 'United States']
2025-11-06 13:06:32,016 INFO: Country counts: {'United States': 11, 'India': 5, 'United Kingdom': 2, 'Australia': 2, 'Germany': 2, 'South Africa': 2, 'Finland': 1, 'Ecuador': 1, 'South Korea': 1, 'Hungary': 1, 'Pakistan': 1, 'Nigeria': 1, 'United Arab Emirates': 1, 'Czech Republic': 1, 'Philippines': 1, 'Netherlands': 1}
2025-11-06 13:08:10,924 INFO: Loaded 34 raw records
2025-11-06 13:08:10,938 INFO: After date filtering: 34 records
2025-11-06 13:08:10,971 INFO: Using Country column directly from CSV
2025-11-06 13:08:10,975 INFO: Processing complete: 34 records
2025-11-06 13:08:10,976 INFO: Countries found: ['Australia', 'Czech Republic', 'Ecuador', 'Finland', 'Germany', 'Hungary', 'India', 'Netherlands', 'Nigeria', 'Pakistan', 'Philippines', 'South Africa', 'South Korea', 'United Arab Emirates', 'United Kingdom', 'United States']
2025-11-06 13:08:10,977 INFO: Country counts: {'United States': 11, 'India': 5, 'United Kingdom': 2, 'Australia': 2, 'Germany': 2, 'South Africa': 2, 'Finland': 1, 'Ecuador': 1, 'South Korea': 1, 'Hungary': 1, 'Pakistan': 1, 'Nigeria': 1, 'United Arab Emirates': 1, 'Czech Republic': 1, 'Philippines': 1, 'Netherlands': 1}
2025-11-10 12:14:23,963 INFO: Loaded 34 raw records
2025-11-10 12:14:23,976 INFO: After date filtering: 34 records
2025-11-10 12:14:24,000 INFO: Using Country column directly from CSV
2025-11-10 12:14:24,002 INFO: Processing complete: 34 records
2025-11-10 12:14:24,004 INFO: Countries found: ['Australia', 'Czech Republic', 'Ecuador', 'Finland', 'Germany', 'Hungary', 'India', 'Netherlands', 'Nigeria', 'Pakistan', 'Philippines', 'South Africa', 'South Korea', 'United Arab Emirates', 'United Kingdom', 'United States']
2025-11-10 12:14:24,008 INFO: Country counts: {'United States': 11, 'India': 5, 'United Kingdom': 2, 'Australia': 2, 'Germany': 2, 'South Africa': 2, 'Finland': 1, 'Ecuador': 1, 'South Korea': 1, 'Hungary': 1, 'Pakistan': 1, 'Nigeria': 1, 'United Arab Emirates': 1, 'Czech Republic': 1, 'Philippines': 1, 'Netherlands': 1}
2025-11-11 13:51:11,005 INFO: Loaded 34 raw records
2025-11-11 13:51:11,029 INFO: After date filtering: 34 records
2025-11-11 13:51:11,069 INFO: Using Country column directly from CSV
2025-11-11 13:51:11,073 INFO: Processing complete: 34 records
2025-11-11 13:51:11,076 INFO: Countries found: ['Australia', 'Czech Republic', 'Ecuador', 'Finland', 'Germany', 'Hungary', 'India', 'Netherlands', 'Nigeria', 'Pakistan', 'Philippines', 'South Africa', 'South Korea', 'United Arab Emirates', 'United Kingdom', 'United States']
2025-11-11 13:51:11,082 INFO: Country counts: {'United States': 11, 'India': 5, 'United Kingdom': 2, 'Australia': 2, 'Germany': 2, 'South Africa': 2, 'Finland': 1, 'Ecuador': 1, 'South Korea': 1, 'Hungary': 1, 'Pakistan': 1, 'Nigeria': 1, 'United Arab Emirates': 1, 'Czech Republic': 1, 'Philippines': 1, 'Netherlands': 1}
2025-11-11 13:53:43,006 INFO: Loaded 35 raw records
2025-11-11 13:53:43,020 INFO: After date filtering: 35 records
2025-11-11 13:53:43,076 INFO: Using Country column directly from CSV
2025-11-11 13:53:43,082 INFO: Processing complete: 35 records
2025-11-11 13:53:43,084 INFO: Countries found: ['Australia', 'Czech Republic', 'Ecuador', 'Finland', 'Germany', 'Hungary', 'India', 'Netherlands', 'Nigeria', 'Pakistan', 'Philippines', 'South Africa', 'South Korea', 'United Arab Emirates', 'United Kingdom', 'United States']
2025-11-11 13:53:43,088 INFO: Country counts: {'United States': 12, 'India': 5, 'United Kingdom': 2, 'Australia': 2, 'Germany': 2, 'South Africa': 2, 'Finland': 1, 'Ecuador': 1, 'South Korea': 1, 'Hungary': 1, 'Pakistan': 1, 'Nigeria': 1, 'United Arab Emirates': 1, 'Czech Republic': 1, 'Philippines': 1, 'Netherlands': 1}
2025-11-16 22:02:02,737 ERROR: Add entry error: [Errno 13] Permission denied: 'Aivellum_Sales.xlsx'
2025-11-16 22:02:34,913 INFO: Loaded 35 raw records
2025-11-16 22:02:34,922 INFO: After date filtering: 35 records
2025-11-16 22:02:34,947 INFO: Using Country column directly from CSV
2025-11-16 22:02:34,949 INFO: Processing complete: 35 records
2025-11-16 22:02:34,951 INFO: Countries found: ['Australia', 'Czech Republic', 'Ecuador', 'Finland', 'Germany', 'Hungary', 'India', 'Netherlands', 'Nigeria', 'Pakistan', 'Philippines', 'South Africa', 'South Korea', 'United Arab Emirates', 'United Kingdom', 'United States']
2025-11-16 22:02:34,954 INFO: Country counts: {'United States': 12, 'India': 5, 'United Kingdom': 2, 'Australia': 2, 'Germany': 2, 'South Africa': 2, 'Finland': 1, 'Ecuador': 1, 'South Korea': 1, 'Hungary': 1, 'Pakistan': 1, 'Nigeria': 1, 'United Arab Emirates': 1, 'Czech Republic': 1, 'Philippines': 1, 'Netherlands': 1}
2025-11-16 22:02:42,092 INFO: Loaded 36 raw records
2025-11-16 22:02:42,104 INFO: After date filtering: 36 records
2025-11-16 22:02:42,163 INFO: Using Country column directly from CSV
2025-11-16 22:02:42,169 INFO: Processing complete: 36 records
2025-11-16 22:02:42,171 INFO: Countries found: ['Australia', 'Czech Republic', 'Ecuador', 'Finland', 'Germany', 'Hungary', 'India', 'Netherlands', 'Nigeria', 'Pakistan', 'Philippines', 'South Africa', 'South Korea', 'United Arab Emirates', 'United Kingdom', 'United States']
2025-11-16 22:02:42,173 INFO: Country counts: {'United States': 13, 'India': 5, 'United Kingdom': 2, 'Australia': 2, 'Germany': 2, 'South Africa': 2, 'Finland': 1, 'Ecuador': 1, 'South Korea': 1, 'Hungary': 1, 'Pakistan': 1, 'Nigeria': 1, 'United Arab Emirates': 1, 'Czech Republic': 1, 'Philippines': 1, 'Netherlands': 1}
2025-11-16 22:04:17,916 INFO: Loaded 36 raw records
2025-11-16 22:04:17,930 INFO: After date filtering: 36 records
2025-11-16 22:04:17,979 INFO: Using Country column directly from CSV
2025-11-16 22:04:17,982 INFO: Processing complete: 36 records
2025-11-16 22:04:17,984 INFO: Countries found: ['Australia', 'Czech Republic', 'Ecuador', 'Finland', 'Germany', 'Hungary', 'India', 'Netherlands', 'Nigeria', 'Pakistan', 'Philippines', 'South Africa', 'South Korea', 'United Arab Emirates', 'United Kingdom', 'United States']
2025-11-16 22:04:17,986 INFO: Country counts: {'United States': 13, 'India': 5, 'United Kingdom': 2, 'Australia': 2, 'Germany': 2, 'South Africa': 2, 'Finland': 1, 'Ecuador': 1, 'South Korea': 1, 'Hungary': 1, 'Pakistan': 1, 'Nigeria': 1, 'United Arab Emirates': 1, 'Czech Republic': 1, 'Philippines': 1, 'Netherlands': 1}
2025-11-17 11:08:50,760 INFO: Loaded 36 raw records
2025-11-17 11:08:50,775 INFO: After date filtering: 36 records
2025-11-17 11:08:50,819 INFO: Using Country column directly from CSV
2025-11-17 11:08:50,822 INFO: Processing complete: 36 records
2025-11-17 11:08:50,824 INFO: Countries found: ['Australia', 'Czech Republic', 'Ecuador', 'Finland', 'Germany', 'Hungary', 'India', 'Netherlands', 'Nigeria', 'Pakistan', 'Philippines', 'South Africa', 'South Korea', 'United Arab Emirates', 'United Kingdom', 'United States']
2025-11-17 11:08:50,828 INFO: Country counts: {'United States': 13, 'India': 5, 'United Kingdom': 2, 'Australia': 2, 'Germany': 2, 'South Africa': 2, 'Finland': 1, 'Ecuador': 1, 'South Korea': 1, 'Hungary': 1, 'Pakistan': 1, 'Nigeria': 1, 'United Arab Emirates': 1, 'Czech Republic': 1, 'Philippines': 1, 'Netherlands': 1}
2025-11-17 11:32:45,238 INFO: After platform filter: 6 records
2025-11-17 11:32:45,308 INFO: After platform filter: 6 records
2025-11-17 11:32:45,347 INFO: After platform filter: 6 records
2025-11-17 11:32:45,355 INFO: After platform filter: 6 records
2025-11-17 11:32:51,341 INFO: After platform filter: 6 records
2025-11-17 11:32:54,765 INFO: After platform filter: 6 records
2025-11-17 11:32:56,644 INFO: After platform filter: 6 records
2025-11-17 11:33:00,209 INFO: After platform filter: 6 records
2025-11-17 11:33:08,196 INFO: After platform filter: 6 records
2025-11-17 11:33:17,708 INFO: After platform filter: 6 records
2025-11-17 11:33:21,195 INFO: After platform filter: 6 records
2025-11-17 11:33:22,155 INFO: After platform filter: 6 records
2025-11-19 01:34:37,289 INFO: Loaded 37 raw records
2025-11-19 01:34:37,323 INFO: After date filtering: 37 records
2025-11-19 01:34:37,405 INFO: Using Country column directly from CSV
2025-11-19 01:34:37,411 INFO: Processing complete: 37 records
2025-11-19 01:34:37,413 INFO: Countries found: ['Australia', 'Czech Republic', 'Ecuador', 'Finland', 'Germany', 'Hungary', 'India', 'Netherlands', 'Nigeria', 'Pakistan', 'Philippines', 'South Africa', 'South Korea', 'United Arab Emirates', 'United Kingdom', 'United States']
2025-11-19 01:34:37,421 INFO: Country counts: {'United States': 13, 'India': 6, 'United Kingdom': 2, 'Australia': 2, 'Germany': 2, 'South Africa': 2, 'Finland': 1, 'Ecuador': 1, 'South Korea': 1, 'Hungary': 1, 'Pakistan': 1, 'Nigeria': 1, 'United Arab Emirates': 1, 'Czech Republic': 1, 'Philippines': 1, 'Netherlands': 1}
2025-11-19 01:38:24,408 INFO: Loaded 38 raw records
2025-11-19 01:38:24,422 INFO: After date filtering: 38 records
2025-11-19 01:38:24,479 INFO: Using Country column directly from CSV
2025-11-19 01:38:24,486 INFO: Processing complete: 38 records
2025-11-19 01:38:24,487 INFO: Countries found: ['Australia', 'Czech Republic', 'Ecuador', 'Finland', 'Germany', 'Hungary', 'India', 'Netherlands', 'Nigeria', 'Pakistan', 'Philippines', 'South Africa', 'South Korea', 'United Arab Emirates', 'United Kingdom', 'United States']
2025-11-19 01:38:24,491 INFO: Country counts: {'United States': 13, 'India': 6, 'United Kingdom': 3, 'Australia': 2, 'Germany': 2, 'South Africa': 2, 'Finland': 1, 'Ecuador': 1, 'South Korea': 1, 'Hungary': 1, 'Pakistan': 1, 'Nigeria': 1, 'United Arab Emirates': 1, 'Czech Republic': 1, 'Philippines': 1, 'Netherlands': 1}
2025-11-19 01:40:32,246 INFO: Loaded 38 raw records
2025-11-19 01:40:32,266 INFO: After date filtering: 38 records
2025-11-19 01:40:32,344 INFO: Using Country column directly from CSV
2025-11-19 01:40:32,351 INFO: Processing complete: 38 records
2025-11-19 01:40:32,354 INFO: Countries found: ['Australia', 'Czech Republic', 'Ecuador', 'Finland', 'Germany', 'Hungary', 'India', 'Netherlands', 'Nigeria', 'Pakistan', 'Philippines', 'South Africa', 'South Korea', 'United Arab Emirates', 'United Kingdom', 'United States']
2025-11-19 01:40:32,358 INFO: Country counts: {'United States': 13, 'India': 6, 'United Kingdom': 3, 'Australia': 2, 'Germany': 2, 'South Africa': 2, 'Finland': 1, 'Ecuador': 1, 'South Korea': 1, 'Hungary': 1, 'Pakistan': 1, 'Nigeria': 1, 'United Arab Emirates': 1, 'Czech Republic': 1, 'Philippines': 1, 'Netherlands': 1}
2025-11-20 00:27:01,609 INFO: Loaded 38 raw records [d:\AivellumPro\zReport5\app.py:250]
2025-11-20 00:27:01,620 INFO: After date filtering: 38 records [d:\AivellumPro\zReport5\app.py:262]
2025-11-20 00:27:01,632 INFO: Using Country column from data [d:\AivellumPro\zReport5\app.py:296]
2025-11-20 00:27:01,635 INFO: Processing complete: 38 records [d:\AivellumPro\zReport5\app.py:313]
2025-11-20 00:27:01,636 INFO: Countries: 16 unique [d:\AivellumPro\zReport5\app.py:314]
2025-11-20 00:27:01,637 INFO: Data loaded successfully: 38 records [d:\AivellumPro\zReport5\app.py:353]
2025-11-22 23:51:39,607 INFO: Loaded 38 raw records [d:\AivellumPro\zReport5\app.py:250]
2025-11-22 23:51:39,614 INFO: After date filtering: 38 records [d:\AivellumPro\zReport5\app.py:262]
2025-11-22 23:51:39,621 INFO: Using Country column from data [d:\AivellumPro\zReport5\app.py:296]
2025-11-22 23:51:39,623 INFO: Processing complete: 38 records [d:\AivellumPro\zReport5\app.py:313]
2025-11-22 23:51:39,623 INFO: Countries: 16 unique [d:\AivellumPro\zReport5\app.py:314]
2025-11-22 23:51:39,624 INFO: Data loaded successfully: 38 records [d:\AivellumPro\zReport5\app.py:353]
2025-11-23 01:17:32,355 INFO: Loaded 38 raw records [d:\AivellumPro\zReport5\app.py:272]
2025-11-23 01:17:32,363 INFO: After date filtering: 38 records [d:\AivellumPro\zReport5\app.py:284]
2025-11-23 01:17:32,377 INFO: Using Country column from data [d:\AivellumPro\zReport5\app.py:318]
2025-11-23 01:17:32,379 INFO: Processing complete: 38 records [d:\AivellumPro\zReport5\app.py:335]
2025-11-23 01:17:32,381 INFO: Countries: 16 unique [d:\AivellumPro\zReport5\app.py:336]
2025-11-23 01:17:32,382 INFO: Data loaded successfully: 38 records [d:\AivellumPro\zReport5\app.py:375]
2025-11-23 01:17:38,052 INFO: Filtered from 38 to 38 records [d:\AivellumPro\zReport5\app.py:423]
2025-11-23 01:17:38,052 INFO: Filtered from 38 to 38 records [d:\AivellumPro\zReport5\app.py:423]
2025-11-23 01:17:38,055 INFO: Filtered from 38 to 38 records [d:\AivellumPro\zReport5\app.py:423]
2025-11-23 01:17:38,065 INFO: Filtered from 38 to 38 records [d:\AivellumPro\zReport5\app.py:423]
2025-11-23 01:17:51,048 INFO: Filtered from 38 to 38 records [d:\AivellumPro\zReport5\app.py:423]
2025-11-23 01:17:51,076 INFO: Filtered from 38 to 38 records [d:\AivellumPro\zReport5\app.py:423]
2025-11-23 01:17:51,079 INFO: Filtered from 38 to 38 records [d:\AivellumPro\zReport5\app.py:423]
2025-11-23 01:17:51,081 INFO: Filtered from 38 to 38 records [d:\AivellumPro\zReport5\app.py:423]
2025-11-23 01:17:56,778 INFO: Filtered from 38 to 38 records [d:\AivellumPro\zReport5\app.py:423]
2025-11-23 01:18:01,812 INFO: Filtered from 38 to 38 records [d:\AivellumPro\zReport5\app.py:423]
2025-11-23 01:18:05,538 INFO: Filtered from 38 to 38 records [d:\AivellumPro\zReport5\app.py:423]
2025-11-23 01:18:12,266 INFO: Filtered from 38 to 38 records [d:\AivellumPro\zReport5\app.py:423]
2025-11-23 01:18:47,646 INFO: Applied platform filter: Play Store [d:\AivellumPro\zReport5\app.py:420]
2025-11-23 01:18:47,653 INFO: Filtered from 38 to 31 records [d:\AivellumPro\zReport5\app.py:423]
2025-11-23 01:18:47,678 INFO: Applied platform filter: Play Store [d:\AivellumPro\zReport5\app.py:420]
2025-11-23 01:18:47,680 INFO: Applied platform filter: Play Store [d:\AivellumPro\zReport5\app.py:420]
2025-11-23 01:18:47,684 INFO: Applied platform filter: Play Store [d:\AivellumPro\zReport5\app.py:420]
2025-11-23 01:18:47,689 INFO: Filtered from 38 to 31 records [d:\AivellumPro\zReport5\app.py:423]
2025-11-23 01:18:47,694 INFO: Filtered from 38 to 31 records [d:\AivellumPro\zReport5\app.py:423]
2025-11-23 01:18:47,699 INFO: Filtered from 38 to 31 records [d:\AivellumPro\zReport5\app.py:423]
2025-11-23 01:18:50,163 INFO: Applied platform filter: Play Store [d:\AivellumPro\zReport5\app.py:420]
2025-11-23 01:18:50,166 INFO: Filtered from 38 to 31 records [d:\AivellumPro\zReport5\app.py:423]
2025-11-23 01:18:50,747 INFO: Applied platform filter: Play Store [d:\AivellumPro\zReport5\app.py:420]
2025-11-23 01:18:50,750 INFO: Filtered from 38 to 31 records [d:\AivellumPro\zReport5\app.py:423]
2025-11-23 01:18:54,448 INFO: Applied platform filter: Play Store [d:\AivellumPro\zReport5\app.py:420]
2025-11-23 01:18:54,452 INFO: Filtered from 38 to 31 records [d:\AivellumPro\zReport5\app.py:423]
2025-11-23 01:19:07,237 INFO: Filtered from 38 to 38 records [d:\AivellumPro\zReport5\app.py:423]
2025-11-23 01:19:07,240 INFO: Filtered from 38 to 38 records [d:\AivellumPro\zReport5\app.py:423]
2025-11-23 01:19:07,241 INFO: Filtered from 38 to 38 records [d:\AivellumPro\zReport5\app.py:423]
2025-11-23 01:19:07,257 INFO: Filtered from 38 to 38 records [d:\AivellumPro\zReport5\app.py:423]
2025-11-23 01:19:12,105 INFO: Filtered from 38 to 38 records [d:\AivellumPro\zReport5\app.py:423]
2025-11-23 01:19:12,926 INFO: Filtered from 38 to 38 records [d:\AivellumPro\zReport5\app.py:423]
2025-11-23 01:19:19,372 INFO: Filtered from 38 to 38 records [d:\AivellumPro\zReport5\app.py:423]
2025-11-23 01:19:24,282 INFO: Filtered from 38 to 38 records [d:\AivellumPro\zReport5\app.py:423]
2025-11-23 01:19:26,592 INFO: Filtered from 38 to 38 records [d:\AivellumPro\zReport5\app.py:423]
2025-11-23 01:19:29,068 INFO: Filtered from 38 to 38 records [d:\AivellumPro\zReport5\app.py:423]
2025-11-23 01:19:51,018 INFO: Filtered from 38 to 38 records [d:\AivellumPro\zReport5\app.py:423]
2025-11-23 01:19:53,652 INFO: Filtered from 38 to 38 records [d:\AivellumPro\zReport5\app.py:423]
2025-11-23 01:20:00,307 INFO: Filtered from 38 to 38 records [d:\AivellumPro\zReport5\app.py:423]
2025-11-23 01:20:04,780 INFO: Filtered from 38 to 38 records [d:\AivellumPro\zReport5\app.py:423]
2025-11-23 01:20:04,786 INFO: Filtered from 38 to 38 records [d:\AivellumPro\zReport5\app.py:423]
2025-11-23 01:20:04,790 INFO: Filtered from 38 to 38 records [d:\AivellumPro\zReport5\app.py:423]
2025-11-23 01:20:04,813 INFO: Filtered from 38 to 38 records [d:\AivellumPro\zReport5\app.py:423]
2025-11-23 01:20:07,257 INFO: Filtered from 38 to 38 records [d:\AivellumPro\zReport5\app.py:423]
2025-11-23 01:20:11,711 INFO: Filtered from 38 to 38 records [d:\AivellumPro\zReport5\app.py:423]
2025-11-23 01:20:11,736 INFO: Filtered from 38 to 38 records [d:\AivellumPro\zReport5\app.py:423]
2025-11-23 01:20:11,756 INFO: Filtered from 38 to 38 records [d:\AivellumPro\zReport5\app.py:423]
2025-11-23 01:20:11,764 INFO: Filtered from 38 to 38 records [d:\AivellumPro\zReport5\app.py:423]
2025-11-23 01:20:18,230 INFO: Filtered from 38 to 38 records [d:\AivellumPro\zReport5\app.py:423]
2025-11-23 01:20:19,699 INFO: Filtered from 38 to 38 records [d:\AivellumPro\zReport5\app.py:423]
2025-11-23 01:20:27,557 INFO: Applied country filter: Australia [d:\AivellumPro\zReport5\app.py:416]
2025-11-23 01:20:27,560 INFO: Filtered from 38 to 2 records [d:\AivellumPro\zReport5\app.py:423]
2025-11-23 01:20:27,581 INFO: Applied country filter: Australia [d:\AivellumPro\zReport5\app.py:416]
2025-11-23 01:20:27,584 INFO: Applied country filter: Australia [d:\AivellumPro\zReport5\app.py:416]
2025-11-23 01:20:27,588 INFO: Filtered from 38 to 2 records [d:\AivellumPro\zReport5\app.py:423]
2025-11-23 01:20:27,590 INFO: Applied country filter: Australia [d:\AivellumPro\zReport5\app.py:416]
2025-11-23 01:20:27,594 INFO: Filtered from 38 to 2 records [d:\AivellumPro\zReport5\app.py:423]
2025-11-23 01:20:27,611 INFO: Filtered from 38 to 2 records [d:\AivellumPro\zReport5\app.py:423]
2025-11-23 01:20:29,890 INFO: Applied country filter: Ecuador [d:\AivellumPro\zReport5\app.py:416]
2025-11-23 01:20:29,894 INFO: Filtered from 38 to 1 records [d:\AivellumPro\zReport5\app.py:423]
2025-11-23 01:20:29,914 INFO: Applied country filter: Ecuador [d:\AivellumPro\zReport5\app.py:416]
2025-11-23 01:20:29,918 INFO: Applied country filter: Ecuador [d:\AivellumPro\zReport5\app.py:416]
2025-11-23 01:20:29,921 INFO: Applied country filter: Ecuador [d:\AivellumPro\zReport5\app.py:416]
2025-11-23 01:20:29,924 INFO: Filtered from 38 to 1 records [d:\AivellumPro\zReport5\app.py:423]
2025-11-23 01:20:29,927 INFO: Filtered from 38 to 1 records [d:\AivellumPro\zReport5\app.py:423]
2025-11-23 01:20:29,930 INFO: Filtered from 38 to 1 records [d:\AivellumPro\zReport5\app.py:423]
2025-11-23 01:20:33,058 INFO: Filtered from 38 to 38 records [d:\AivellumPro\zReport5\app.py:423]
2025-11-23 01:20:33,081 INFO: Filtered from 38 to 38 records [d:\AivellumPro\zReport5\app.py:423]
2025-11-23 01:20:33,085 INFO: Filtered from 38 to 38 records [d:\AivellumPro\zReport5\app.py:423]
2025-11-23 01:20:33,105 INFO: Filtered from 38 to 38 records [d:\AivellumPro\zReport5\app.py:423]
2025-11-23 01:20:35,641 INFO: Applied platform filter: Aivellum [d:\AivellumPro\zReport5\app.py:420]
2025-11-23 01:20:35,644 INFO: Filtered from 38 to 6 records [d:\AivellumPro\zReport5\app.py:423]
2025-11-23 01:20:35,663 INFO: Applied platform filter: Aivellum [d:\AivellumPro\zReport5\app.py:420]
2025-11-23 01:20:35,666 INFO: Applied platform filter: Aivellum [d:\AivellumPro\zReport5\app.py:420]
2025-11-23 01:20:35,669 INFO: Applied platform filter: Aivellum [d:\AivellumPro\zReport5\app.py:420]
2025-11-23 01:20:35,672 INFO: Filtered from 38 to 6 records [d:\AivellumPro\zReport5\app.py:423]
2025-11-23 01:20:35,677 INFO: Filtered from 38 to 6 records [d:\AivellumPro\zReport5\app.py:423]
2025-11-23 01:20:35,681 INFO: Filtered from 38 to 6 records [d:\AivellumPro\zReport5\app.py:423]
2025-11-23 01:20:40,210 INFO: Applied platform filter: Play Store [d:\AivellumPro\zReport5\app.py:420]
2025-11-23 01:20:40,213 INFO: Filtered from 38 to 31 records [d:\AivellumPro\zReport5\app.py:423]
2025-11-23 01:20:40,234 INFO: Applied platform filter: Play Store [d:\AivellumPro\zReport5\app.py:420]
2025-11-23 01:20:40,237 INFO: Applied platform filter: Play Store [d:\AivellumPro\zReport5\app.py:420]
2025-11-23 01:20:40,241 INFO: Applied platform filter: Play Store [d:\AivellumPro\zReport5\app.py:420]
2025-11-23 01:20:40,246 INFO: Filtered from 38 to 31 records [d:\AivellumPro\zReport5\app.py:423]
2025-11-23 01:20:40,249 INFO: Filtered from 38 to 31 records [d:\AivellumPro\zReport5\app.py:423]
2025-11-23 01:20:40,253 INFO: Filtered from 38 to 31 records [d:\AivellumPro\zReport5\app.py:423]
2025-11-23 01:20:42,811 INFO: Applied platform filter: Promotion [d:\AivellumPro\zReport5\app.py:420]
2025-11-23 01:20:42,816 INFO: Filtered from 38 to 1 records [d:\AivellumPro\zReport5\app.py:423]
2025-11-23 01:20:42,838 INFO: Applied platform filter: Promotion [d:\AivellumPro\zReport5\app.py:420]
2025-11-23 01:20:42,841 INFO: Applied platform filter: Promotion [d:\AivellumPro\zReport5\app.py:420]
2025-11-23 01:20:42,844 INFO: Applied platform filter: Promotion [d:\AivellumPro\zReport5\app.py:420]
2025-11-23 01:20:42,847 INFO: Filtered from 38 to 1 records [d:\AivellumPro\zReport5\app.py:423]
2025-11-23 01:20:42,852 INFO: Filtered from 38 to 1 records [d:\AivellumPro\zReport5\app.py:423]
2025-11-23 01:20:42,855 INFO: Filtered from 38 to 1 records [d:\AivellumPro\zReport5\app.py:423]
2025-11-23 01:20:45,019 INFO: Filtered from 38 to 38 records [d:\AivellumPro\zReport5\app.py:423]
2025-11-23 01:20:45,043 INFO: Filtered from 38 to 38 records [d:\AivellumPro\zReport5\app.py:423]
2025-11-23 01:20:45,048 INFO: Filtered from 38 to 38 records [d:\AivellumPro\zReport5\app.py:423]
2025-11-23 01:20:45,082 INFO: Filtered from 38 to 38 records [d:\AivellumPro\zReport5\app.py:423]
2025-11-23 01:21:35,570 INFO: Filtered from 38 to 38 records [d:\AivellumPro\zReport5\app.py:423]
2025-11-23 01:21:36,231 INFO: Filtered from 38 to 38 records [d:\AivellumPro\zReport5\app.py:423]
2025-11-23 01:21:36,759 INFO: Filtered from 38 to 38 records [d:\AivellumPro\zReport5\app.py:423]
2025-11-23 01:21:37,184 INFO: Filtered from 38 to 38 records [d:\AivellumPro\zReport5\app.py:423]
2025-11-23 01:22:23,014 INFO: Filtered from 38 to 38 records [d:\AivellumPro\zReport5\app.py:423]
2025-11-23 01:22:23,029 INFO: Filtered from 38 to 38 records [d:\AivellumPro\zReport5\app.py:423]
2025-11-23 01:22:23,037 INFO: Filtered from 38 to 38 records [d:\AivellumPro\zReport5\app.py:423]
2025-11-23 01:22:23,044 INFO: Filtered from 38 to 38 records [d:\AivellumPro\zReport5\app.py:423]
2025-11-23 01:22:32,325 INFO: Filtered from 38 to 38 records [d:\AivellumPro\zReport5\app.py:423]
2025-11-23 01:22:32,359 INFO: Filtered from 38 to 38 records [d:\AivellumPro\zReport5\app.py:423]
2025-11-23 01:22:32,359 INFO: Filtered from 38 to 38 records [d:\AivellumPro\zReport5\app.py:423]
2025-11-23 01:22:32,364 INFO: Filtered from 38 to 38 records [d:\AivellumPro\zReport5\app.py:423]
2025-11-23 01:23:15,783 INFO: Filtered from 38 to 38 records [d:\AivellumPro\zReport5\app.py:423]
2025-11-23 01:23:18,582 INFO: Filtered from 38 to 38 records [d:\AivellumPro\zReport5\app.py:423]
2025-11-23 01:23:18,597 INFO: Filtered from 38 to 38 records [d:\AivellumPro\zReport5\app.py:423]
2025-11-23 01:23:18,608 INFO: Filtered from 38 to 38 records [d:\AivellumPro\zReport5\app.py:423]
2025-11-23 01:23:18,614 INFO: Filtered from 38 to 38 records [d:\AivellumPro\zReport5\app.py:423]
2025-11-23 01:25:52,609 INFO: Loaded 38 raw records [d:\AivellumPro\zReport5\app.py:272]
2025-11-23 01:25:52,616 INFO: After date filtering: 38 records [d:\AivellumPro\zReport5\app.py:284]
2025-11-23 01:25:52,626 INFO: Using Country column from data [d:\AivellumPro\zReport5\app.py:318]
2025-11-23 01:25:52,628 INFO: Processing complete: 38 records [d:\AivellumPro\zReport5\app.py:335]
2025-11-23 01:25:52,629 INFO: Countries: 16 unique [d:\AivellumPro\zReport5\app.py:336]
2025-11-23 01:25:52,630 INFO: Data loaded successfully: 38 records [d:\AivellumPro\zReport5\app.py:375]
2025-11-23 01:25:59,327 INFO: Final filtered result: 38 records from 38 total [d:\AivellumPro\zReport5\app.py:416]
2025-11-23 01:25:59,334 INFO: Final filtered result: 38 records from 38 total [d:\AivellumPro\zReport5\app.py:416]
2025-11-23 01:25:59,336 INFO: Final filtered result: 38 records from 38 total [d:\AivellumPro\zReport5\app.py:416]
2025-11-23 01:25:59,336 INFO: Final filtered result: 38 records from 38 total [d:\AivellumPro\zReport5\app.py:416]
2025-11-23 01:26:06,703 INFO: Final filtered result: 38 records from 38 total [d:\AivellumPro\zReport5\app.py:416]
2025-11-23 01:26:06,721 INFO: Final filtered result: 38 records from 38 total [d:\AivellumPro\zReport5\app.py:416]
2025-11-23 01:26:06,730 INFO: Final filtered result: 38 records from 38 total [d:\AivellumPro\zReport5\app.py:416]
2025-11-23 01:26:06,739 INFO: Final filtered result: 38 records from 38 total [d:\AivellumPro\zReport5\app.py:416]
2025-11-23 01:26:18,880 INFO: Final filtered result: 38 records from 38 total [d:\AivellumPro\zReport5\app.py:416]
2025-11-23 01:26:18,908 INFO: Final filtered result: 38 records from 38 total [d:\AivellumPro\zReport5\app.py:416]
2025-11-23 01:26:18,910 INFO: Final filtered result: 38 records from 38 total [d:\AivellumPro\zReport5\app.py:416]
2025-11-23 01:26:18,911 INFO: Final filtered result: 38 records from 38 total [d:\AivellumPro\zReport5\app.py:416]
2025-11-23 01:26:22,919 INFO: Final filtered result: 38 records from 38 total [d:\AivellumPro\zReport5\app.py:416]
2025-11-23 01:28:03,435 INFO: Loaded 38 raw records [d:\AivellumPro\zReport5\app.py:272]
2025-11-23 01:28:03,448 INFO: After date filtering: 38 records [d:\AivellumPro\zReport5\app.py:284]
2025-11-23 01:28:03,464 INFO: Using Country column from data [d:\AivellumPro\zReport5\app.py:318]
2025-11-23 01:28:03,468 INFO: Processing complete: 38 records [d:\AivellumPro\zReport5\app.py:335]
2025-11-23 01:28:03,470 INFO: Countries: 16 unique [d:\AivellumPro\zReport5\app.py:336]
2025-11-23 01:28:03,472 INFO: Data loaded successfully: 38 records [d:\AivellumPro\zReport5\app.py:375]
2025-11-23 01:28:36,599 INFO: FILTER RESULT: 38 -> 38 records [d:\AivellumPro\zReport5\app.py:418]
2025-11-23 01:28:36,602 INFO: FILTER RESULT: 38 -> 38 records [d:\AivellumPro\zReport5\app.py:418]
2025-11-23 01:28:36,609 INFO: FILTER RESULT: 38 -> 38 records [d:\AivellumPro\zReport5\app.py:418]
2025-11-23 01:28:36,614 INFO: FILTER RESULT: 38 -> 38 records [d:\AivellumPro\zReport5\app.py:418]
2025-11-23 01:28:52,175 INFO: FILTER RESULT: 38 -> 38 records [d:\AivellumPro\zReport5\app.py:418]
2025-11-23 01:28:52,205 INFO: FILTER RESULT: 38 -> 38 records [d:\AivellumPro\zReport5\app.py:418]
2025-11-23 01:28:52,208 INFO: FILTER RESULT: 38 -> 38 records [d:\AivellumPro\zReport5\app.py:418]
2025-11-23 01:28:52,224 INFO: FILTER RESULT: 38 -> 38 records [d:\AivellumPro\zReport5\app.py:418]
2025-11-23 01:28:58,088 INFO: FILTER RESULT: 38 -> 38 records [d:\AivellumPro\zReport5\app.py:418]
2025-11-23 01:29:00,709 INFO: FILTER RESULT: 38 -> 38 records [d:\AivellumPro\zReport5\app.py:418]
2025-11-23 01:29:01,347 INFO: FILTER RESULT: 38 -> 38 records [d:\AivellumPro\zReport5\app.py:418]
2025-11-23 01:29:01,941 INFO: FILTER RESULT: 38 -> 38 records [d:\AivellumPro\zReport5\app.py:418]
2025-11-23 01:29:02,352 INFO: FILTER RESULT: 38 -> 38 records [d:\AivellumPro\zReport5\app.py:418]
2025-11-23 01:32:11,776 INFO: Loaded 38 raw records [d:\AivellumPro\zReport5\app.py:272]
2025-11-23 01:32:11,790 INFO: After date filtering: 38 records [d:\AivellumPro\zReport5\app.py:284]
2025-11-23 01:32:11,804 INFO: Using Country column from data [d:\AivellumPro\zReport5\app.py:318]
2025-11-23 01:32:11,809 INFO: Processing complete: 38 records [d:\AivellumPro\zReport5\app.py:335]
2025-11-23 01:32:11,811 INFO: Countries: 16 unique [d:\AivellumPro\zReport5\app.py:336]
2025-11-23 01:32:11,813 INFO: Data loaded successfully: 38 records [d:\AivellumPro\zReport5\app.py:375]
2025-11-23 01:32:17,673 INFO: FILTER RESULT: 38 -> 38 records [d:\AivellumPro\zReport5\app.py:418]
2025-11-23 01:32:17,676 INFO: FILTER RESULT: 38 -> 38 records [d:\AivellumPro\zReport5\app.py:418]
2025-11-23 01:32:17,683 INFO: FILTER RESULT: 38 -> 38 records [d:\AivellumPro\zReport5\app.py:418]
2025-11-23 01:32:17,694 INFO: FILTER RESULT: 38 -> 38 records [d:\AivellumPro\zReport5\app.py:418]
2025-11-23 01:32:28,450 INFO: FILTER RESULT: 38 -> 38 records [d:\AivellumPro\zReport5\app.py:418]
2025-11-23 01:32:28,476 INFO: FILTER RESULT: 38 -> 38 records [d:\AivellumPro\zReport5\app.py:418]
2025-11-23 01:32:28,478 INFO: FILTER RESULT: 38 -> 38 records [d:\AivellumPro\zReport5\app.py:418]
2025-11-23 01:32:28,491 INFO: FILTER RESULT: 38 -> 38 records [d:\AivellumPro\zReport5\app.py:418]
2025-11-23 01:32:38,474 INFO: FILTER RESULT: 38 -> 38 records [d:\AivellumPro\zReport5\app.py:418]
2025-11-23 01:32:38,494 INFO: FILTER RESULT: 38 -> 38 records [d:\AivellumPro\zReport5\app.py:418]
2025-11-23 01:32:38,496 INFO: FILTER RESULT: 38 -> 38 records [d:\AivellumPro\zReport5\app.py:418]
2025-11-23 01:32:38,513 INFO: FILTER RESULT: 38 -> 38 records [d:\AivellumPro\zReport5\app.py:418]
2025-11-23 01:32:43,106 INFO: FILTER RESULT: 38 -> 38 records [d:\AivellumPro\zReport5\app.py:418]
2025-11-23 01:32:45,126 INFO: FILTER RESULT: 38 -> 38 records [d:\AivellumPro\zReport5\app.py:418]
2025-11-23 01:36:30,281 INFO: Loaded 38 raw records [d:\AivellumPro\zReport5\app.py:272]
2025-11-23 01:36:30,289 INFO: After date filtering: 38 records [d:\AivellumPro\zReport5\app.py:284]
2025-11-23 01:36:30,300 INFO: Using Country column from data [d:\AivellumPro\zReport5\app.py:318]
2025-11-23 01:36:30,302 INFO: Processing complete: 38 records [d:\AivellumPro\zReport5\app.py:335]
2025-11-23 01:36:30,304 INFO: Countries: 16 unique [d:\AivellumPro\zReport5\app.py:336]
2025-11-23 01:36:30,305 INFO: Data loaded successfully: 38 records [d:\AivellumPro\zReport5\app.py:375]
2025-11-23 01:36:44,247 INFO: FILTER RESULT: 38 -> 38 records [d:\AivellumPro\zReport5\app.py:418]
2025-11-23 01:36:44,252 INFO: FILTER RESULT: 38 -> 38 records [d:\AivellumPro\zReport5\app.py:418]
2025-11-23 01:36:44,267 INFO: FILTER RESULT: 38 -> 38 records [d:\AivellumPro\zReport5\app.py:418]
2025-11-23 01:36:44,270 INFO: FILTER RESULT: 38 -> 38 records [d:\AivellumPro\zReport5\app.py:418]
2025-11-23 01:36:54,086 INFO: Start date 2025-10-13: 27 records [d:\AivellumPro\zReport5\app.py:401]
2025-11-23 01:36:54,092 INFO: End date 2025-11-19: 27 records [d:\AivellumPro\zReport5\app.py:406]
2025-11-23 01:36:54,095 INFO: FILTER RESULT: 38 -> 27 records [d:\AivellumPro\zReport5\app.py:418]
2025-11-23 01:36:54,118 INFO: Start date 2025-10-13: 27 records [d:\AivellumPro\zReport5\app.py:401]
2025-11-23 01:36:54,123 INFO: Start date 2025-10-13: 27 records [d:\AivellumPro\zReport5\app.py:401]
2025-11-23 01:36:54,127 INFO: End date 2025-11-19: 27 records [d:\AivellumPro\zReport5\app.py:406]
2025-11-23 01:36:54,130 INFO: Start date 2025-10-13: 27 records [d:\AivellumPro\zReport5\app.py:401]
2025-11-23 01:36:54,132 INFO: End date 2025-11-19: 27 records [d:\AivellumPro\zReport5\app.py:406]
2025-11-23 01:36:54,133 INFO: FILTER RESULT: 38 -> 27 records [d:\AivellumPro\zReport5\app.py:418]
2025-11-23 01:36:54,135 INFO: End date 2025-11-19: 27 records [d:\AivellumPro\zReport5\app.py:406]
2025-11-23 01:36:54,136 INFO: FILTER RESULT: 38 -> 27 records [d:\AivellumPro\zReport5\app.py:418]
2025-11-23 01:36:54,152 INFO: FILTER RESULT: 38 -> 27 records [d:\AivellumPro\zReport5\app.py:418]
2025-11-23 01:37:04,811 INFO: Start date 2025-11-06: 4 records [d:\AivellumPro\zReport5\app.py:401]
2025-11-23 01:37:04,814 INFO: End date 2025-11-19: 4 records [d:\AivellumPro\zReport5\app.py:406]
2025-11-23 01:37:04,816 INFO: FILTER RESULT: 38 -> 4 records [d:\AivellumPro\zReport5\app.py:418]
2025-11-23 01:37:04,837 INFO: Start date 2025-11-06: 4 records [d:\AivellumPro\zReport5\app.py:401]
2025-11-23 01:37:04,842 INFO: Start date 2025-11-06: 4 records [d:\AivellumPro\zReport5\app.py:401]
2025-11-23 01:37:04,846 INFO: Start date 2025-11-06: 4 records [d:\AivellumPro\zReport5\app.py:401]
2025-11-23 01:37:04,846 INFO: End date 2025-11-19: 4 records [d:\AivellumPro\zReport5\app.py:406]
2025-11-23 01:37:04,848 INFO: End date 2025-11-19: 4 records [d:\AivellumPro\zReport5\app.py:406]
2025-11-23 01:37:04,850 INFO: End date 2025-11-19: 4 records [d:\AivellumPro\zReport5\app.py:406]
2025-11-23 01:37:04,851 INFO: FILTER RESULT: 38 -> 4 records [d:\AivellumPro\zReport5\app.py:418]
2025-11-23 01:37:04,852 INFO: FILTER RESULT: 38 -> 4 records [d:\AivellumPro\zReport5\app.py:418]
2025-11-23 01:37:04,853 INFO: FILTER RESULT: 38 -> 4 records [d:\AivellumPro\zReport5\app.py:418]
2025-11-23 01:37:17,410 INFO: Start date 2025-09-04: 38 records [d:\AivellumPro\zReport5\app.py:401]
2025-11-23 01:37:17,413 INFO: End date 2025-11-23: 38 records [d:\AivellumPro\zReport5\app.py:406]
2025-11-23 01:37:17,415 INFO: FILTER RESULT: 38 -> 38 records [d:\AivellumPro\zReport5\app.py:418]
2025-11-23 01:37:17,431 INFO: Start date 2025-09-04: 38 records [d:\AivellumPro\zReport5\app.py:401]
2025-11-23 01:37:17,435 INFO: Start date 2025-09-04: 38 records [d:\AivellumPro\zReport5\app.py:401]
2025-11-23 01:37:17,438 INFO: End date 2025-11-23: 38 records [d:\AivellumPro\zReport5\app.py:406]
2025-11-23 01:37:17,443 INFO: Start date 2025-09-04: 38 records [d:\AivellumPro\zReport5\app.py:401]
2025-11-23 01:37:17,443 INFO: End date 2025-11-23: 38 records [d:\AivellumPro\zReport5\app.py:406]
2025-11-23 01:37:17,444 INFO: FILTER RESULT: 38 -> 38 records [d:\AivellumPro\zReport5\app.py:418]
2025-11-23 01:37:17,446 INFO: End date 2025-11-23: 38 records [d:\AivellumPro\zReport5\app.py:406]
2025-11-23 01:37:17,447 INFO: FILTER RESULT: 38 -> 38 records [d:\AivellumPro\zReport5\app.py:418]
2025-11-23 01:37:17,459 INFO: FILTER RESULT: 38 -> 38 records [d:\AivellumPro\zReport5\app.py:418]
2025-11-23 01:37:34,085 INFO: Start date 2025-10-21: 20 records [d:\AivellumPro\zReport5\app.py:401]
2025-11-23 01:37:34,089 INFO: End date 2025-11-23: 20 records [d:\AivellumPro\zReport5\app.py:406]
2025-11-23 01:37:34,094 INFO: FILTER RESULT: 38 -> 20 records [d:\AivellumPro\zReport5\app.py:418]
2025-11-23 01:37:34,121 INFO: Start date 2025-10-21: 20 records [d:\AivellumPro\zReport5\app.py:401]
2025-11-23 01:37:34,128 INFO: Start date 2025-10-21: 20 records [d:\AivellumPro\zReport5\app.py:401]
2025-11-23 01:37:34,131 INFO: Start date 2025-10-21: 20 records [d:\AivellumPro\zReport5\app.py:401]
2025-11-23 01:37:34,133 INFO: End date 2025-11-23: 20 records [d:\AivellumPro\zReport5\app.py:406]
2025-11-23 01:37:34,137 INFO: End date 2025-11-23: 20 records [d:\AivellumPro\zReport5\app.py:406]
2025-11-23 01:37:34,139 INFO: End date 2025-11-23: 20 records [d:\AivellumPro\zReport5\app.py:406]
2025-11-23 01:37:34,140 INFO: FILTER RESULT: 38 -> 20 records [d:\AivellumPro\zReport5\app.py:418]
2025-11-23 01:37:34,142 INFO: FILTER RESULT: 38 -> 20 records [d:\AivellumPro\zReport5\app.py:418]
2025-11-23 01:37:34,143 INFO: FILTER RESULT: 38 -> 20 records [d:\AivellumPro\zReport5\app.py:418]
2025-11-23 01:41:44,820 INFO: Start date 2025-10-21: 20 records [d:\AivellumPro\zReport5\app.py:401]
2025-11-23 01:41:44,823 INFO: End date 2025-11-23: 20 records [d:\AivellumPro\zReport5\app.py:406]
2025-11-23 01:41:44,824 INFO: FILTER RESULT: 38 -> 20 records [d:\AivellumPro\zReport5\app.py:418]
2025-11-23 01:41:44,911 INFO: Start date 2025-10-21: 20 records [d:\AivellumPro\zReport5\app.py:401]
2025-11-23 01:41:44,914 INFO: End date 2025-11-23: 20 records [d:\AivellumPro\zReport5\app.py:406]
2025-11-23 01:41:44,922 INFO: Start date 2025-10-21: 20 records [d:\AivellumPro\zReport5\app.py:401]
2025-11-23 01:41:44,924 INFO: Start date 2025-10-21: 20 records [d:\AivellumPro\zReport5\app.py:401]
2025-11-23 01:41:44,925 INFO: FILTER RESULT: 38 -> 20 records [d:\AivellumPro\zReport5\app.py:418]
2025-11-23 01:41:44,927 INFO: End date 2025-11-23: 20 records [d:\AivellumPro\zReport5\app.py:406]
2025-11-23 01:41:44,930 INFO: End date 2025-11-23: 20 records [d:\AivellumPro\zReport5\app.py:406]
2025-11-23 01:41:44,943 INFO: FILTER RESULT: 38 -> 20 records [d:\AivellumPro\zReport5\app.py:418]
2025-11-23 01:41:44,944 INFO: FILTER RESULT: 38 -> 20 records [d:\AivellumPro\zReport5\app.py:418]
2025-11-23 01:46:44,907 INFO: Start date 2025-10-21: 20 records [d:\AivellumPro\zReport5\app.py:401]
2025-11-23 01:46:44,913 INFO: End date 2025-11-23: 20 records [d:\AivellumPro\zReport5\app.py:406]
2025-11-23 01:46:44,915 INFO: FILTER RESULT: 38 -> 20 records [d:\AivellumPro\zReport5\app.py:418]
2025-11-23 01:46:45,048 INFO: Start date 2025-10-21: 20 records [d:\AivellumPro\zReport5\app.py:401]
2025-11-23 01:46:45,050 INFO: End date 2025-11-23: 20 records [d:\AivellumPro\zReport5\app.py:406]
2025-11-23 01:46:45,052 INFO: FILTER RESULT: 38 -> 20 records [d:\AivellumPro\zReport5\app.py:418]
2025-11-23 01:46:45,081 INFO: Start date 2025-10-21: 20 records [d:\AivellumPro\zReport5\app.py:401]
2025-11-23 01:46:45,087 INFO: Start date 2025-10-21: 20 records [d:\AivellumPro\zReport5\app.py:401]
2025-11-23 01:46:45,089 INFO: End date 2025-11-23: 20 records [d:\AivellumPro\zReport5\app.py:406]
2025-11-23 01:46:45,092 INFO: End date 2025-11-23: 20 records [d:\AivellumPro\zReport5\app.py:406]
2025-11-23 01:46:45,093 INFO: FILTER RESULT: 38 -> 20 records [d:\AivellumPro\zReport5\app.py:418]
2025-11-23 01:46:45,094 INFO: FILTER RESULT: 38 -> 20 records [d:\AivellumPro\zReport5\app.py:418]
2025-11-23 01:47:48,575 INFO: Loaded 38 raw records [d:\AivellumPro\zReport5\app.py:272]
2025-11-23 01:47:48,582 INFO: After date filtering: 38 records [d:\AivellumPro\zReport5\app.py:284]
2025-11-23 01:47:48,589 INFO: Using Country column from data [d:\AivellumPro\zReport5\app.py:318]
2025-11-23 01:47:48,591 INFO: Processing complete: 38 records [d:\AivellumPro\zReport5\app.py:335]
2025-11-23 01:47:48,593 INFO: Countries: 16 unique [d:\AivellumPro\zReport5\app.py:336]
2025-11-23 01:47:48,593 INFO: Data loaded successfully: 38 records [d:\AivellumPro\zReport5\app.py:375]
2025-11-23 01:47:53,774 INFO: FILTER RESULT: 38 -> 38 records [d:\AivellumPro\zReport5\app.py:418]
2025-11-23 01:47:53,780 INFO: FILTER RESULT: 38 -> 38 records [d:\AivellumPro\zReport5\app.py:418]
2025-11-23 01:47:53,784 INFO: FILTER RESULT: 38 -> 38 records [d:\AivellumPro\zReport5\app.py:418]
2025-11-23 01:47:53,813 INFO: FILTER RESULT: 38 -> 38 records [d:\AivellumPro\zReport5\app.py:418]
2025-11-23 01:47:58,937 INFO: Start date 2025-10-20: 21 records [d:\AivellumPro\zReport5\app.py:401]
2025-11-23 01:47:58,943 INFO: End date 2025-11-23: 21 records [d:\AivellumPro\zReport5\app.py:406]
2025-11-23 01:47:58,945 INFO: FILTER RESULT: 38 -> 21 records [d:\AivellumPro\zReport5\app.py:418]
2025-11-23 01:47:58,966 INFO: Start date 2025-10-20: 21 records [d:\AivellumPro\zReport5\app.py:401]
2025-11-23 01:47:58,968 INFO: Start date 2025-10-20: 21 records [d:\AivellumPro\zReport5\app.py:401]
2025-11-23 01:47:58,971 INFO: Start date 2025-10-20: 21 records [d:\AivellumPro\zReport5\app.py:401]
2025-11-23 01:47:58,972 INFO: End date 2025-11-23: 21 records [d:\AivellumPro\zReport5\app.py:406]
2025-11-23 01:47:58,975 INFO: End date 2025-11-23: 21 records [d:\AivellumPro\zReport5\app.py:406]
2025-11-23 01:47:58,977 INFO: End date 2025-11-23: 21 records [d:\AivellumPro\zReport5\app.py:406]
2025-11-23 01:47:58,977 INFO: FILTER RESULT: 38 -> 21 records [d:\AivellumPro\zReport5\app.py:418]
2025-11-23 01:47:58,978 INFO: FILTER RESULT: 38 -> 21 records [d:\AivellumPro\zReport5\app.py:418]
2025-11-23 01:47:58,979 INFO: FILTER RESULT: 38 -> 21 records [d:\AivellumPro\zReport5\app.py:418]
2025-11-23 01:48:02,805 INFO: FILTER RESULT: 38 -> 38 records [d:\AivellumPro\zReport5\app.py:418]
2025-11-23 01:48:02,814 INFO: FILTER RESULT: 38 -> 38 records [d:\AivellumPro\zReport5\app.py:418]
2025-11-23 01:48:02,819 INFO: FILTER RESULT: 38 -> 38 records [d:\AivellumPro\zReport5\app.py:418]
2025-11-23 01:48:02,823 INFO: FILTER RESULT: 38 -> 38 records [d:\AivellumPro\zReport5\app.py:418]
2025-11-23 01:48:07,463 INFO: Start date 2025-10-20: 21 records [d:\AivellumPro\zReport5\app.py:401]
2025-11-23 01:48:07,467 INFO: End date 2025-11-19: 21 records [d:\AivellumPro\zReport5\app.py:406]
2025-11-23 01:48:07,469 INFO: FILTER RESULT: 38 -> 21 records [d:\AivellumPro\zReport5\app.py:418]
2025-11-23 01:48:07,489 INFO: Start date 2025-10-20: 21 records [d:\AivellumPro\zReport5\app.py:401]
2025-11-23 01:48:07,491 INFO: Start date 2025-10-20: 21 records [d:\AivellumPro\zReport5\app.py:401]
2025-11-23 01:48:07,496 INFO: Start date 2025-10-20: 21 records [d:\AivellumPro\zReport5\app.py:401]
2025-11-23 01:48:07,497 INFO: End date 2025-11-19: 21 records [d:\AivellumPro\zReport5\app.py:406]
2025-11-23 01:48:07,499 INFO: End date 2025-11-19: 21 records [d:\AivellumPro\zReport5\app.py:406]
2025-11-23 01:48:07,502 INFO: End date 2025-11-19: 21 records [d:\AivellumPro\zReport5\app.py:406]
2025-11-23 01:48:07,503 INFO: FILTER RESULT: 38 -> 21 records [d:\AivellumPro\zReport5\app.py:418]
2025-11-23 01:48:07,504 INFO: FILTER RESULT: 38 -> 21 records [d:\AivellumPro\zReport5\app.py:418]
2025-11-23 01:48:07,505 INFO: FILTER RESULT: 38 -> 21 records [d:\AivellumPro\zReport5\app.py:418]
2025-11-23 01:48:18,482 INFO: Start date 2025-09-03: 38 records [d:\AivellumPro\zReport5\app.py:401]
2025-11-23 01:48:18,486 INFO: End date 2025-11-19: 38 records [d:\AivellumPro\zReport5\app.py:406]
2025-11-23 01:48:18,489 INFO: FILTER RESULT: 38 -> 38 records [d:\AivellumPro\zReport5\app.py:418]
2025-11-23 01:48:18,509 INFO: Start date 2025-09-03: 38 records [d:\AivellumPro\zReport5\app.py:401]
2025-11-23 01:48:18,514 INFO: Start date 2025-09-03: 38 records [d:\AivellumPro\zReport5\app.py:401]
2025-11-23 01:48:18,516 INFO: End date 2025-11-19: 38 records [d:\AivellumPro\zReport5\app.py:406]
2025-11-23 01:48:18,521 INFO: Start date 2025-09-03: 38 records [d:\AivellumPro\zReport5\app.py:401]
2025-11-23 01:48:18,523 INFO: End date 2025-11-19: 38 records [d:\AivellumPro\zReport5\app.py:406]
2025-11-23 01:48:18,524 INFO: FILTER RESULT: 38 -> 38 records [d:\AivellumPro\zReport5\app.py:418]
2025-11-23 01:48:18,526 INFO: End date 2025-11-19: 38 records [d:\AivellumPro\zReport5\app.py:406]
2025-11-23 01:48:18,527 INFO: FILTER RESULT: 38 -> 38 records [d:\AivellumPro\zReport5\app.py:418]
2025-11-23 01:48:18,541 INFO: FILTER RESULT: 38 -> 38 records [d:\AivellumPro\zReport5\app.py:418]
2025-11-23 01:48:29,716 INFO: Start date 2025-10-03: 38 records [d:\AivellumPro\zReport5\app.py:401]
2025-11-23 01:48:29,721 INFO: End date 2025-11-19: 38 records [d:\AivellumPro\zReport5\app.py:406]
2025-11-23 01:48:29,722 INFO: FILTER RESULT: 38 -> 38 records [d:\AivellumPro\zReport5\app.py:418]
2025-11-23 01:48:29,743 INFO: Start date 2025-10-03: 38 records [d:\AivellumPro\zReport5\app.py:401]
2025-11-23 01:48:29,743 INFO: Start date 2025-10-03: 38 records [d:\AivellumPro\zReport5\app.py:401]
2025-11-23 01:48:29,747 INFO: Start date 2025-10-03: 38 records [d:\AivellumPro\zReport5\app.py:401]
2025-11-23 01:48:29,749 INFO: End date 2025-11-19: 38 records [d:\AivellumPro\zReport5\app.py:406]
2025-11-23 01:48:29,751 INFO: End date 2025-11-19: 38 records [d:\AivellumPro\zReport5\app.py:406]
2025-11-23 01:48:29,753 INFO: End date 2025-11-19: 38 records [d:\AivellumPro\zReport5\app.py:406]
2025-11-23 01:48:29,754 INFO: FILTER RESULT: 38 -> 38 records [d:\AivellumPro\zReport5\app.py:418]
2025-11-23 01:48:29,755 INFO: FILTER RESULT: 38 -> 38 records [d:\AivellumPro\zReport5\app.py:418]
2025-11-23 01:48:29,756 INFO: FILTER RESULT: 38 -> 38 records [d:\AivellumPro\zReport5\app.py:418]
2025-11-23 01:48:36,168 INFO: Start date 2025-10-03: 38 records [d:\AivellumPro\zReport5\app.py:401]
2025-11-23 01:48:36,170 INFO: End date 2025-11-23: 38 records [d:\AivellumPro\zReport5\app.py:406]
2025-11-23 01:48:36,172 INFO: FILTER RESULT: 38 -> 38 records [d:\AivellumPro\zReport5\app.py:418]
2025-11-23 01:48:36,190 INFO: Start date 2025-10-03: 38 records [d:\AivellumPro\zReport5\app.py:401]
2025-11-23 01:48:36,193 INFO: Start date 2025-10-03: 38 records [d:\AivellumPro\zReport5\app.py:401]
2025-11-23 01:48:36,196 INFO: Start date 2025-10-03: 38 records [d:\AivellumPro\zReport5\app.py:401]
2025-11-23 01:48:36,198 INFO: End date 2025-11-23: 38 records [d:\AivellumPro\zReport5\app.py:406]
2025-11-23 01:48:36,200 INFO: End date 2025-11-23: 38 records [d:\AivellumPro\zReport5\app.py:406]
2025-11-23 01:48:36,202 INFO: End date 2025-11-23: 38 records [d:\AivellumPro\zReport5\app.py:406]
2025-11-23 01:48:36,203 INFO: FILTER RESULT: 38 -> 38 records [d:\AivellumPro\zReport5\app.py:418]
2025-11-23 01:48:36,204 INFO: FILTER RESULT: 38 -> 38 records [d:\AivellumPro\zReport5\app.py:418]
2025-11-23 01:48:36,205 INFO: FILTER RESULT: 38 -> 38 records [d:\AivellumPro\zReport5\app.py:418]
2025-11-23 01:50:02,985 INFO: Start date 2025-10-03: 38 records [d:\AivellumPro\zReport5\app.py:401]
2025-11-23 01:50:02,989 INFO: End date 2025-11-23: 38 records [d:\AivellumPro\zReport5\app.py:406]
2025-11-23 01:50:02,991 INFO: FILTER RESULT: 38 -> 38 records [d:\AivellumPro\zReport5\app.py:418]
2025-11-23 01:50:03,823 INFO: Start date 2025-10-03: 38 records [d:\AivellumPro\zReport5\app.py:401]
2025-11-23 01:50:03,826 INFO: End date 2025-11-23: 38 records [d:\AivellumPro\zReport5\app.py:406]
2025-11-23 01:50:03,830 INFO: FILTER RESULT: 38 -> 38 records [d:\AivellumPro\zReport5\app.py:418]
2025-11-23 01:50:04,375 INFO: Start date 2025-10-03: 38 records [d:\AivellumPro\zReport5\app.py:401]
2025-11-23 01:50:04,379 INFO: End date 2025-11-23: 38 records [d:\AivellumPro\zReport5\app.py:406]
2025-11-23 01:50:04,381 INFO: FILTER RESULT: 38 -> 38 records [d:\AivellumPro\zReport5\app.py:418]
2025-11-23 01:50:05,594 INFO: Start date 2025-10-03: 38 records [d:\AivellumPro\zReport5\app.py:401]
2025-11-23 01:50:05,597 INFO: End date 2025-11-23: 38 records [d:\AivellumPro\zReport5\app.py:406]
2025-11-23 01:50:05,597 INFO: FILTER RESULT: 38 -> 38 records [d:\AivellumPro\zReport5\app.py:418]
2025-11-23 01:50:28,775 INFO: Start date 2025-10-03: 38 records [d:\AivellumPro\zReport5\app.py:401]
2025-11-23 01:50:28,779 INFO: End date 2025-11-23: 38 records [d:\AivellumPro\zReport5\app.py:406]
2025-11-23 01:50:28,781 INFO: FILTER RESULT: 38 -> 38 records [d:\AivellumPro\zReport5\app.py:418]
2025-11-23 01:50:29,469 INFO: Start date 2025-10-03: 38 records [d:\AivellumPro\zReport5\app.py:401]
2025-11-23 01:50:29,472 INFO: End date 2025-11-23: 38 records [d:\AivellumPro\zReport5\app.py:406]
2025-11-23 01:50:29,474 INFO: FILTER RESULT: 38 -> 38 records [d:\AivellumPro\zReport5\app.py:418]
2025-11-23 01:50:29,994 INFO: Start date 2025-10-03: 38 records [d:\AivellumPro\zReport5\app.py:401]
2025-11-23 01:50:29,997 INFO: End date 2025-11-23: 38 records [d:\AivellumPro\zReport5\app.py:406]
2025-11-23 01:50:29,999 INFO: FILTER RESULT: 38 -> 38 records [d:\AivellumPro\zReport5\app.py:418]
2025-11-23 01:50:30,875 INFO: FILTER RESULT: 38 -> 38 records [d:\AivellumPro\zReport5\app.py:418]
2025-11-23 01:50:46,636 INFO: Loaded 38 raw records [d:\AivellumPro\zReport5\app.py:272]
2025-11-23 01:50:46,642 INFO: After date filtering: 38 records [d:\AivellumPro\zReport5\app.py:284]
2025-11-23 01:50:46,652 INFO: Using Country column from data [d:\AivellumPro\zReport5\app.py:318]
2025-11-23 01:50:46,655 INFO: Processing complete: 38 records [d:\AivellumPro\zReport5\app.py:335]
2025-11-23 01:50:46,656 INFO: Countries: 16 unique [d:\AivellumPro\zReport5\app.py:336]
2025-11-23 01:50:46,656 INFO: Data loaded successfully: 38 records [d:\AivellumPro\zReport5\app.py:375]
2025-11-23 01:50:55,261 INFO: FILTER RESULT: 38 -> 38 records [d:\AivellumPro\zReport5\app.py:418]
2025-11-23 01:50:55,266 INFO: FILTER RESULT: 38 -> 38 records [d:\AivellumPro\zReport5\app.py:418]
2025-11-23 01:50:55,276 INFO: FILTER RESULT: 38 -> 38 records [d:\AivellumPro\zReport5\app.py:418]
2025-11-23 01:50:55,288 INFO: FILTER RESULT: 38 -> 38 records [d:\AivellumPro\zReport5\app.py:418]
2025-11-23 01:51:00,202 INFO: Start date 2025-11-21: 0 records [d:\AivellumPro\zReport5\app.py:401]
2025-11-23 01:51:00,205 INFO: End date 2025-11-22: 0 records [d:\AivellumPro\zReport5\app.py:406]
2025-11-23 01:51:00,207 INFO: FILTER RESULT: 38 -> 0 records [d:\AivellumPro\zReport5\app.py:418]
2025-11-23 01:51:00,233 INFO: Start date 2025-11-21: 0 records [d:\AivellumPro\zReport5\app.py:401]
2025-11-23 01:51:00,240 INFO: Start date 2025-11-21: 0 records [d:\AivellumPro\zReport5\app.py:401]
2025-11-23 01:51:00,246 INFO: End date 2025-11-22: 0 records [d:\AivellumPro\zReport5\app.py:406]
2025-11-23 01:51:00,254 INFO: Start date 2025-11-21: 0 records [d:\AivellumPro\zReport5\app.py:401]
2025-11-23 01:51:00,259 INFO: End date 2025-11-22: 0 records [d:\AivellumPro\zReport5\app.py:406]
2025-11-23 01:51:00,261 INFO: FILTER RESULT: 38 -> 0 records [d:\AivellumPro\zReport5\app.py:418]
2025-11-23 01:51:00,265 INFO: End date 2025-11-22: 0 records [d:\AivellumPro\zReport5\app.py:406]
2025-11-23 01:51:00,266 INFO: FILTER RESULT: 38 -> 0 records [d:\AivellumPro\zReport5\app.py:418]
2025-11-23 01:51:00,270 INFO: FILTER RESULT: 38 -> 0 records [d:\AivellumPro\zReport5\app.py:418]
2025-11-23 01:51:02,142 INFO: Start date 2025-11-15: 3 records [d:\AivellumPro\zReport5\app.py:401]
2025-11-23 01:51:02,145 INFO: End date 2025-11-22: 3 records [d:\AivellumPro\zReport5\app.py:406]
2025-11-23 01:51:02,147 INFO: FILTER RESULT: 38 -> 3 records [d:\AivellumPro\zReport5\app.py:418]
2025-11-23 01:51:02,169 INFO: Start date 2025-11-15: 3 records [d:\AivellumPro\zReport5\app.py:401]
2025-11-23 01:51:02,176 INFO: Start date 2025-11-15: 3 records [d:\AivellumPro\zReport5\app.py:401]
2025-11-23 01:51:02,179 INFO: End date 2025-11-22: 3 records [d:\AivellumPro\zReport5\app.py:406]
2025-11-23 01:51:02,185 INFO: End date 2025-11-22: 3 records [d:\AivellumPro\zReport5\app.py:406]
2025-11-23 01:51:02,189 INFO: Start date 2025-11-15: 3 records [d:\AivellumPro\zReport5\app.py:401]
2025-11-23 01:51:02,190 INFO: FILTER RESULT: 38 -> 3 records [d:\AivellumPro\zReport5\app.py:418]
2025-11-23 01:51:02,192 INFO: FILTER RESULT: 38 -> 3 records [d:\AivellumPro\zReport5\app.py:418]
2025-11-23 01:51:02,196 INFO: End date 2025-11-22: 3 records [d:\AivellumPro\zReport5\app.py:406]
2025-11-23 01:51:02,224 INFO: FILTER RESULT: 38 -> 3 records [d:\AivellumPro\zReport5\app.py:418]
2025-11-23 01:51:06,126 INFO: Start date 2025-10-23: 19 records [d:\AivellumPro\zReport5\app.py:401]
2025-11-23 01:51:06,129 INFO: End date 2025-11-22: 19 records [d:\AivellumPro\zReport5\app.py:406]
2025-11-23 01:51:06,130 INFO: FILTER RESULT: 38 -> 19 records [d:\AivellumPro\zReport5\app.py:418]
2025-11-23 01:51:06,151 INFO: Start date 2025-10-23: 19 records [d:\AivellumPro\zReport5\app.py:401]
2025-11-23 01:51:06,156 INFO: Start date 2025-10-23: 19 records [d:\AivellumPro\zReport5\app.py:401]
2025-11-23 01:51:06,161 INFO: Start date 2025-10-23: 19 records [d:\AivellumPro\zReport5\app.py:401]
2025-11-23 01:51:06,163 INFO: End date 2025-11-22: 19 records [d:\AivellumPro\zReport5\app.py:406]
2025-11-23 01:51:06,165 INFO: End date 2025-11-22: 19 records [d:\AivellumPro\zReport5\app.py:406]
2025-11-23 01:51:06,167 INFO: End date 2025-11-22: 19 records [d:\AivellumPro\zReport5\app.py:406]
2025-11-23 01:51:06,168 INFO: FILTER RESULT: 38 -> 19 records [d:\AivellumPro\zReport5\app.py:418]
2025-11-23 01:51:06,168 INFO: FILTER RESULT: 38 -> 19 records [d:\AivellumPro\zReport5\app.py:418]
2025-11-23 01:51:06,170 INFO: FILTER RESULT: 38 -> 19 records [d:\AivellumPro\zReport5\app.py:418]
2025-11-23 01:51:10,086 INFO: Start date 2025-10-31: 8 records [d:\AivellumPro\zReport5\app.py:401]
2025-11-23 01:51:10,090 INFO: End date 2025-11-22: 8 records [d:\AivellumPro\zReport5\app.py:406]
2025-11-23 01:51:10,092 INFO: FILTER RESULT: 38 -> 8 records [d:\AivellumPro\zReport5\app.py:418]
2025-11-23 01:51:10,114 INFO: Start date 2025-10-31: 8 records [d:\AivellumPro\zReport5\app.py:401]
2025-11-23 01:51:10,121 INFO: Start date 2025-10-31: 8 records [d:\AivellumPro\zReport5\app.py:401]
2025-11-23 01:51:10,127 INFO: Start date 2025-10-31: 8 records [d:\AivellumPro\zReport5\app.py:401]
2025-11-23 01:51:10,129 INFO: End date 2025-11-22: 8 records [d:\AivellumPro\zReport5\app.py:406]
2025-11-23 01:51:10,132 INFO: End date 2025-11-22: 8 records [d:\AivellumPro\zReport5\app.py:406]
2025-11-23 01:51:10,137 INFO: End date 2025-11-22: 8 records [d:\AivellumPro\zReport5\app.py:406]
2025-11-23 01:51:10,137 INFO: FILTER RESULT: 38 -> 8 records [d:\AivellumPro\zReport5\app.py:418]
2025-11-23 01:51:10,140 INFO: FILTER RESULT: 38 -> 8 records [d:\AivellumPro\zReport5\app.py:418]
2025-11-23 01:51:10,141 INFO: FILTER RESULT: 38 -> 8 records [d:\AivellumPro\zReport5\app.py:418]
2025-11-23 01:51:13,694 INFO: Start date 2025-10-23: 19 records [d:\AivellumPro\zReport5\app.py:401]
2025-11-23 01:51:13,697 INFO: End date 2025-11-22: 19 records [d:\AivellumPro\zReport5\app.py:406]
2025-11-23 01:51:13,699 INFO: FILTER RESULT: 38 -> 19 records [d:\AivellumPro\zReport5\app.py:418]
2025-11-23 01:51:13,728 INFO: Start date 2025-10-23: 19 records [d:\AivellumPro\zReport5\app.py:401]
2025-11-23 01:51:13,737 INFO: Start date 2025-10-23: 19 records [d:\AivellumPro\zReport5\app.py:401]
2025-11-23 01:51:13,743 INFO: Start date 2025-10-23: 19 records [d:\AivellumPro\zReport5\app.py:401]
2025-11-23 01:51:13,745 INFO: End date 2025-11-22: 19 records [d:\AivellumPro\zReport5\app.py:406]
2025-11-23 01:51:13,748 INFO: End date 2025-11-22: 19 records [d:\AivellumPro\zReport5\app.py:406]
2025-11-23 01:51:13,751 INFO: End date 2025-11-22: 19 records [d:\AivellumPro\zReport5\app.py:406]
2025-11-23 01:51:13,752 INFO: FILTER RESULT: 38 -> 19 records [d:\AivellumPro\zReport5\app.py:418]
2025-11-23 01:51:13,754 INFO: FILTER RESULT: 38 -> 19 records [d:\AivellumPro\zReport5\app.py:418]
2025-11-23 01:51:13,756 INFO: FILTER RESULT: 38 -> 19 records [d:\AivellumPro\zReport5\app.py:418]
2025-11-23 01:51:16,161 INFO: Start date 2025-10-31: 8 records [d:\AivellumPro\zReport5\app.py:401]
2025-11-23 01:51:16,163 INFO: End date 2025-11-22: 8 records [d:\AivellumPro\zReport5\app.py:406]
2025-11-23 01:51:16,165 INFO: FILTER RESULT: 38 -> 8 records [d:\AivellumPro\zReport5\app.py:418]
2025-11-23 01:51:16,185 INFO: Start date 2025-10-31: 8 records [d:\AivellumPro\zReport5\app.py:401]
2025-11-23 01:51:16,189 INFO: Start date 2025-10-31: 8 records [d:\AivellumPro\zReport5\app.py:401]
2025-11-23 01:51:16,192 INFO: End date 2025-11-22: 8 records [d:\AivellumPro\zReport5\app.py:406]
2025-11-23 01:51:16,195 INFO: Start date 2025-10-31: 8 records [d:\AivellumPro\zReport5\app.py:401]
2025-11-23 01:51:16,197 INFO: End date 2025-11-22: 8 records [d:\AivellumPro\zReport5\app.py:406]
2025-11-23 01:51:16,198 INFO: FILTER RESULT: 38 -> 8 records [d:\AivellumPro\zReport5\app.py:418]
2025-11-23 01:51:16,200 INFO: End date 2025-11-22: 8 records [d:\AivellumPro\zReport5\app.py:406]
2025-11-23 01:51:16,201 INFO: FILTER RESULT: 38 -> 8 records [d:\AivellumPro\zReport5\app.py:418]
2025-11-23 01:51:16,214 INFO: FILTER RESULT: 38 -> 8 records [d:\AivellumPro\zReport5\app.py:418]
2025-11-23 01:51:32,237 INFO: Start date 2025-10-31: 8 records [d:\AivellumPro\zReport5\app.py:401]
2025-11-23 01:51:32,240 INFO: End date 2025-11-22: 8 records [d:\AivellumPro\zReport5\app.py:406]
2025-11-23 01:51:32,243 INFO: Platform Aivellum: 0 records [d:\AivellumPro\zReport5\app.py:416]
2025-11-23 01:51:32,245 INFO: FILTER RESULT: 38 -> 0 records [d:\AivellumPro\zReport5\app.py:418]
2025-11-23 01:51:32,263 INFO: Start date 2025-10-31: 8 records [d:\AivellumPro\zReport5\app.py:401]
2025-11-23 01:51:32,269 INFO: Start date 2025-10-31: 8 records [d:\AivellumPro\zReport5\app.py:401]
2025-11-23 01:51:32,273 INFO: End date 2025-11-22: 8 records [d:\AivellumPro\zReport5\app.py:406]
2025-11-23 01:51:32,278 INFO: Start date 2025-10-31: 8 records [d:\AivellumPro\zReport5\app.py:401]
2025-11-23 01:51:32,280 INFO: End date 2025-11-22: 8 records [d:\AivellumPro\zReport5\app.py:406]
2025-11-23 01:51:32,282 INFO: Platform Aivellum: 0 records [d:\AivellumPro\zReport5\app.py:416]
2025-11-23 01:51:32,286 INFO: End date 2025-11-22: 8 records [d:\AivellumPro\zReport5\app.py:406]
2025-11-23 01:51:32,289 INFO: Platform Aivellum: 0 records [d:\AivellumPro\zReport5\app.py:416]
2025-11-23 01:51:32,291 INFO: FILTER RESULT: 38 -> 0 records [d:\AivellumPro\zReport5\app.py:418]
2025-11-23 01:51:32,296 INFO: Platform Aivellum: 0 records [d:\AivellumPro\zReport5\app.py:416]
2025-11-23 01:51:32,296 INFO: FILTER RESULT: 38 -> 0 records [d:\AivellumPro\zReport5\app.py:418]
2025-11-23 01:51:32,301 INFO: FILTER RESULT: 38 -> 0 records [d:\AivellumPro\zReport5\app.py:418]
2025-11-23 01:51:34,876 INFO: Start date 2025-10-31: 8 records [d:\AivellumPro\zReport5\app.py:401]
2025-11-23 01:51:34,879 INFO: End date 2025-11-22: 8 records [d:\AivellumPro\zReport5\app.py:406]
2025-11-23 01:51:34,882 INFO: Platform Play Store: 7 records [d:\AivellumPro\zReport5\app.py:416]
2025-11-23 01:51:34,884 INFO: FILTER RESULT: 38 -> 7 records [d:\AivellumPro\zReport5\app.py:418]
2025-11-23 01:51:34,912 INFO: Start date 2025-10-31: 8 records [d:\AivellumPro\zReport5\app.py:401]
2025-11-23 01:51:34,916 INFO: Start date 2025-10-31: 8 records [d:\AivellumPro\zReport5\app.py:401]
2025-11-23 01:51:34,924 INFO: Start date 2025-10-31: 8 records [d:\AivellumPro\zReport5\app.py:401]
2025-11-23 01:51:34,927 INFO: End date 2025-11-22: 8 records [d:\AivellumPro\zReport5\app.py:406]
2025-11-23 01:51:34,930 INFO: End date 2025-11-22: 8 records [d:\AivellumPro\zReport5\app.py:406]
2025-11-23 01:51:34,934 INFO: End date 2025-11-22: 8 records [d:\AivellumPro\zReport5\app.py:406]
2025-11-23 01:51:34,939 INFO: Platform Play Store: 7 records [d:\AivellumPro\zReport5\app.py:416]
2025-11-23 01:51:34,942 INFO: Platform Play Store: 7 records [d:\AivellumPro\zReport5\app.py:416]
2025-11-23 01:51:34,945 INFO: Platform Play Store: 7 records [d:\AivellumPro\zReport5\app.py:416]
2025-11-23 01:51:34,947 INFO: FILTER RESULT: 38 -> 7 records [d:\AivellumPro\zReport5\app.py:418]
2025-11-23 01:51:34,948 INFO: FILTER RESULT: 38 -> 7 records [d:\AivellumPro\zReport5\app.py:418]
2025-11-23 01:51:34,949 INFO: FILTER RESULT: 38 -> 7 records [d:\AivellumPro\zReport5\app.py:418]
2025-11-23 01:51:39,468 INFO: Start date 2025-10-31: 8 records [d:\AivellumPro\zReport5\app.py:401]
2025-11-23 01:51:39,473 INFO: End date 2025-11-22: 8 records [d:\AivellumPro\zReport5\app.py:406]
2025-11-23 01:51:39,475 INFO: Platform Promotion: 1 records [d:\AivellumPro\zReport5\app.py:416]
2025-11-23 01:51:39,477 INFO: FILTER RESULT: 38 -> 1 records [d:\AivellumPro\zReport5\app.py:418]
2025-11-23 01:51:39,504 INFO: Start date 2025-10-31: 8 records [d:\AivellumPro\zReport5\app.py:401]
2025-11-23 01:51:39,511 INFO: Start date 2025-10-31: 8 records [d:\AivellumPro\zReport5\app.py:401]
2025-11-23 01:51:39,515 INFO: End date 2025-11-22: 8 records [d:\AivellumPro\zReport5\app.py:406]
2025-11-23 01:51:39,522 INFO: Start date 2025-10-31: 8 records [d:\AivellumPro\zReport5\app.py:401]
2025-11-23 01:51:39,524 INFO: End date 2025-11-22: 8 records [d:\AivellumPro\zReport5\app.py:406]
2025-11-23 01:51:39,527 INFO: Platform Promotion: 1 records [d:\AivellumPro\zReport5\app.py:416]
2025-11-23 01:51:39,531 INFO: End date 2025-11-22: 8 records [d:\AivellumPro\zReport5\app.py:406]
2025-11-23 01:51:39,535 INFO: Platform Promotion: 1 records [d:\AivellumPro\zReport5\app.py:416]
2025-11-23 01:51:39,537 INFO: FILTER RESULT: 38 -> 1 records [d:\AivellumPro\zReport5\app.py:418]
2025-11-23 01:51:39,541 INFO: Platform Promotion: 1 records [d:\AivellumPro\zReport5\app.py:416]
2025-11-23 01:51:39,542 INFO: FILTER RESULT: 38 -> 1 records [d:\AivellumPro\zReport5\app.py:418]
2025-11-23 01:51:39,560 INFO: FILTER RESULT: 38 -> 1 records [d:\AivellumPro\zReport5\app.py:418]
2025-11-23 01:51:41,717 INFO: Start date 2025-10-31: 8 records [d:\AivellumPro\zReport5\app.py:401]
2025-11-23 01:51:41,720 INFO: End date 2025-11-22: 8 records [d:\AivellumPro\zReport5\app.py:406]
2025-11-23 01:51:41,721 INFO: FILTER RESULT: 38 -> 8 records [d:\AivellumPro\zReport5\app.py:418]
2025-11-23 01:51:41,746 INFO: Start date 2025-10-31: 8 records [d:\AivellumPro\zReport5\app.py:401]
2025-11-23 01:51:41,752 INFO: Start date 2025-10-31: 8 records [d:\AivellumPro\zReport5\app.py:401]
2025-11-23 01:51:41,756 INFO: End date 2025-11-22: 8 records [d:\AivellumPro\zReport5\app.py:406]
2025-11-23 01:51:41,759 INFO: Start date 2025-10-31: 8 records [d:\AivellumPro\zReport5\app.py:401]
2025-11-23 01:51:41,762 INFO: End date 2025-11-22: 8 records [d:\AivellumPro\zReport5\app.py:406]
2025-11-23 01:51:41,763 INFO: FILTER RESULT: 38 -> 8 records [d:\AivellumPro\zReport5\app.py:418]
2025-11-23 01:51:41,768 INFO: End date 2025-11-22: 8 records [d:\AivellumPro\zReport5\app.py:406]
2025-11-23 01:51:41,769 INFO: FILTER RESULT: 38 -> 8 records [d:\AivellumPro\zReport5\app.py:418]
2025-11-23 01:51:41,787 INFO: FILTER RESULT: 38 -> 8 records [d:\AivellumPro\zReport5\app.py:418]
2025-11-23 01:51:43,628 INFO: Start date 2025-10-31: 8 records [d:\AivellumPro\zReport5\app.py:401]
2025-11-23 01:51:43,631 INFO: End date 2025-11-22: 8 records [d:\AivellumPro\zReport5\app.py:406]
2025-11-23 01:51:43,633 INFO: FILTER RESULT: 38 -> 8 records [d:\AivellumPro\zReport5\app.py:418]
2025-11-23 01:51:43,666 INFO: Start date 2025-10-31: 8 records [d:\AivellumPro\zReport5\app.py:401]
2025-11-23 01:51:43,673 INFO: Start date 2025-10-31: 8 records [d:\AivellumPro\zReport5\app.py:401]
2025-11-23 01:51:43,677 INFO: End date 2025-11-22: 8 records [d:\AivellumPro\zReport5\app.py:406]
2025-11-23 01:51:43,682 INFO: Start date 2025-10-31: 8 records [d:\AivellumPro\zReport5\app.py:401]
2025-11-23 01:51:43,684 INFO: End date 2025-11-22: 8 records [d:\AivellumPro\zReport5\app.py:406]
2025-11-23 01:51:43,685 INFO: FILTER RESULT: 38 -> 8 records [d:\AivellumPro\zReport5\app.py:418]
2025-11-23 01:51:43,689 INFO: End date 2025-11-22: 8 records [d:\AivellumPro\zReport5\app.py:406]
2025-11-23 01:51:43,690 INFO: FILTER RESULT: 38 -> 8 records [d:\AivellumPro\zReport5\app.py:418]
2025-11-23 01:51:43,706 INFO: FILTER RESULT: 38 -> 8 records [d:\AivellumPro\zReport5\app.py:418]
2025-11-23 01:51:44,392 INFO: Start date 2025-09-30: 38 records [d:\AivellumPro\zReport5\app.py:401]
2025-11-23 01:51:44,395 INFO: End date 2025-10-30: 30 records [d:\AivellumPro\zReport5\app.py:406]
2025-11-23 01:51:44,396 INFO: FILTER RESULT: 38 -> 30 records [d:\AivellumPro\zReport5\app.py:418]
2025-11-23 01:51:44,431 INFO: Start date 2025-09-30: 38 records [d:\AivellumPro\zReport5\app.py:401]
2025-11-23 01:51:44,437 INFO: Start date 2025-09-30: 38 records [d:\AivellumPro\zReport5\app.py:401]
2025-11-23 01:51:44,442 INFO: Start date 2025-09-30: 38 records [d:\AivellumPro\zReport5\app.py:401]
2025-11-23 01:51:44,445 INFO: End date 2025-10-30: 30 records [d:\AivellumPro\zReport5\app.py:406]
2025-11-23 01:51:44,449 INFO: End date 2025-10-30: 30 records [d:\AivellumPro\zReport5\app.py:406]
2025-11-23 01:51:44,454 INFO: End date 2025-10-30: 30 records [d:\AivellumPro\zReport5\app.py:406]
2025-11-23 01:51:44,456 INFO: FILTER RESULT: 38 -> 30 records [d:\AivellumPro\zReport5\app.py:418]
2025-11-23 01:51:44,457 INFO: FILTER RESULT: 38 -> 30 records [d:\AivellumPro\zReport5\app.py:418]
2025-11-23 01:51:44,459 INFO: FILTER RESULT: 38 -> 30 records [d:\AivellumPro\zReport5\app.py:418]
2025-11-23 01:51:46,210 INFO: Start date 2025-10-31: 8 records [d:\AivellumPro\zReport5\app.py:401]
2025-11-23 01:51:46,213 INFO: End date 2025-11-22: 8 records [d:\AivellumPro\zReport5\app.py:406]
2025-11-23 01:51:46,213 INFO: FILTER RESULT: 38 -> 8 records [d:\AivellumPro\zReport5\app.py:418]
2025-11-23 01:51:46,242 INFO: Start date 2025-10-31: 8 records [d:\AivellumPro\zReport5\app.py:401]
2025-11-23 01:51:46,250 INFO: End date 2025-11-22: 8 records [d:\AivellumPro\zReport5\app.py:406]
2025-11-23 01:51:46,253 INFO: FILTER RESULT: 38 -> 8 records [d:\AivellumPro\zReport5\app.py:418]
2025-11-23 01:51:46,256 INFO: Start date 2025-10-31: 8 records [d:\AivellumPro\zReport5\app.py:401]
2025-11-23 01:51:46,259 INFO: Start date 2025-10-31: 8 records [d:\AivellumPro\zReport5\app.py:401]
2025-11-23 01:51:46,272 INFO: End date 2025-11-22: 8 records [d:\AivellumPro\zReport5\app.py:406]
2025-11-23 01:51:46,275 INFO: End date 2025-11-22: 8 records [d:\AivellumPro\zReport5\app.py:406]
2025-11-23 01:51:46,277 INFO: FILTER RESULT: 38 -> 8 records [d:\AivellumPro\zReport5\app.py:418]
2025-11-23 01:51:46,278 INFO: FILTER RESULT: 38 -> 8 records [d:\AivellumPro\zReport5\app.py:418]
2025-11-23 01:51:49,719 INFO: Start date 2025-09-30: 38 records [d:\AivellumPro\zReport5\app.py:401]
2025-11-23 01:51:49,723 INFO: End date 2025-10-30: 30 records [d:\AivellumPro\zReport5\app.py:406]
2025-11-23 01:51:49,724 INFO: FILTER RESULT: 38 -> 30 records [d:\AivellumPro\zReport5\app.py:418]
2025-11-23 01:51:49,741 INFO: Start date 2025-09-30: 38 records [d:\AivellumPro\zReport5\app.py:401]
2025-11-23 01:51:49,743 INFO: Start date 2025-09-30: 38 records [d:\AivellumPro\zReport5\app.py:401]
2025-11-23 01:51:49,746 INFO: Start date 2025-09-30: 38 records [d:\AivellumPro\zReport5\app.py:401]
2025-11-23 01:51:49,749 INFO: End date 2025-10-30: 30 records [d:\AivellumPro\zReport5\app.py:406]
2025-11-23 01:51:49,752 INFO: End date 2025-10-30: 30 records [d:\AivellumPro\zReport5\app.py:406]
2025-11-23 01:51:49,754 INFO: End date 2025-10-30: 30 records [d:\AivellumPro\zReport5\app.py:406]
2025-11-23 01:51:49,755 INFO: FILTER RESULT: 38 -> 30 records [d:\AivellumPro\zReport5\app.py:418]
2025-11-23 01:51:49,756 INFO: FILTER RESULT: 38 -> 30 records [d:\AivellumPro\zReport5\app.py:418]
2025-11-23 01:51:49,756 INFO: FILTER RESULT: 38 -> 30 records [d:\AivellumPro\zReport5\app.py:418]
2025-11-23 01:51:53,893 INFO: Start date 2025-10-31: 8 records [d:\AivellumPro\zReport5\app.py:401]
2025-11-23 01:51:53,897 INFO: End date 2025-11-22: 8 records [d:\AivellumPro\zReport5\app.py:406]
2025-11-23 01:51:53,898 INFO: FILTER RESULT: 38 -> 8 records [d:\AivellumPro\zReport5\app.py:418]
2025-11-23 01:51:53,921 INFO: Start date 2025-10-31: 8 records [d:\AivellumPro\zReport5\app.py:401]
2025-11-23 01:51:53,928 INFO: End date 2025-11-22: 8 records [d:\AivellumPro\zReport5\app.py:406]
2025-11-23 01:51:53,933 INFO: Start date 2025-10-31: 8 records [d:\AivellumPro\zReport5\app.py:401]
2025-11-23 01:51:53,936 INFO: Start date 2025-10-31: 8 records [d:\AivellumPro\zReport5\app.py:401]
2025-11-23 01:51:53,937 INFO: FILTER RESULT: 38 -> 8 records [d:\AivellumPro\zReport5\app.py:418]
2025-11-23 01:51:53,940 INFO: End date 2025-11-22: 8 records [d:\AivellumPro\zReport5\app.py:406]
2025-11-23 01:51:53,943 INFO: End date 2025-11-22: 8 records [d:\AivellumPro\zReport5\app.py:406]
2025-11-23 01:51:53,960 INFO: FILTER RESULT: 38 -> 8 records [d:\AivellumPro\zReport5\app.py:418]
2025-11-23 01:51:53,961 INFO: FILTER RESULT: 38 -> 8 records [d:\AivellumPro\zReport5\app.py:418]
2025-11-23 01:51:57,497 INFO: Start date 2025-08-24: 38 records [d:\AivellumPro\zReport5\app.py:401]
2025-11-23 01:51:57,500 INFO: End date 2025-11-22: 38 records [d:\AivellumPro\zReport5\app.py:406]
2025-11-23 01:51:57,501 INFO: FILTER RESULT: 38 -> 38 records [d:\AivellumPro\zReport5\app.py:418]
2025-11-23 01:51:57,524 INFO: Start date 2025-08-24: 38 records [d:\AivellumPro\zReport5\app.py:401]
2025-11-23 01:51:57,527 INFO: Start date 2025-08-24: 38 records [d:\AivellumPro\zReport5\app.py:401]
2025-11-23 01:51:57,530 INFO: End date 2025-11-22: 38 records [d:\AivellumPro\zReport5\app.py:406]
2025-11-23 01:51:57,532 INFO: Start date 2025-08-24: 38 records [d:\AivellumPro\zReport5\app.py:401]
2025-11-23 01:51:57,534 INFO: End date 2025-11-22: 38 records [d:\AivellumPro\zReport5\app.py:406]
2025-11-23 01:51:57,535 INFO: FILTER RESULT: 38 -> 38 records [d:\AivellumPro\zReport5\app.py:418]
2025-11-23 01:51:57,536 INFO: End date 2025-11-22: 38 records [d:\AivellumPro\zReport5\app.py:406]
2025-11-23 01:51:57,538 INFO: FILTER RESULT: 38 -> 38 records [d:\AivellumPro\zReport5\app.py:418]
2025-11-23 01:51:57,548 INFO: FILTER RESULT: 38 -> 38 records [d:\AivellumPro\zReport5\app.py:418]
2025-11-23 01:52:01,668 INFO: Start date 2025-05-22: 38 records [d:\AivellumPro\zReport5\app.py:401]
2025-11-23 01:52:01,672 INFO: End date 2025-11-22: 38 records [d:\AivellumPro\zReport5\app.py:406]
2025-11-23 01:52:01,673 INFO: FILTER RESULT: 38 -> 38 records [d:\AivellumPro\zReport5\app.py:418]
2025-11-23 01:52:01,699 INFO: Start date 2025-05-22: 38 records [d:\AivellumPro\zReport5\app.py:401]
2025-11-23 01:52:01,703 INFO: Start date 2025-05-22: 38 records [d:\AivellumPro\zReport5\app.py:401]
2025-11-23 01:52:01,713 INFO: End date 2025-11-22: 38 records [d:\AivellumPro\zReport5\app.py:406]
2025-11-23 01:52:01,713 INFO: Start date 2025-05-22: 38 records [d:\AivellumPro\zReport5\app.py:401]
2025-11-23 01:52:01,716 INFO: End date 2025-11-22: 38 records [d:\AivellumPro\zReport5\app.py:406]
2025-11-23 01:52:01,717 INFO: FILTER RESULT: 38 -> 38 records [d:\AivellumPro\zReport5\app.py:418]
2025-11-23 01:52:01,721 INFO: End date 2025-11-22: 38 records [d:\AivellumPro\zReport5\app.py:406]
2025-11-23 01:52:01,723 INFO: FILTER RESULT: 38 -> 38 records [d:\AivellumPro\zReport5\app.py:418]
2025-11-23 01:52:01,740 INFO: FILTER RESULT: 38 -> 38 records [d:\AivellumPro\zReport5\app.py:418]
2025-11-23 01:52:04,053 INFO: Start date 2024-11-22: 38 records [d:\AivellumPro\zReport5\app.py:401]
2025-11-23 01:52:04,057 INFO: End date 2025-11-22: 38 records [d:\AivellumPro\zReport5\app.py:406]
2025-11-23 01:52:04,059 INFO: FILTER RESULT: 38 -> 38 records [d:\AivellumPro\zReport5\app.py:418]
2025-11-23 01:52:04,085 INFO: Start date 2024-11-22: 38 records [d:\AivellumPro\zReport5\app.py:401]
2025-11-23 01:52:04,090 INFO: Start date 2024-11-22: 38 records [d:\AivellumPro\zReport5\app.py:401]
2025-11-23 01:52:04,094 INFO: Start date 2024-11-22: 38 records [d:\AivellumPro\zReport5\app.py:401]
2025-11-23 01:52:04,097 INFO: End date 2025-11-22: 38 records [d:\AivellumPro\zReport5\app.py:406]
2025-11-23 01:52:04,099 INFO: End date 2025-11-22: 38 records [d:\AivellumPro\zReport5\app.py:406]
2025-11-23 01:52:04,102 INFO: End date 2025-11-22: 38 records [d:\AivellumPro\zReport5\app.py:406]
2025-11-23 01:52:04,103 INFO: FILTER RESULT: 38 -> 38 records [d:\AivellumPro\zReport5\app.py:418]
2025-11-23 01:52:04,104 INFO: FILTER RESULT: 38 -> 38 records [d:\AivellumPro\zReport5\app.py:418]
2025-11-23 01:52:04,105 INFO: FILTER RESULT: 38 -> 38 records [d:\AivellumPro\zReport5\app.py:418]
2025-11-23 01:52:06,643 INFO: FILTER RESULT: 38 -> 38 records [d:\AivellumPro\zReport5\app.py:418]
2025-11-23 01:52:06,695 INFO: FILTER RESULT: 38 -> 38 records [d:\AivellumPro\zReport5\app.py:418]
2025-11-23 01:52:06,699 INFO: FILTER RESULT: 38 -> 38 records [d:\AivellumPro\zReport5\app.py:418]
2025-11-23 01:52:06,701 INFO: FILTER RESULT: 38 -> 38 records [d:\AivellumPro\zReport5\app.py:418]
2025-11-23 01:52:17,914 INFO: FILTER RESULT: 38 -> 38 records [d:\AivellumPro\zReport5\app.py:418]
2025-11-23 01:52:19,618 INFO: Start date 2025-11-21: 0 records [d:\AivellumPro\zReport5\app.py:401]
2025-11-23 01:52:19,622 INFO: End date 2025-11-22: 0 records [d:\AivellumPro\zReport5\app.py:406]
2025-11-23 01:52:19,623 INFO: FILTER RESULT: 38 -> 0 records [d:\AivellumPro\zReport5\app.py:418]
2025-11-23 01:52:19,646 INFO: Start date 2025-11-21: 0 records [d:\AivellumPro\zReport5\app.py:401]
2025-11-23 01:52:19,648 INFO: Start date 2025-11-21: 0 records [d:\AivellumPro\zReport5\app.py:401]
2025-11-23 01:52:19,650 INFO: Start date 2025-11-21: 0 records [d:\AivellumPro\zReport5\app.py:401]
2025-11-23 01:52:19,654 INFO: End date 2025-11-22: 0 records [d:\AivellumPro\zReport5\app.py:406]
2025-11-23 01:52:19,656 INFO: End date 2025-11-22: 0 records [d:\AivellumPro\zReport5\app.py:406]
2025-11-23 01:52:19,658 INFO: End date 2025-11-22: 0 records [d:\AivellumPro\zReport5\app.py:406]
2025-11-23 01:52:19,659 INFO: FILTER RESULT: 38 -> 0 records [d:\AivellumPro\zReport5\app.py:418]
2025-11-23 01:52:19,660 INFO: FILTER RESULT: 38 -> 0 records [d:\AivellumPro\zReport5\app.py:418]
2025-11-23 01:52:19,661 INFO: FILTER RESULT: 38 -> 0 records [d:\AivellumPro\zReport5\app.py:418]
2025-11-23 01:52:22,660 INFO: Start date 2025-11-21: 0 records [d:\AivellumPro\zReport5\app.py:401]
2025-11-23 01:52:22,663 INFO: End date 2025-11-22: 0 records [d:\AivellumPro\zReport5\app.py:406]
2025-11-23 01:52:22,664 INFO: FILTER RESULT: 38 -> 0 records [d:\AivellumPro\zReport5\app.py:418]
2025-11-23 01:52:25,101 INFO: Start date 2025-11-21: 0 records [d:\AivellumPro\zReport5\app.py:401]
2025-11-23 01:52:25,105 INFO: End date 2025-11-22: 0 records [d:\AivellumPro\zReport5\app.py:406]
2025-11-23 01:52:25,109 INFO: FILTER RESULT: 38 -> 0 records [d:\AivellumPro\zReport5\app.py:418]
2025-11-23 01:52:26,743 INFO: Start date 2025-05-22: 38 records [d:\AivellumPro\zReport5\app.py:401]
2025-11-23 01:52:26,745 INFO: End date 2025-11-22: 38 records [d:\AivellumPro\zReport5\app.py:406]
2025-11-23 01:52:26,747 INFO: FILTER RESULT: 38 -> 38 records [d:\AivellumPro\zReport5\app.py:418]
2025-11-23 01:52:26,771 INFO: Start date 2025-05-22: 38 records [d:\AivellumPro\zReport5\app.py:401]
2025-11-23 01:52:26,775 INFO: Start date 2025-05-22: 38 records [d:\AivellumPro\zReport5\app.py:401]
2025-11-23 01:52:26,777 INFO: Start date 2025-05-22: 38 records [d:\AivellumPro\zReport5\app.py:401]
2025-11-23 01:52:26,779 INFO: End date 2025-11-22: 38 records [d:\AivellumPro\zReport5\app.py:406]
2025-11-23 01:52:26,782 INFO: End date 2025-11-22: 38 records [d:\AivellumPro\zReport5\app.py:406]
2025-11-23 01:52:26,784 INFO: End date 2025-11-22: 38 records [d:\AivellumPro\zReport5\app.py:406]
2025-11-23 01:52:26,785 INFO: FILTER RESULT: 38 -> 38 records [d:\AivellumPro\zReport5\app.py:418]
2025-11-23 01:52:26,786 INFO: FILTER RESULT: 38 -> 38 records [d:\AivellumPro\zReport5\app.py:418]
2025-11-23 01:52:26,786 INFO: FILTER RESULT: 38 -> 38 records [d:\AivellumPro\zReport5\app.py:418]
2025-11-23 01:52:28,271 INFO: Start date 2025-05-22: 38 records [d:\AivellumPro\zReport5\app.py:401]
2025-11-23 01:52:28,274 INFO: End date 2025-11-22: 38 records [d:\AivellumPro\zReport5\app.py:406]
2025-11-23 01:52:28,276 INFO: FILTER RESULT: 38 -> 38 records [d:\AivellumPro\zReport5\app.py:418]
2025-11-23 01:52:30,779 INFO: Start date 2025-05-22: 38 records [d:\AivellumPro\zReport5\app.py:401]
2025-11-23 01:52:30,782 INFO: End date 2025-11-22: 38 records [d:\AivellumPro\zReport5\app.py:406]
2025-11-23 01:52:30,784 INFO: FILTER RESULT: 38 -> 38 records [d:\AivellumPro\zReport5\app.py:418]
2025-11-23 01:52:33,075 INFO: Start date 2025-05-22: 38 records [d:\AivellumPro\zReport5\app.py:401]
2025-11-23 01:52:33,080 INFO: End date 2025-11-22: 38 records [d:\AivellumPro\zReport5\app.py:406]
2025-11-23 01:52:33,083 INFO: FILTER RESULT: 38 -> 38 records [d:\AivellumPro\zReport5\app.py:418]
2025-11-23 01:52:35,528 INFO: Start date 2025-05-22: 38 records [d:\AivellumPro\zReport5\app.py:401]
2025-11-23 01:52:35,532 INFO: End date 2025-11-22: 38 records [d:\AivellumPro\zReport5\app.py:406]
2025-11-23 01:52:35,533 INFO: FILTER RESULT: 38 -> 38 records [d:\AivellumPro\zReport5\app.py:418]
2025-11-23 01:52:36,100 INFO: Start date 2025-05-22: 38 records [d:\AivellumPro\zReport5\app.py:401]
2025-11-23 01:52:36,104 INFO: End date 2025-11-22: 38 records [d:\AivellumPro\zReport5\app.py:406]
2025-11-23 01:52:36,106 INFO: FILTER RESULT: 38 -> 38 records [d:\AivellumPro\zReport5\app.py:418]
2025-11-23 01:52:37,052 INFO: FILTER RESULT: 38 -> 38 records [d:\AivellumPro\zReport5\app.py:418]
2025-11-23 01:52:44,981 INFO: FILTER RESULT: 38 -> 38 records [d:\AivellumPro\zReport5\app.py:418]
2025-11-23 01:52:44,987 INFO: FILTER RESULT: 38 -> 38 records [d:\AivellumPro\zReport5\app.py:418]
2025-11-23 01:52:45,002 INFO: FILTER RESULT: 38 -> 38 records [d:\AivellumPro\zReport5\app.py:418]
2025-11-23 01:52:45,007 INFO: FILTER RESULT: 38 -> 38 records [d:\AivellumPro\zReport5\app.py:418]
2025-11-23 02:20:27,428 INFO: FILTER RESULT: 38 -> 38 records [d:\AivellumPro\zReport5\app.py:418]
2025-11-23 02:20:27,434 INFO: FILTER RESULT: 38 -> 38 records [d:\AivellumPro\zReport5\app.py:418]
2025-11-23 02:20:27,462 INFO: FILTER RESULT: 38 -> 38 records [d:\AivellumPro\zReport5\app.py:418]
2025-11-23 02:20:27,462 INFO: FILTER RESULT: 38 -> 38 records [d:\AivellumPro\zReport5\app.py:418]
2025-12-01 00:38:15,421 INFO: Loaded 38 raw records [d:\AivellumPro\zReport5\app.py:272]
2025-12-01 00:38:15,434 INFO: After date filtering: 38 records [d:\AivellumPro\zReport5\app.py:284]
2025-12-01 00:38:15,446 INFO: Using Country column from data [d:\AivellumPro\zReport5\app.py:318]
2025-12-01 00:38:15,448 INFO: Processing complete: 38 records [d:\AivellumPro\zReport5\app.py:335]
2025-12-01 00:38:15,450 INFO: Countries: 16 unique [d:\AivellumPro\zReport5\app.py:336]
2025-12-01 00:38:15,451 INFO: Data loaded successfully: 38 records [d:\AivellumPro\zReport5\app.py:375]
2025-12-01 00:38:25,907 INFO: FILTER RESULT: 38 -> 38 records [d:\AivellumPro\zReport5\app.py:418]
2025-12-01 00:38:25,920 INFO: FILTER RESULT: 38 -> 38 records [d:\AivellumPro\zReport5\app.py:418]
2025-12-01 00:38:25,921 INFO: FILTER RESULT: 38 -> 38 records [d:\AivellumPro\zReport5\app.py:418]
2025-12-01 00:38:25,937 INFO: FILTER RESULT: 38 -> 38 records [d:\AivellumPro\zReport5\app.py:418]
2025-12-01 00:38:37,714 INFO: Start date 2025-11-29: 0 records [d:\AivellumPro\zReport5\app.py:401]
2025-12-01 00:38:37,717 INFO: End date 2025-11-30: 0 records [d:\AivellumPro\zReport5\app.py:406]
2025-12-01 00:38:37,718 INFO: FILTER RESULT: 38 -> 0 records [d:\AivellumPro\zReport5\app.py:418]
2025-12-01 00:38:37,733 INFO: Start date 2025-11-29: 0 records [d:\AivellumPro\zReport5\app.py:401]
2025-12-01 00:38:37,738 INFO: Start date 2025-11-29: 0 records [d:\AivellumPro\zReport5\app.py:401]
2025-12-01 00:38:37,742 INFO: End date 2025-11-30: 0 records [d:\AivellumPro\zReport5\app.py:406]
2025-12-01 00:38:37,745 INFO: Start date 2025-11-29: 0 records [d:\AivellumPro\zReport5\app.py:401]
2025-12-01 00:38:37,747 INFO: End date 2025-11-30: 0 records [d:\AivellumPro\zReport5\app.py:406]
2025-12-01 00:38:37,748 INFO: FILTER RESULT: 38 -> 0 records [d:\AivellumPro\zReport5\app.py:418]
2025-12-01 00:38:37,751 INFO: End date 2025-11-30: 0 records [d:\AivellumPro\zReport5\app.py:406]
2025-12-01 00:38:37,752 INFO: FILTER RESULT: 38 -> 0 records [d:\AivellumPro\zReport5\app.py:418]
2025-12-01 00:38:37,755 INFO: FILTER RESULT: 38 -> 0 records [d:\AivellumPro\zReport5\app.py:418]
2025-12-01 00:38:39,415 INFO: Start date 2025-11-23: 0 records [d:\AivellumPro\zReport5\app.py:401]
2025-12-01 00:38:39,417 INFO: End date 2025-11-30: 0 records [d:\AivellumPro\zReport5\app.py:406]
2025-12-01 00:38:39,418 INFO: FILTER RESULT: 38 -> 0 records [d:\AivellumPro\zReport5\app.py:418]
2025-12-01 00:38:39,438 INFO: Start date 2025-11-23: 0 records [d:\AivellumPro\zReport5\app.py:401]
2025-12-01 00:38:39,443 INFO: Start date 2025-11-23: 0 records [d:\AivellumPro\zReport5\app.py:401]
2025-12-01 00:38:39,445 INFO: End date 2025-11-30: 0 records [d:\AivellumPro\zReport5\app.py:406]
2025-12-01 00:38:39,449 INFO: Start date 2025-11-23: 0 records [d:\AivellumPro\zReport5\app.py:401]
2025-12-01 00:38:39,452 INFO: End date 2025-11-30: 0 records [d:\AivellumPro\zReport5\app.py:406]
2025-12-01 00:38:39,453 INFO: FILTER RESULT: 38 -> 0 records [d:\AivellumPro\zReport5\app.py:418]
2025-12-01 00:38:39,456 INFO: End date 2025-11-30: 0 records [d:\AivellumPro\zReport5\app.py:406]
2025-12-01 00:38:39,457 INFO: FILTER RESULT: 38 -> 0 records [d:\AivellumPro\zReport5\app.py:418]
2025-12-01 00:38:39,460 INFO: FILTER RESULT: 38 -> 0 records [d:\AivellumPro\zReport5\app.py:418]
2025-12-01 00:38:41,139 INFO: Start date 2025-10-31: 8 records [d:\AivellumPro\zReport5\app.py:401]
2025-12-01 00:38:41,143 INFO: End date 2025-11-30: 8 records [d:\AivellumPro\zReport5\app.py:406]
2025-12-01 00:38:41,144 INFO: FILTER RESULT: 38 -> 8 records [d:\AivellumPro\zReport5\app.py:418]
2025-12-01 00:38:41,175 INFO: Start date 2025-10-31: 8 records [d:\AivellumPro\zReport5\app.py:401]
2025-12-01 00:38:41,188 INFO: End date 2025-11-30: 8 records [d:\AivellumPro\zReport5\app.py:406]
2025-12-01 00:38:41,192 INFO: Start date 2025-10-31: 8 records [d:\AivellumPro\zReport5\app.py:401]
2025-12-01 00:38:41,192 INFO: Start date 2025-10-31: 8 records [d:\AivellumPro\zReport5\app.py:401]
2025-12-01 00:38:41,193 INFO: FILTER RESULT: 38 -> 8 records [d:\AivellumPro\zReport5\app.py:418]
2025-12-01 00:38:41,197 INFO: End date 2025-11-30: 8 records [d:\AivellumPro\zReport5\app.py:406]
2025-12-01 00:38:41,200 INFO: End date 2025-11-30: 8 records [d:\AivellumPro\zReport5\app.py:406]
2025-12-01 00:38:41,211 INFO: FILTER RESULT: 38 -> 8 records [d:\AivellumPro\zReport5\app.py:418]
2025-12-01 00:38:41,212 INFO: FILTER RESULT: 38 -> 8 records [d:\AivellumPro\zReport5\app.py:418]
2025-12-01 00:38:48,766 INFO: Start date 2025-10-31: 8 records [d:\AivellumPro\zReport5\app.py:401]
2025-12-01 00:38:48,768 INFO: End date 2025-11-30: 8 records [d:\AivellumPro\zReport5\app.py:406]
2025-12-01 00:38:48,770 INFO: FILTER RESULT: 38 -> 8 records [d:\AivellumPro\zReport5\app.py:418]
2025-12-01 00:38:48,787 INFO: Start date 2025-10-31: 8 records [d:\AivellumPro\zReport5\app.py:401]
2025-12-01 00:38:48,793 INFO: Start date 2025-10-31: 8 records [d:\AivellumPro\zReport5\app.py:401]
2025-12-01 00:38:48,797 INFO: End date 2025-11-30: 8 records [d:\AivellumPro\zReport5\app.py:406]
2025-12-01 00:38:48,800 INFO: Start date 2025-10-31: 8 records [d:\AivellumPro\zReport5\app.py:401]
2025-12-01 00:38:48,803 INFO: End date 2025-11-30: 8 records [d:\AivellumPro\zReport5\app.py:406]
2025-12-01 00:38:48,805 INFO: FILTER RESULT: 38 -> 8 records [d:\AivellumPro\zReport5\app.py:418]
2025-12-01 00:38:48,807 INFO: End date 2025-11-30: 8 records [d:\AivellumPro\zReport5\app.py:406]
2025-12-01 00:38:48,808 INFO: FILTER RESULT: 38 -> 8 records [d:\AivellumPro\zReport5\app.py:418]
2025-12-01 00:38:48,822 INFO: FILTER RESULT: 38 -> 8 records [d:\AivellumPro\zReport5\app.py:418]
2025-12-01 00:38:49,792 INFO: Start date 2025-11-30: 0 records [d:\AivellumPro\zReport5\app.py:401]
2025-12-01 00:38:49,796 INFO: End date 2025-11-30: 0 records [d:\AivellumPro\zReport5\app.py:406]
2025-12-01 00:38:49,797 INFO: FILTER RESULT: 38 -> 0 records [d:\AivellumPro\zReport5\app.py:418]
2025-12-01 00:38:49,812 INFO: Start date 2025-11-30: 0 records [d:\AivellumPro\zReport5\app.py:401]
2025-12-01 00:38:49,817 INFO: Start date 2025-11-30: 0 records [d:\AivellumPro\zReport5\app.py:401]
2025-12-01 00:38:49,821 INFO: End date 2025-11-30: 0 records [d:\AivellumPro\zReport5\app.py:406]
2025-12-01 00:38:49,824 INFO: Start date 2025-11-30: 0 records [d:\AivellumPro\zReport5\app.py:401]
2025-12-01 00:38:49,826 INFO: End date 2025-11-30: 0 records [d:\AivellumPro\zReport5\app.py:406]
2025-12-01 00:38:49,828 INFO: FILTER RESULT: 38 -> 0 records [d:\AivellumPro\zReport5\app.py:418]
2025-12-01 00:38:49,832 INFO: End date 2025-11-30: 0 records [d:\AivellumPro\zReport5\app.py:406]
2025-12-01 00:38:49,834 INFO: FILTER RESULT: 38 -> 0 records [d:\AivellumPro\zReport5\app.py:418]
2025-12-01 00:38:49,836 INFO: FILTER RESULT: 38 -> 0 records [d:\AivellumPro\zReport5\app.py:418]
2025-12-01 00:38:52,443 INFO: Start date 2025-10-31: 8 records [d:\AivellumPro\zReport5\app.py:401]
2025-12-01 00:38:52,446 INFO: End date 2025-11-29: 8 records [d:\AivellumPro\zReport5\app.py:406]
2025-12-01 00:38:52,447 INFO: FILTER RESULT: 38 -> 8 records [d:\AivellumPro\zReport5\app.py:418]
2025-12-01 00:38:52,465 INFO: Start date 2025-10-31: 8 records [d:\AivellumPro\zReport5\app.py:401]
2025-12-01 00:38:52,471 INFO: End date 2025-11-29: 8 records [d:\AivellumPro\zReport5\app.py:406]
2025-12-01 00:38:52,476 INFO: Start date 2025-10-31: 8 records [d:\AivellumPro\zReport5\app.py:401]
2025-12-01 00:38:52,480 INFO: Start date 2025-10-31: 8 records [d:\AivellumPro\zReport5\app.py:401]
2025-12-01 00:38:52,480 INFO: FILTER RESULT: 38 -> 8 records [d:\AivellumPro\zReport5\app.py:418]
2025-12-01 00:38:52,483 INFO: End date 2025-11-29: 8 records [d:\AivellumPro\zReport5\app.py:406]
2025-12-01 00:38:52,486 INFO: End date 2025-11-29: 8 records [d:\AivellumPro\zReport5\app.py:406]
2025-12-01 00:38:52,501 INFO: FILTER RESULT: 38 -> 8 records [d:\AivellumPro\zReport5\app.py:418]
2025-12-01 00:38:52,502 INFO: FILTER RESULT: 38 -> 8 records [d:\AivellumPro\zReport5\app.py:418]
2025-12-01 00:38:54,660 INFO: Start date 2025-09-01: 38 records [d:\AivellumPro\zReport5\app.py:401]
2025-12-01 00:38:54,663 INFO: End date 2025-11-30: 38 records [d:\AivellumPro\zReport5\app.py:406]
2025-12-01 00:38:54,664 INFO: FILTER RESULT: 38 -> 38 records [d:\AivellumPro\zReport5\app.py:418]
2025-12-01 00:38:54,682 INFO: Start date 2025-09-01: 38 records [d:\AivellumPro\zReport5\app.py:401]
2025-12-01 00:38:54,689 INFO: End date 2025-11-30: 38 records [d:\AivellumPro\zReport5\app.py:406]
2025-12-01 00:38:54,689 INFO: Start date 2025-09-01: 38 records [d:\AivellumPro\zReport5\app.py:401]
2025-12-01 00:38:54,693 INFO: FILTER RESULT: 38 -> 38 records [d:\AivellumPro\zReport5\app.py:418]
2025-12-01 00:38:54,693 INFO: Start date 2025-09-01: 38 records [d:\AivellumPro\zReport5\app.py:401]
2025-12-01 00:38:54,695 INFO: End date 2025-11-30: 38 records [d:\AivellumPro\zReport5\app.py:406]
2025-12-01 00:38:54,710 INFO: End date 2025-11-30: 38 records [d:\AivellumPro\zReport5\app.py:406]
2025-12-01 00:38:54,711 INFO: FILTER RESULT: 38 -> 38 records [d:\AivellumPro\zReport5\app.py:418]
2025-12-01 00:38:54,715 INFO: FILTER RESULT: 38 -> 38 records [d:\AivellumPro\zReport5\app.py:418]
2025-12-01 00:38:55,553 INFO: FILTER RESULT: 38 -> 38 records [d:\AivellumPro\zReport5\app.py:418]
2025-12-01 00:38:55,570 INFO: FILTER RESULT: 38 -> 38 records [d:\AivellumPro\zReport5\app.py:418]
2025-12-01 00:38:55,572 INFO: FILTER RESULT: 38 -> 38 records [d:\AivellumPro\zReport5\app.py:418]
2025-12-01 00:38:55,574 INFO: FILTER RESULT: 38 -> 38 records [d:\AivellumPro\zReport5\app.py:418]
2025-12-01 00:43:25,853 INFO: FILTER RESULT: 38 -> 38 records [d:\AivellumPro\zReport5\app.py:418]
2025-12-01 00:43:25,872 INFO: FILTER RESULT: 38 -> 38 records [d:\AivellumPro\zReport5\app.py:418]
2025-12-01 00:43:25,873 INFO: FILTER RESULT: 38 -> 38 records [d:\AivellumPro\zReport5\app.py:418]
2025-12-01 00:43:25,875 INFO: FILTER RESULT: 38 -> 38 records [d:\AivellumPro\zReport5\app.py:418]
2025-12-01 00:48:25,848 INFO: FILTER RESULT: 38 -> 38 records [d:\AivellumPro\zReport5\app.py:418]
2025-12-01 00:48:25,883 INFO: FILTER RESULT: 38 -> 38 records [d:\AivellumPro\zReport5\app.py:418]
2025-12-01 00:48:25,885 INFO: FILTER RESULT: 38 -> 38 records [d:\AivellumPro\zReport5\app.py:418]
2025-12-01 00:48:25,886 INFO: FILTER RESULT: 38 -> 38 records [d:\AivellumPro\zReport5\app.py:418]
2025-12-01 00:53:25,849 INFO: FILTER RESULT: 38 -> 38 records [d:\AivellumPro\zReport5\app.py:418]
2025-12-01 00:53:25,869 INFO: FILTER RESULT: 38 -> 38 records [d:\AivellumPro\zReport5\app.py:418]
2025-12-01 00:53:25,872 INFO: FILTER RESULT: 38 -> 38 records [d:\AivellumPro\zReport5\app.py:418]
2025-12-01 00:53:25,873 INFO: FILTER RESULT: 38 -> 38 records [d:\AivellumPro\zReport5\app.py:418]
2025-12-01 00:58:25,845 INFO: FILTER RESULT: 38 -> 38 records [d:\AivellumPro\zReport5\app.py:418]
2025-12-01 00:58:25,872 INFO: FILTER RESULT: 38 -> 38 records [d:\AivellumPro\zReport5\app.py:418]
2025-12-01 00:58:25,873 INFO: FILTER RESULT: 38 -> 38 records [d:\AivellumPro\zReport5\app.py:418]
2025-12-01 00:58:25,888 INFO: FILTER RESULT: 38 -> 38 records [d:\AivellumPro\zReport5\app.py:418]
2025-12-01 01:03:25,848 INFO: FILTER RESULT: 38 -> 38 records [d:\AivellumPro\zReport5\app.py:418]
2025-12-01 01:03:25,878 INFO: FILTER RESULT: 38 -> 38 records [d:\AivellumPro\zReport5\app.py:418]
2025-12-01 01:03:25,879 INFO: FILTER RESULT: 38 -> 38 records [d:\AivellumPro\zReport5\app.py:418]
2025-12-01 01:03:25,884 INFO: FILTER RESULT: 38 -> 38 records [d:\AivellumPro\zReport5\app.py:418]
2025-12-01 01:05:55,605 INFO: Loaded 38 raw records [d:\AivellumPro\zReport5\app.py:284]
2025-12-01 01:05:55,611 INFO: After date filtering: 38 records [d:\AivellumPro\zReport5\app.py:296]
2025-12-01 01:05:55,619 INFO: Using Country column from data [d:\AivellumPro\zReport5\app.py:330]
2025-12-01 01:05:55,621 INFO: Processing complete: 38 records [d:\AivellumPro\zReport5\app.py:347]
2025-12-01 01:05:55,622 INFO: Countries: 16 unique [d:\AivellumPro\zReport5\app.py:348]
2025-12-01 01:05:55,624 INFO: Data loaded successfully: 38 records [d:\AivellumPro\zReport5\app.py:387]
2025-12-01 01:06:02,626 INFO: FILTER RESULT: 38 -> 38 records [d:\AivellumPro\zReport5\app.py:430]
2025-12-01 01:06:02,627 INFO: FILTER RESULT: 38 -> 38 records [d:\AivellumPro\zReport5\app.py:430]
2025-12-01 01:06:02,636 INFO: FILTER RESULT: 38 -> 38 records [d:\AivellumPro\zReport5\app.py:430]
2025-12-01 01:06:02,650 INFO: FILTER RESULT: 38 -> 38 records [d:\AivellumPro\zReport5\app.py:430]
2025-12-01 01:06:04,652 ERROR: Financial summary error: Object of type int64 is not JSON serializable [d:\AivellumPro\zReport5\app.py:1058]
2025-12-01 01:06:04,852 ERROR: Financial summary error: Object of type int64 is not JSON serializable [d:\AivellumPro\zReport5\app.py:1058]
2025-12-01 01:06:23,603 INFO: FILTER RESULT: 38 -> 38 records [d:\AivellumPro\zReport5\app.py:430]
2025-12-01 01:06:23,608 INFO: FILTER RESULT: 38 -> 38 records [d:\AivellumPro\zReport5\app.py:430]
2025-12-01 01:06:23,610 INFO: FILTER RESULT: 38 -> 38 records [d:\AivellumPro\zReport5\app.py:430]
2025-12-01 01:06:23,632 INFO: FILTER RESULT: 38 -> 38 records [d:\AivellumPro\zReport5\app.py:430]
2025-12-01 01:06:25,622 ERROR: Financial summary error: Object of type int64 is not JSON serializable [d:\AivellumPro\zReport5\app.py:1058]
2025-12-01 01:06:32,240 ERROR: Financial summary error: Object of type int64 is not JSON serializable [d:\AivellumPro\zReport5\app.py:1058]
2025-12-01 01:07:46,836 INFO: Loaded 38 raw records [d:\AivellumPro\zReport5\app.py:284]
2025-12-01 01:07:46,845 INFO: After date filtering: 38 records [d:\AivellumPro\zReport5\app.py:296]
2025-12-01 01:07:46,858 INFO: Using Country column from data [d:\AivellumPro\zReport5\app.py:330]
2025-12-01 01:07:46,861 INFO: Processing complete: 38 records [d:\AivellumPro\zReport5\app.py:347]
2025-12-01 01:07:46,862 INFO: Countries: 16 unique [d:\AivellumPro\zReport5\app.py:348]
2025-12-01 01:07:46,863 INFO: Data loaded successfully: 38 records [d:\AivellumPro\zReport5\app.py:387]
2025-12-01 01:08:56,414 INFO: FILTER RESULT: 38 -> 38 records [d:\AivellumPro\zReport5\app.py:430]
2025-12-01 01:08:56,431 INFO: FILTER RESULT: 38 -> 38 records [d:\AivellumPro\zReport5\app.py:430]
2025-12-01 01:08:56,433 INFO: FILTER RESULT: 38 -> 38 records [d:\AivellumPro\zReport5\app.py:430]
2025-12-01 01:08:56,435 INFO: FILTER RESULT: 38 -> 38 records [d:\AivellumPro\zReport5\app.py:430]
2025-12-01 01:17:24,799 INFO: Loaded 38 raw records [d:\AivellumPro\zReport5\app.py:282]
2025-12-01 01:17:24,805 INFO: After date filtering: 38 records [d:\AivellumPro\zReport5\app.py:294]
2025-12-01 01:17:24,813 INFO: Using Country column from data [d:\AivellumPro\zReport5\app.py:328]
2025-12-01 01:17:24,816 INFO: Processing complete: 38 records [d:\AivellumPro\zReport5\app.py:345]
2025-12-01 01:17:24,818 INFO: Countries: 16 unique [d:\AivellumPro\zReport5\app.py:346]
2025-12-01 01:17:24,818 INFO: Data loaded successfully: 38 records [d:\AivellumPro\zReport5\app.py:385]
2025-12-01 01:17:34,399 INFO: FILTER RESULT: 38 -> 38 records [d:\AivellumPro\zReport5\app.py:428]
2025-12-01 01:17:34,402 INFO: FILTER RESULT: 38 -> 38 records [d:\AivellumPro\zReport5\app.py:428]
2025-12-01 01:17:34,414 INFO: FILTER RESULT: 38 -> 38 records [d:\AivellumPro\zReport5\app.py:428]
2025-12-01 01:17:34,417 INFO: FILTER RESULT: 38 -> 38 records [d:\AivellumPro\zReport5\app.py:428]
2025-12-01 01:22:09,023 INFO: Loaded 38 raw records [d:\AivellumPro\zReport5\app.py:282]
2025-12-01 01:22:09,038 INFO: After date filtering: 38 records [d:\AivellumPro\zReport5\app.py:294]
2025-12-01 01:22:09,047 INFO: Using Country column from data [d:\AivellumPro\zReport5\app.py:328]
2025-12-01 01:22:09,050 INFO: Processing complete: 38 records [d:\AivellumPro\zReport5\app.py:345]
2025-12-01 01:22:09,051 INFO: Countries: 16 unique [d:\AivellumPro\zReport5\app.py:346]
2025-12-01 01:22:09,051 INFO: Data loaded successfully: 38 records [d:\AivellumPro\zReport5\app.py:385]
2025-12-01 01:22:14,537 INFO: FILTER RESULT: 38 -> 38 records [d:\AivellumPro\zReport5\app.py:428]
2025-12-01 01:22:14,548 INFO: FILTER RESULT: 38 -> 38 records [d:\AivellumPro\zReport5\app.py:428]
2025-12-01 01:22:14,562 INFO: FILTER RESULT: 38 -> 38 records [d:\AivellumPro\zReport5\app.py:428]
2025-12-01 01:22:14,571 INFO: FILTER RESULT: 38 -> 38 records [d:\AivellumPro\zReport5\app.py:428]
2025-12-01 01:23:30,614 INFO: FILTER RESULT: 38 -> 38 records [d:\AivellumPro\zReport5\app.py:428]
2025-12-01 01:23:30,632 INFO: FILTER RESULT: 38 -> 38 records [d:\AivellumPro\zReport5\app.py:428]
2025-12-01 01:23:30,637 INFO: FILTER RESULT: 38 -> 38 records [d:\AivellumPro\zReport5\app.py:428]
2025-12-01 01:23:30,647 INFO: FILTER RESULT: 38 -> 38 records [d:\AivellumPro\zReport5\app.py:428]
2025-12-01 01:23:38,774 INFO: FILTER RESULT: 38 -> 38 records [d:\AivellumPro\zReport5\app.py:428]
2025-12-01 01:24:44,353 INFO: FILTER RESULT: 38 -> 38 records [d:\AivellumPro\zReport5\app.py:428]
2025-12-01 01:24:44,356 INFO: FILTER RESULT: 38 -> 38 records [d:\AivellumPro\zReport5\app.py:428]
2025-12-01 01:24:44,378 INFO: FILTER RESULT: 38 -> 38 records [d:\AivellumPro\zReport5\app.py:428]
2025-12-01 01:24:44,385 INFO: FILTER RESULT: 38 -> 38 records [d:\AivellumPro\zReport5\app.py:428]
2025-12-01 01:28:30,850 INFO: FILTER RESULT: 38 -> 38 records [d:\AivellumPro\zReport5\app.py:428]
2025-12-01 01:28:30,871 INFO: FILTER RESULT: 38 -> 38 records [d:\AivellumPro\zReport5\app.py:428]
2025-12-01 01:28:30,872 INFO: FILTER RESULT: 38 -> 38 records [d:\AivellumPro\zReport5\app.py:428]
2025-12-01 01:28:30,874 INFO: FILTER RESULT: 38 -> 38 records [d:\AivellumPro\zReport5\app.py:428]
2025-12-01 01:33:30,839 INFO: FILTER RESULT: 38 -> 38 records [d:\AivellumPro\zReport5\app.py:428]
2025-12-01 01:33:30,857 INFO: FILTER RESULT: 38 -> 38 records [d:\AivellumPro\zReport5\app.py:428]
2025-12-01 01:33:30,861 INFO: FILTER RESULT: 38 -> 38 records [d:\AivellumPro\zReport5\app.py:428]
2025-12-01 01:33:30,862 INFO: FILTER RESULT: 38 -> 38 records [d:\AivellumPro\zReport5\app.py:428]
2025-12-01 01:45:50,517 INFO: Loaded 38 raw records [d:\AivellumPro\zReport5\app.py:282]
2025-12-01 01:45:50,528 INFO: After date filtering: 38 records [d:\AivellumPro\zReport5\app.py:294]
2025-12-01 01:45:50,539 INFO: Using Country column from data [d:\AivellumPro\zReport5\app.py:328]
2025-12-01 01:45:50,542 INFO: Processing complete: 38 records [d:\AivellumPro\zReport5\app.py:345]
2025-12-01 01:45:50,544 INFO: Countries: 16 unique [d:\AivellumPro\zReport5\app.py:346]
2025-12-01 01:45:50,546 INFO: Data loaded successfully: 38 records [d:\AivellumPro\zReport5\app.py:385]
2025-12-01 01:46:01,139 INFO: FILTER RESULT: 38 -> 38 records [d:\AivellumPro\zReport5\app.py:428]
2025-12-01 01:46:01,140 INFO: FILTER RESULT: 38 -> 38 records [d:\AivellumPro\zReport5\app.py:428]
2025-12-01 01:46:01,142 INFO: FILTER RESULT: 38 -> 38 records [d:\AivellumPro\zReport5\app.py:428]
2025-12-01 01:46:01,150 INFO: FILTER RESULT: 38 -> 38 records [d:\AivellumPro\zReport5\app.py:428]
2025-12-01 01:46:39,348 INFO: FILTER RESULT: 38 -> 38 records [d:\AivellumPro\zReport5\app.py:428]
2025-12-01 01:46:39,353 INFO: FILTER RESULT: 38 -> 38 records [d:\AivellumPro\zReport5\app.py:428]
2025-12-01 01:46:39,361 INFO: FILTER RESULT: 38 -> 38 records [d:\AivellumPro\zReport5\app.py:428]
2025-12-01 01:46:39,375 INFO: FILTER RESULT: 38 -> 38 records [d:\AivellumPro\zReport5\app.py:428]
2025-12-01 01:47:09,904 INFO: Loaded 42 raw records [d:\AivellumPro\zReport5\app.py:282]
2025-12-01 01:47:09,912 INFO: After date filtering: 42 records [d:\AivellumPro\zReport5\app.py:294]
2025-12-01 01:47:09,920 INFO: Using Country column from data [d:\AivellumPro\zReport5\app.py:328]
2025-12-01 01:47:09,924 INFO: Processing complete: 42 records [d:\AivellumPro\zReport5\app.py:345]
2025-12-01 01:47:09,926 INFO: Countries: 18 unique [d:\AivellumPro\zReport5\app.py:346]
2025-12-01 01:47:09,926 INFO: Data loaded successfully: 42 records [d:\AivellumPro\zReport5\app.py:385]
2025-12-01 01:47:16,297 INFO: FILTER RESULT: 42 -> 42 records [d:\AivellumPro\zReport5\app.py:428]
2025-12-01 01:47:16,312 INFO: FILTER RESULT: 42 -> 42 records [d:\AivellumPro\zReport5\app.py:428]
2025-12-01 01:47:16,314 INFO: FILTER RESULT: 42 -> 42 records [d:\AivellumPro\zReport5\app.py:428]
2025-12-01 01:47:16,314 INFO: FILTER RESULT: 42 -> 42 records [d:\AivellumPro\zReport5\app.py:428]
2025-12-01 01:47:26,830 INFO: FILTER RESULT: 42 -> 42 records [d:\AivellumPro\zReport5\app.py:428]
2025-12-01 01:47:28,503 INFO: FILTER RESULT: 42 -> 42 records [d:\AivellumPro\zReport5\app.py:428]
2025-12-01 01:47:29,797 INFO: FILTER RESULT: 42 -> 42 records [d:\AivellumPro\zReport5\app.py:428]
2025-12-01 01:47:35,797 INFO: FILTER RESULT: 42 -> 42 records [d:\AivellumPro\zReport5\app.py:428]
2025-12-01 01:47:38,212 INFO: FILTER RESULT: 42 -> 42 records [d:\AivellumPro\zReport5\app.py:428]
2025-12-01 01:47:46,890 INFO: FILTER RESULT: 42 -> 42 records [d:\AivellumPro\zReport5\app.py:428]
2025-12-01 01:47:47,596 INFO: FILTER RESULT: 42 -> 42 records [d:\AivellumPro\zReport5\app.py:428]
2025-12-01 01:47:52,769 INFO: FILTER RESULT: 42 -> 42 records [d:\AivellumPro\zReport5\app.py:428]
2025-12-01 01:48:17,528 INFO: Start date 2025-11-29: 1 records [d:\AivellumPro\zReport5\app.py:411]
2025-12-01 01:48:17,533 INFO: End date 2025-11-30: 1 records [d:\AivellumPro\zReport5\app.py:416]
2025-12-01 01:48:17,536 INFO: FILTER RESULT: 42 -> 1 records [d:\AivellumPro\zReport5\app.py:428]
2025-12-01 01:48:17,565 INFO: Start date 2025-11-29: 1 records [d:\AivellumPro\zReport5\app.py:411]
2025-12-01 01:48:17,570 INFO: End date 2025-11-30: 1 records [d:\AivellumPro\zReport5\app.py:416]
2025-12-01 01:48:17,576 INFO: Start date 2025-11-29: 1 records [d:\AivellumPro\zReport5\app.py:411]
2025-12-01 01:48:17,579 INFO: Start date 2025-11-29: 1 records [d:\AivellumPro\zReport5\app.py:411]
2025-12-01 01:48:17,580 INFO: FILTER RESULT: 42 -> 1 records [d:\AivellumPro\zReport5\app.py:428]
2025-12-01 01:48:17,583 INFO: End date 2025-11-30: 1 records [d:\AivellumPro\zReport5\app.py:416]
2025-12-01 01:48:17,585 INFO: End date 2025-11-30: 1 records [d:\AivellumPro\zReport5\app.py:416]
2025-12-01 01:48:17,600 INFO: FILTER RESULT: 42 -> 1 records [d:\AivellumPro\zReport5\app.py:428]
2025-12-01 01:48:17,601 INFO: FILTER RESULT: 42 -> 1 records [d:\AivellumPro\zReport5\app.py:428]
2025-12-01 01:48:17,995 INFO: Start date 2025-10-31: 12 records [d:\AivellumPro\zReport5\app.py:411]
2025-12-01 01:48:18,000 INFO: End date 2025-11-30: 12 records [d:\AivellumPro\zReport5\app.py:416]
2025-12-01 01:48:18,003 INFO: FILTER RESULT: 42 -> 12 records [d:\AivellumPro\zReport5\app.py:428]
2025-12-01 01:48:18,047 INFO: Start date 2025-10-31: 12 records [d:\AivellumPro\zReport5\app.py:411]
2025-12-01 01:48:18,054 INFO: Start date 2025-10-31: 12 records [d:\AivellumPro\zReport5\app.py:411]
2025-12-01 01:48:18,062 INFO: Start date 2025-10-31: 12 records [d:\AivellumPro\zReport5\app.py:411]
2025-12-01 01:48:18,066 INFO: End date 2025-11-30: 12 records [d:\AivellumPro\zReport5\app.py:416]
2025-12-01 01:48:18,070 INFO: End date 2025-11-30: 12 records [d:\AivellumPro\zReport5\app.py:416]
2025-12-01 01:48:18,078 INFO: End date 2025-11-30: 12 records [d:\AivellumPro\zReport5\app.py:416]
2025-12-01 01:48:18,079 INFO: FILTER RESULT: 42 -> 12 records [d:\AivellumPro\zReport5\app.py:428]
2025-12-01 01:48:18,082 INFO: FILTER RESULT: 42 -> 12 records [d:\AivellumPro\zReport5\app.py:428]
2025-12-01 01:48:18,084 INFO: FILTER RESULT: 42 -> 12 records [d:\AivellumPro\zReport5\app.py:428]
2025-12-01 01:48:20,314 INFO: Start date 2025-10-31: 12 records [d:\AivellumPro\zReport5\app.py:411]
2025-12-01 01:48:20,317 INFO: End date 2025-11-30: 12 records [d:\AivellumPro\zReport5\app.py:416]
2025-12-01 01:48:20,319 INFO: FILTER RESULT: 42 -> 12 records [d:\AivellumPro\zReport5\app.py:428]
2025-12-01 01:48:20,336 INFO: Start date 2025-10-31: 12 records [d:\AivellumPro\zReport5\app.py:411]
2025-12-01 01:48:20,340 INFO: End date 2025-11-30: 12 records [d:\AivellumPro\zReport5\app.py:416]
2025-12-01 01:48:20,346 INFO: Start date 2025-10-31: 12 records [d:\AivellumPro\zReport5\app.py:411]
2025-12-01 01:48:20,350 INFO: Start date 2025-10-31: 12 records [d:\AivellumPro\zReport5\app.py:411]
2025-12-01 01:48:20,350 INFO: FILTER RESULT: 42 -> 12 records [d:\AivellumPro\zReport5\app.py:428]
2025-12-01 01:48:20,353 INFO: End date 2025-11-30: 12 records [d:\AivellumPro\zReport5\app.py:416]
2025-12-01 01:48:20,357 INFO: End date 2025-11-30: 12 records [d:\AivellumPro\zReport5\app.py:416]
2025-12-01 01:48:20,370 INFO: FILTER RESULT: 42 -> 12 records [d:\AivellumPro\zReport5\app.py:428]
2025-12-01 01:48:20,371 INFO: FILTER RESULT: 42 -> 12 records [d:\AivellumPro\zReport5\app.py:428]
2025-12-01 01:48:21,183 INFO: Start date 2025-11-23: 4 records [d:\AivellumPro\zReport5\app.py:411]
2025-12-01 01:48:21,186 INFO: End date 2025-11-30: 4 records [d:\AivellumPro\zReport5\app.py:416]
2025-12-01 01:48:21,187 INFO: FILTER RESULT: 42 -> 4 records [d:\AivellumPro\zReport5\app.py:428]
2025-12-01 01:48:21,202 INFO: Start date 2025-11-23: 4 records [d:\AivellumPro\zReport5\app.py:411]
2025-12-01 01:48:21,207 INFO: Start date 2025-11-23: 4 records [d:\AivellumPro\zReport5\app.py:411]
2025-12-01 01:48:21,212 INFO: Start date 2025-11-23: 4 records [d:\AivellumPro\zReport5\app.py:411]
2025-12-01 01:48:21,214 INFO: End date 2025-11-30: 4 records [d:\AivellumPro\zReport5\app.py:416]
2025-12-01 01:48:21,217 INFO: End date 2025-11-30: 4 records [d:\AivellumPro\zReport5\app.py:416]
2025-12-01 01:48:21,219 INFO: End date 2025-11-30: 4 records [d:\AivellumPro\zReport5\app.py:416]
2025-12-01 01:48:21,221 INFO: FILTER RESULT: 42 -> 4 records [d:\AivellumPro\zReport5\app.py:428]
2025-12-01 01:48:21,223 INFO: FILTER RESULT: 42 -> 4 records [d:\AivellumPro\zReport5\app.py:428]
2025-12-01 01:48:21,224 INFO: FILTER RESULT: 42 -> 4 records [d:\AivellumPro\zReport5\app.py:428]
2025-12-01 01:48:30,854 INFO: FILTER RESULT: 42 -> 42 records [d:\AivellumPro\zReport5\app.py:428]
2025-12-01 01:48:30,931 INFO: FILTER RESULT: 42 -> 42 records [d:\AivellumPro\zReport5\app.py:428]
2025-12-01 01:48:30,949 INFO: FILTER RESULT: 42 -> 42 records [d:\AivellumPro\zReport5\app.py:428]
2025-12-01 01:48:30,962 INFO: FILTER RESULT: 42 -> 42 records [d:\AivellumPro\zReport5\app.py:428]
2025-12-01 02:15:08,117 INFO: FILTER RESULT: 42 -> 42 records [d:\AivellumPro\zReport5\app.py:428]
2025-12-05 12:39:00,655 INFO: FILTER RESULT: 42 -> 42 records [d:\AivellumPro\zReport5\app.py:428]
2025-12-05 12:39:01,782 INFO: FILTER RESULT: 42 -> 42 records [d:\AivellumPro\zReport5\app.py:428]
2025-12-05 12:39:01,802 INFO: FILTER RESULT: 42 -> 42 records [d:\AivellumPro\zReport5\app.py:428]
2025-12-05 12:39:01,816 INFO: FILTER RESULT: 42 -> 42 records [d:\AivellumPro\zReport5\app.py:428]
2025-12-05 12:43:24,563 INFO: FILTER RESULT: 42 -> 42 records [d:\AivellumPro\zReport5\app.py:428]
2025-12-05 12:43:24,614 INFO: FILTER RESULT: 42 -> 42 records [d:\AivellumPro\zReport5\app.py:428]
2025-12-05 12:43:24,620 INFO: FILTER RESULT: 42 -> 42 records [d:\AivellumPro\zReport5\app.py:428]
2025-12-05 12:43:24,640 INFO: FILTER RESULT: 42 -> 42 records [d:\AivellumPro\zReport5\app.py:428]
2025-12-05 12:48:11,496 INFO: FILTER RESULT: 42 -> 42 records [d:\AivellumPro\zReport5\app.py:428]
2025-12-05 12:48:11,525 INFO: FILTER RESULT: 42 -> 42 records [d:\AivellumPro\zReport5\app.py:428]
2025-12-05 12:48:11,526 INFO: FILTER RESULT: 42 -> 42 records [d:\AivellumPro\zReport5\app.py:428]
2025-12-05 12:48:11,548 INFO: FILTER RESULT: 42 -> 42 records [d:\AivellumPro\zReport5\app.py:428]
2025-12-05 12:53:11,496 INFO: FILTER RESULT: 42 -> 42 records [d:\AivellumPro\zReport5\app.py:428]
2025-12-05 12:53:11,534 INFO: FILTER RESULT: 42 -> 42 records [d:\AivellumPro\zReport5\app.py:428]
2025-12-05 12:53:11,540 INFO: FILTER RESULT: 42 -> 42 records [d:\AivellumPro\zReport5\app.py:428]
2025-12-05 12:53:11,585 INFO: FILTER RESULT: 42 -> 42 records [d:\AivellumPro\zReport5\app.py:428]
2025-12-05 12:58:11,541 INFO: FILTER RESULT: 42 -> 42 records [d:\AivellumPro\zReport5\app.py:428]
2025-12-05 12:58:11,597 INFO: FILTER RESULT: 42 -> 42 records [d:\AivellumPro\zReport5\app.py:428]
2025-12-05 12:58:11,665 INFO: FILTER RESULT: 42 -> 42 records [d:\AivellumPro\zReport5\app.py:428]
2025-12-05 12:58:11,722 INFO: FILTER RESULT: 42 -> 42 records [d:\AivellumPro\zReport5\app.py:428]
2025-12-05 13:03:11,497 INFO: FILTER RESULT: 42 -> 42 records [d:\AivellumPro\zReport5\app.py:428]
2025-12-05 13:03:11,526 INFO: FILTER RESULT: 42 -> 42 records [d:\AivellumPro\zReport5\app.py:428]
2025-12-05 13:03:11,532 INFO: FILTER RESULT: 42 -> 42 records [d:\AivellumPro\zReport5\app.py:428]
2025-12-05 13:03:11,585 INFO: FILTER RESULT: 42 -> 42 records [d:\AivellumPro\zReport5\app.py:428]
2025-12-05 13:08:11,497 INFO: FILTER RESULT: 42 -> 42 records [d:\AivellumPro\zReport5\app.py:428]
2025-12-05 13:08:11,530 INFO: FILTER RESULT: 42 -> 42 records [d:\AivellumPro\zReport5\app.py:428]
2025-12-05 13:08:11,547 INFO: FILTER RESULT: 42 -> 42 records [d:\AivellumPro\zReport5\app.py:428]
2025-12-05 13:08:11,571 INFO: FILTER RESULT: 42 -> 42 records [d:\AivellumPro\zReport5\app.py:428]
2025-12-05 13:13:11,502 INFO: FILTER RESULT: 42 -> 42 records [d:\AivellumPro\zReport5\app.py:428]
2025-12-05 13:13:11,542 INFO: FILTER RESULT: 42 -> 42 records [d:\AivellumPro\zReport5\app.py:428]
2025-12-05 13:13:11,544 INFO: FILTER RESULT: 42 -> 42 records [d:\AivellumPro\zReport5\app.py:428]
2025-12-05 13:13:11,552 INFO: FILTER RESULT: 42 -> 42 records [d:\AivellumPro\zReport5\app.py:428]
2025-12-05 13:18:11,490 INFO: FILTER RESULT: 42 -> 42 records [d:\AivellumPro\zReport5\app.py:428]
2025-12-05 13:18:11,515 INFO: FILTER RESULT: 42 -> 42 records [d:\AivellumPro\zReport5\app.py:428]
2025-12-05 13:18:11,520 INFO: FILTER RESULT: 42 -> 42 records [d:\AivellumPro\zReport5\app.py:428]
2025-12-05 13:18:11,527 INFO: FILTER RESULT: 42 -> 42 records [d:\AivellumPro\zReport5\app.py:428]
2025-12-05 13:23:11,493 INFO: FILTER RESULT: 42 -> 42 records [d:\AivellumPro\zReport5\app.py:428]
2025-12-05 13:23:11,514 INFO: FILTER RESULT: 42 -> 42 records [d:\AivellumPro\zReport5\app.py:428]
2025-12-05 13:23:11,537 INFO: FILTER RESULT: 42 -> 42 records [d:\AivellumPro\zReport5\app.py:428]
2025-12-05 13:23:11,542 INFO: FILTER RESULT: 42 -> 42 records [d:\AivellumPro\zReport5\app.py:428]
2025-12-05 13:28:11,498 INFO: FILTER RESULT: 42 -> 42 records [d:\AivellumPro\zReport5\app.py:428]
2025-12-05 13:28:11,516 INFO: FILTER RESULT: 42 -> 42 records [d:\AivellumPro\zReport5\app.py:428]
2025-12-05 13:28:11,534 INFO: FILTER RESULT: 42 -> 42 records [d:\AivellumPro\zReport5\app.py:428]
2025-12-05 13:28:11,535 INFO: FILTER RESULT: 42 -> 42 records [d:\AivellumPro\zReport5\app.py:428]
2025-12-05 18:17:05,230 INFO: FILTER RESULT: 42 -> 42 records [d:\AivellumPro\zReport5\app.py:428]
2025-12-05 18:17:07,411 INFO: FILTER RESULT: 42 -> 42 records [d:\AivellumPro\zReport5\app.py:428]
2025-12-05 18:17:07,412 INFO: FILTER RESULT: 42 -> 42 records [d:\AivellumPro\zReport5\app.py:428]
2025-12-05 18:17:07,413 INFO: FILTER RESULT: 42 -> 42 records [d:\AivellumPro\zReport5\app.py:428]
2025-12-05 19:12:43,739 INFO: Loaded 42 raw records [d:\AivellumPro\zReport5\app.py:282]
2025-12-05 19:12:43,753 INFO: After date filtering: 42 records [d:\AivellumPro\zReport5\app.py:294]
2025-12-05 19:12:43,762 INFO: Using Country column from data [d:\AivellumPro\zReport5\app.py:328]
2025-12-05 19:12:43,764 INFO: Processing complete: 42 records [d:\AivellumPro\zReport5\app.py:345]
2025-12-05 19:12:43,767 INFO: Countries: 18 unique [d:\AivellumPro\zReport5\app.py:346]
2025-12-05 19:12:43,768 INFO: Data loaded successfully: 42 records [d:\AivellumPro\zReport5\app.py:385]
2025-12-05 19:12:55,990 INFO: FILTER RESULT: 42 -> 42 records [d:\AivellumPro\zReport5\app.py:428]
2025-12-05 19:12:55,992 INFO: FILTER RESULT: 42 -> 42 records [d:\AivellumPro\zReport5\app.py:428]
2025-12-05 19:12:55,995 INFO: FILTER RESULT: 42 -> 42 records [d:\AivellumPro\zReport5\app.py:428]
2025-12-05 19:12:55,995 INFO: FILTER RESULT: 42 -> 42 records [d:\AivellumPro\zReport5\app.py:428]
2025-12-05 19:13:08,877 INFO: FILTER RESULT: 42 -> 42 records [d:\AivellumPro\zReport5\app.py:428]
2025-12-05 19:13:09,088 INFO: FILTER RESULT: 42 -> 42 records [d:\AivellumPro\zReport5\app.py:428]
2025-12-05 19:13:09,108 INFO: FILTER RESULT: 42 -> 42 records [d:\AivellumPro\zReport5\app.py:428]
2025-12-05 19:13:09,109 INFO: FILTER RESULT: 42 -> 42 records [d:\AivellumPro\zReport5\app.py:428]
2025-12-05 19:13:24,763 INFO: FILTER RESULT: 42 -> 42 records [d:\AivellumPro\zReport5\app.py:428]
2025-12-05 19:13:25,519 INFO: FILTER RESULT: 42 -> 42 records [d:\AivellumPro\zReport5\app.py:428]
2025-12-05 19:13:25,911 INFO: FILTER RESULT: 42 -> 42 records [d:\AivellumPro\zReport5\app.py:428]
2025-12-05 19:13:26,996 INFO: FILTER RESULT: 42 -> 42 records [d:\AivellumPro\zReport5\app.py:428]
2025-12-05 19:13:28,639 INFO: FILTER RESULT: 42 -> 42 records [d:\AivellumPro\zReport5\app.py:428]
2025-12-05 19:13:28,673 INFO: FILTER RESULT: 42 -> 42 records [d:\AivellumPro\zReport5\app.py:428]
2025-12-05 19:13:28,675 INFO: FILTER RESULT: 42 -> 42 records [d:\AivellumPro\zReport5\app.py:428]
2025-12-05 19:13:28,677 INFO: FILTER RESULT: 42 -> 42 records [d:\AivellumPro\zReport5\app.py:428]
2025-12-05 19:13:37,805 INFO: FILTER RESULT: 42 -> 42 records [d:\AivellumPro\zReport5\app.py:428]
2025-12-05 19:13:37,829 INFO: FILTER RESULT: 42 -> 42 records [d:\AivellumPro\zReport5\app.py:428]
2025-12-05 19:13:37,833 INFO: FILTER RESULT: 42 -> 42 records [d:\AivellumPro\zReport5\app.py:428]
2025-12-05 19:13:37,834 INFO: FILTER RESULT: 42 -> 42 records [d:\AivellumPro\zReport5\app.py:428]
2025-12-05 19:14:39,496 INFO: Loaded 42 raw records [d:\AivellumPro\zReport5\app.py:282]
2025-12-05 19:14:39,512 INFO: After date filtering: 42 records [d:\AivellumPro\zReport5\app.py:294]
2025-12-05 19:14:39,529 INFO: Using Country column from data [d:\AivellumPro\zReport5\app.py:328]
2025-12-05 19:14:39,533 INFO: Processing complete: 42 records [d:\AivellumPro\zReport5\app.py:345]
2025-12-05 19:14:39,535 INFO: Countries: 18 unique [d:\AivellumPro\zReport5\app.py:346]
2025-12-05 19:14:39,536 INFO: Data loaded successfully: 42 records [d:\AivellumPro\zReport5\app.py:385]
2025-12-05 19:15:56,678 INFO: FILTER RESULT: 42 -> 42 records [d:\AivellumPro\zReport5\app.py:428]
2025-12-05 19:15:56,690 INFO: FILTER RESULT: 42 -> 42 records [d:\AivellumPro\zReport5\app.py:428]
2025-12-05 19:15:56,698 INFO: FILTER RESULT: 42 -> 42 records [d:\AivellumPro\zReport5\app.py:428]
2025-12-05 19:15:56,717 INFO: FILTER RESULT: 42 -> 42 records [d:\AivellumPro\zReport5\app.py:428]
2025-12-05 19:18:08,800 INFO: FILTER RESULT: 42 -> 42 records [d:\AivellumPro\zReport5\app.py:428]
2025-12-05 19:18:08,913 INFO: FILTER RESULT: 42 -> 42 records [d:\AivellumPro\zReport5\app.py:428]
2025-12-05 19:18:09,893 INFO: FILTER RESULT: 42 -> 42 records [d:\AivellumPro\zReport5\app.py:428]
2025-12-05 19:18:09,896 INFO: FILTER RESULT: 42 -> 42 records [d:\AivellumPro\zReport5\app.py:428]
2025-12-05 19:18:52,879 INFO: Loaded 43 raw records [d:\AivellumPro\zReport5\app.py:282]
2025-12-05 19:18:52,900 INFO: After date filtering: 43 records [d:\AivellumPro\zReport5\app.py:294]
2025-12-05 19:18:52,923 INFO: Using Country column from data [d:\AivellumPro\zReport5\app.py:328]
2025-12-05 19:18:52,931 INFO: Processing complete: 43 records [d:\AivellumPro\zReport5\app.py:345]
2025-12-05 19:18:52,934 INFO: Countries: 18 unique [d:\AivellumPro\zReport5\app.py:346]
2025-12-05 19:18:52,936 INFO: Data loaded successfully: 43 records [d:\AivellumPro\zReport5\app.py:385]
2025-12-05 19:18:56,147 INFO: FILTER RESULT: 43 -> 43 records [d:\AivellumPro\zReport5\app.py:428]
2025-12-05 19:18:56,152 INFO: FILTER RESULT: 43 -> 43 records [d:\AivellumPro\zReport5\app.py:428]
2025-12-05 19:18:56,164 INFO: FILTER RESULT: 43 -> 43 records [d:\AivellumPro\zReport5\app.py:428]
2025-12-05 19:18:56,164 INFO: FILTER RESULT: 43 -> 43 records [d:\AivellumPro\zReport5\app.py:428]
2025-12-05 19:19:04,424 INFO: FILTER RESULT: 43 -> 43 records [d:\AivellumPro\zReport5\app.py:428]
2025-12-05 19:21:06,250 INFO: Loaded 44 raw records [d:\AivellumPro\zReport5\app.py:282]
2025-12-05 19:21:06,259 INFO: After date filtering: 44 records [d:\AivellumPro\zReport5\app.py:294]
2025-12-05 19:21:06,275 INFO: Using Country column from data [d:\AivellumPro\zReport5\app.py:328]
2025-12-05 19:21:06,278 INFO: Processing complete: 44 records [d:\AivellumPro\zReport5\app.py:345]
2025-12-05 19:21:06,280 INFO: Countries: 18 unique [d:\AivellumPro\zReport5\app.py:346]
2025-12-05 19:21:06,281 INFO: Data loaded successfully: 44 records [d:\AivellumPro\zReport5\app.py:385]
2025-12-05 19:21:09,555 INFO: FILTER RESULT: 44 -> 44 records [d:\AivellumPro\zReport5\app.py:428]
2025-12-05 19:21:09,558 INFO: FILTER RESULT: 44 -> 44 records [d:\AivellumPro\zReport5\app.py:428]
2025-12-05 19:21:09,571 INFO: FILTER RESULT: 44 -> 44 records [d:\AivellumPro\zReport5\app.py:428]
2025-12-05 19:21:09,572 INFO: FILTER RESULT: 44 -> 44 records [d:\AivellumPro\zReport5\app.py:428]
2025-12-05 19:21:57,317 INFO: Start date 2025-11-30: 3 records [d:\AivellumPro\zReport5\app.py:411]
2025-12-05 19:21:57,320 INFO: End date 2025-12-05: 3 records [d:\AivellumPro\zReport5\app.py:416]
2025-12-05 19:21:57,321 INFO: FILTER RESULT: 44 -> 3 records [d:\AivellumPro\zReport5\app.py:428]
2025-12-05 19:21:57,348 INFO: Start date 2025-11-30: 3 records [d:\AivellumPro\zReport5\app.py:411]
2025-12-05 19:21:57,352 INFO: Start date 2025-11-30: 3 records [d:\AivellumPro\zReport5\app.py:411]
2025-12-05 19:21:57,356 INFO: End date 2025-12-05: 3 records [d:\AivellumPro\zReport5\app.py:416]
2025-12-05 19:21:57,359 INFO: Start date 2025-11-30: 3 records [d:\AivellumPro\zReport5\app.py:411]
2025-12-05 19:21:57,361 INFO: End date 2025-12-05: 3 records [d:\AivellumPro\zReport5\app.py:416]
2025-12-05 19:21:57,362 INFO: FILTER RESULT: 44 -> 3 records [d:\AivellumPro\zReport5\app.py:428]
2025-12-05 19:21:57,365 INFO: End date 2025-12-05: 3 records [d:\AivellumPro\zReport5\app.py:416]
2025-12-05 19:21:57,366 INFO: FILTER RESULT: 44 -> 3 records [d:\AivellumPro\zReport5\app.py:428]
2025-12-05 19:21:57,379 INFO: FILTER RESULT: 44 -> 3 records [d:\AivellumPro\zReport5\app.py:428]
2025-12-05 19:22:05,167 INFO: Start date 2025-11-05: 10 records [d:\AivellumPro\zReport5\app.py:411]
2025-12-05 19:22:05,170 INFO: End date 2025-12-05: 10 records [d:\AivellumPro\zReport5\app.py:416]
2025-12-05 19:22:05,171 INFO: FILTER RESULT: 44 -> 10 records [d:\AivellumPro\zReport5\app.py:428]
2025-12-05 19:22:05,193 INFO: Start date 2025-11-05: 10 records [d:\AivellumPro\zReport5\app.py:411]
2025-12-05 19:22:05,198 INFO: Start date 2025-11-05: 10 records [d:\AivellumPro\zReport5\app.py:411]
2025-12-05 19:22:05,201 INFO: End date 2025-12-05: 10 records [d:\AivellumPro\zReport5\app.py:416]
2025-12-05 19:22:05,205 INFO: Start date 2025-11-05: 10 records [d:\AivellumPro\zReport5\app.py:411]
2025-12-05 19:22:05,207 INFO: End date 2025-12-05: 10 records [d:\AivellumPro\zReport5\app.py:416]
2025-12-05 19:22:05,207 INFO: FILTER RESULT: 44 -> 10 records [d:\AivellumPro\zReport5\app.py:428]
2025-12-05 19:22:05,210 INFO: End date 2025-12-05: 10 records [d:\AivellumPro\zReport5\app.py:416]
2025-12-05 19:22:05,211 INFO: FILTER RESULT: 44 -> 10 records [d:\AivellumPro\zReport5\app.py:428]
2025-12-05 19:22:05,222 INFO: FILTER RESULT: 44 -> 10 records [d:\AivellumPro\zReport5\app.py:428]
2025-12-05 19:22:09,979 INFO: Start date 2025-09-06: 44 records [d:\AivellumPro\zReport5\app.py:411]
2025-12-05 19:22:09,983 INFO: End date 2025-12-05: 44 records [d:\AivellumPro\zReport5\app.py:416]
2025-12-05 19:22:09,985 INFO: FILTER RESULT: 44 -> 44 records [d:\AivellumPro\zReport5\app.py:428]
2025-12-05 19:22:10,016 INFO: Start date 2025-09-06: 44 records [d:\AivellumPro\zReport5\app.py:411]
2025-12-05 19:22:10,023 INFO: End date 2025-12-05: 44 records [d:\AivellumPro\zReport5\app.py:416]
2025-12-05 19:22:10,027 INFO: Start date 2025-09-06: 44 records [d:\AivellumPro\zReport5\app.py:411]
2025-12-05 19:22:10,027 INFO: FILTER RESULT: 44 -> 44 records [d:\AivellumPro\zReport5\app.py:428]
2025-12-05 19:22:10,029 INFO: Start date 2025-09-06: 44 records [d:\AivellumPro\zReport5\app.py:411]
2025-12-05 19:22:10,032 INFO: End date 2025-12-05: 44 records [d:\AivellumPro\zReport5\app.py:416]
2025-12-05 19:22:10,052 INFO: End date 2025-12-05: 44 records [d:\AivellumPro\zReport5\app.py:416]
2025-12-05 19:22:10,054 INFO: FILTER RESULT: 44 -> 44 records [d:\AivellumPro\zReport5\app.py:428]
2025-12-05 19:22:10,055 INFO: FILTER RESULT: 44 -> 44 records [d:\AivellumPro\zReport5\app.py:428]
2025-12-05 19:22:16,043 INFO: FILTER RESULT: 44 -> 44 records [d:\AivellumPro\zReport5\app.py:428]
2025-12-05 19:22:16,069 INFO: FILTER RESULT: 44 -> 44 records [d:\AivellumPro\zReport5\app.py:428]
2025-12-05 19:22:16,071 INFO: FILTER RESULT: 44 -> 44 records [d:\AivellumPro\zReport5\app.py:428]
2025-12-05 19:22:16,088 INFO: FILTER RESULT: 44 -> 44 records [d:\AivellumPro\zReport5\app.py:428]
2025-12-05 19:22:20,638 INFO: FILTER RESULT: 44 -> 44 records [d:\AivellumPro\zReport5\app.py:428]
2025-12-05 19:22:28,355 INFO: FILTER RESULT: 44 -> 44 records [d:\AivellumPro\zReport5\app.py:428]
2025-12-05 19:22:30,563 INFO: FILTER RESULT: 44 -> 44 records [d:\AivellumPro\zReport5\app.py:428]
2025-12-05 19:22:39,686 INFO: FILTER RESULT: 44 -> 44 records [d:\AivellumPro\zReport5\app.py:428]
2025-12-05 19:22:42,411 INFO: FILTER RESULT: 44 -> 44 records [d:\AivellumPro\zReport5\app.py:428]
2025-12-05 19:22:44,060 INFO: FILTER RESULT: 44 -> 44 records [d:\AivellumPro\zReport5\app.py:428]
2025-12-05 19:22:45,866 INFO: FILTER RESULT: 44 -> 44 records [d:\AivellumPro\zReport5\app.py:428]
2025-12-05 19:23:08,783 INFO: FILTER RESULT: 44 -> 44 records [d:\AivellumPro\zReport5\app.py:428]
2025-12-05 19:23:08,807 INFO: FILTER RESULT: 44 -> 44 records [d:\AivellumPro\zReport5\app.py:428]
2025-12-05 19:23:08,811 INFO: FILTER RESULT: 44 -> 44 records [d:\AivellumPro\zReport5\app.py:428]
2025-12-05 19:23:08,824 INFO: FILTER RESULT: 44 -> 44 records [d:\AivellumPro\zReport5\app.py:428]
2025-12-05 19:26:02,981 INFO: FILTER RESULT: 44 -> 44 records [d:\AivellumPro\zReport5\app.py:428]
2025-12-05 19:26:02,989 INFO: FILTER RESULT: 44 -> 44 records [d:\AivellumPro\zReport5\app.py:428]
2025-12-05 19:26:03,013 INFO: FILTER RESULT: 44 -> 44 records [d:\AivellumPro\zReport5\app.py:428]
2025-12-05 19:26:03,016 INFO: FILTER RESULT: 44 -> 44 records [d:\AivellumPro\zReport5\app.py:428]
2025-12-05 19:26:06,797 INFO: FILTER RESULT: 44 -> 44 records [d:\AivellumPro\zReport5\app.py:428]
2025-12-05 19:26:06,798 INFO: FILTER RESULT: 44 -> 44 records [d:\AivellumPro\zReport5\app.py:428]
2025-12-05 19:26:06,804 INFO: FILTER RESULT: 44 -> 44 records [d:\AivellumPro\zReport5\app.py:428]
2025-12-05 19:26:06,821 INFO: FILTER RESULT: 44 -> 44 records [d:\AivellumPro\zReport5\app.py:428]
2025-12-05 19:26:06,987 INFO: FILTER RESULT: 44 -> 44 records [d:\AivellumPro\zReport5\app.py:428]
2025-12-05 19:26:06,991 INFO: FILTER RESULT: 44 -> 44 records [d:\AivellumPro\zReport5\app.py:428]
2025-12-05 19:26:06,997 INFO: FILTER RESULT: 44 -> 44 records [d:\AivellumPro\zReport5\app.py:428]
2025-12-05 19:26:07,014 INFO: FILTER RESULT: 44 -> 44 records [d:\AivellumPro\zReport5\app.py:428]
2025-12-05 19:28:08,793 INFO: FILTER RESULT: 44 -> 44 records [d:\AivellumPro\zReport5\app.py:428]
2025-12-05 19:28:08,814 INFO: FILTER RESULT: 44 -> 44 records [d:\AivellumPro\zReport5\app.py:428]
2025-12-05 19:28:08,821 INFO: FILTER RESULT: 44 -> 44 records [d:\AivellumPro\zReport5\app.py:428]
2025-12-05 19:28:08,842 INFO: FILTER RESULT: 44 -> 44 records [d:\AivellumPro\zReport5\app.py:428]
2025-12-05 19:31:07,786 INFO: FILTER RESULT: 44 -> 44 records [d:\AivellumPro\zReport5\app.py:428]
2025-12-05 19:31:07,834 INFO: FILTER RESULT: 44 -> 44 records [d:\AivellumPro\zReport5\app.py:428]
2025-12-05 19:31:07,837 INFO: FILTER RESULT: 44 -> 44 records [d:\AivellumPro\zReport5\app.py:428]
2025-12-05 19:31:07,851 INFO: FILTER RESULT: 44 -> 44 records [d:\AivellumPro\zReport5\app.py:428]
2025-12-05 19:33:08,795 INFO: FILTER RESULT: 44 -> 44 records [d:\AivellumPro\zReport5\app.py:428]
2025-12-05 19:33:08,820 INFO: FILTER RESULT: 44 -> 44 records [d:\AivellumPro\zReport5\app.py:428]
2025-12-05 19:33:08,822 INFO: FILTER RESULT: 44 -> 44 records [d:\AivellumPro\zReport5\app.py:428]
2025-12-05 19:33:08,839 INFO: FILTER RESULT: 44 -> 44 records [d:\AivellumPro\zReport5\app.py:428]
2025-12-05 19:36:07,781 INFO: FILTER RESULT: 44 -> 44 records [d:\AivellumPro\zReport5\app.py:428]
2025-12-05 19:36:07,810 INFO: FILTER RESULT: 44 -> 44 records [d:\AivellumPro\zReport5\app.py:428]
2025-12-05 19:36:07,826 INFO: FILTER RESULT: 44 -> 44 records [d:\AivellumPro\zReport5\app.py:428]
2025-12-05 19:36:07,827 INFO: FILTER RESULT: 44 -> 44 records [d:\AivellumPro\zReport5\app.py:428]
2025-12-05 19:38:08,793 INFO: FILTER RESULT: 44 -> 44 records [d:\AivellumPro\zReport5\app.py:428]
2025-12-05 19:38:08,819 INFO: FILTER RESULT: 44 -> 44 records [d:\AivellumPro\zReport5\app.py:428]
2025-12-05 19:38:08,821 INFO: FILTER RESULT: 44 -> 44 records [d:\AivellumPro\zReport5\app.py:428]
2025-12-05 19:38:08,830 INFO: FILTER RESULT: 44 -> 44 records [d:\AivellumPro\zReport5\app.py:428]
2025-12-05 19:41:07,777 INFO: FILTER RESULT: 44 -> 44 records [d:\AivellumPro\zReport5\app.py:428]
2025-12-05 19:41:07,823 INFO: FILTER RESULT: 44 -> 44 records [d:\AivellumPro\zReport5\app.py:428]
2025-12-05 19:41:07,824 INFO: FILTER RESULT: 44 -> 44 records [d:\AivellumPro\zReport5\app.py:428]
2025-12-05 19:41:07,828 INFO: FILTER RESULT: 44 -> 44 records [d:\AivellumPro\zReport5\app.py:428]
2025-12-05 19:43:08,850 INFO: FILTER RESULT: 44 -> 44 records [d:\AivellumPro\zReport5\app.py:428]
2025-12-05 19:43:08,923 INFO: FILTER RESULT: 44 -> 44 records [d:\AivellumPro\zReport5\app.py:428]
2025-12-05 19:43:08,927 INFO: FILTER RESULT: 44 -> 44 records [d:\AivellumPro\zReport5\app.py:428]
2025-12-05 19:43:08,938 INFO: FILTER RESULT: 44 -> 44 records [d:\AivellumPro\zReport5\app.py:428]
2025-12-05 19:46:07,796 INFO: FILTER RESULT: 44 -> 44 records [d:\AivellumPro\zReport5\app.py:428]
2025-12-05 19:46:07,847 INFO: FILTER RESULT: 44 -> 44 records [d:\AivellumPro\zReport5\app.py:428]
2025-12-05 19:46:07,851 INFO: FILTER RESULT: 44 -> 44 records [d:\AivellumPro\zReport5\app.py:428]
2025-12-05 19:46:07,885 INFO: FILTER RESULT: 44 -> 44 records [d:\AivellumPro\zReport5\app.py:428]
2025-12-05 19:48:08,813 INFO: FILTER RESULT: 44 -> 44 records [d:\AivellumPro\zReport5\app.py:428]
2025-12-05 19:48:08,845 INFO: FILTER RESULT: 44 -> 44 records [d:\AivellumPro\zReport5\app.py:428]
2025-12-05 19:48:08,846 INFO: FILTER RESULT: 44 -> 44 records [d:\AivellumPro\zReport5\app.py:428]
2025-12-05 19:48:08,880 INFO: FILTER RESULT: 44 -> 44 records [d:\AivellumPro\zReport5\app.py:428]
2025-12-05 19:51:07,768 INFO: FILTER RESULT: 44 -> 44 records [d:\AivellumPro\zReport5\app.py:428]
2025-12-05 19:51:07,816 INFO: FILTER RESULT: 44 -> 44 records [d:\AivellumPro\zReport5\app.py:428]
2025-12-05 19:51:07,819 INFO: FILTER RESULT: 44 -> 44 records [d:\AivellumPro\zReport5\app.py:428]
2025-12-05 19:51:07,822 INFO: FILTER RESULT: 44 -> 44 records [d:\AivellumPro\zReport5\app.py:428]
2025-12-05 19:53:08,775 INFO: FILTER RESULT: 44 -> 44 records [d:\AivellumPro\zReport5\app.py:428]
2025-12-05 19:53:08,798 INFO: FILTER RESULT: 44 -> 44 records [d:\AivellumPro\zReport5\app.py:428]
2025-12-05 19:53:08,802 INFO: FILTER RESULT: 44 -> 44 records [d:\AivellumPro\zReport5\app.py:428]
2025-12-05 19:53:08,804 INFO: FILTER RESULT: 44 -> 44 records [d:\AivellumPro\zReport5\app.py:428]
2025-12-05 19:56:07,791 INFO: FILTER RESULT: 44 -> 44 records [d:\AivellumPro\zReport5\app.py:428]
2025-12-05 19:56:07,863 INFO: FILTER RESULT: 44 -> 44 records [d:\AivellumPro\zReport5\app.py:428]
2025-12-05 19:56:07,865 INFO: FILTER RESULT: 44 -> 44 records [d:\AivellumPro\zReport5\app.py:428]
2025-12-05 19:56:07,865 INFO: FILTER RESULT: 44 -> 44 records [d:\AivellumPro\zReport5\app.py:428]
2025-12-05 19:57:36,485 INFO: FILTER RESULT: 44 -> 44 records [d:\AivellumPro\zReport5\app.py:428]
2025-12-05 19:58:08,796 INFO: FILTER RESULT: 44 -> 44 records [d:\AivellumPro\zReport5\app.py:428]
2025-12-05 19:58:08,823 INFO: FILTER RESULT: 44 -> 44 records [d:\AivellumPro\zReport5\app.py:428]
2025-12-05 19:58:08,826 INFO: FILTER RESULT: 44 -> 44 records [d:\AivellumPro\zReport5\app.py:428]
2025-12-05 19:58:08,842 INFO: FILTER RESULT: 44 -> 44 records [d:\AivellumPro\zReport5\app.py:428]
2025-12-05 20:01:07,791 INFO: FILTER RESULT: 44 -> 44 records [d:\AivellumPro\zReport5\app.py:428]
2025-12-05 20:01:07,829 INFO: FILTER RESULT: 44 -> 44 records [d:\AivellumPro\zReport5\app.py:428]
2025-12-05 20:01:07,855 INFO: FILTER RESULT: 44 -> 44 records [d:\AivellumPro\zReport5\app.py:428]
2025-12-05 20:01:07,855 INFO: FILTER RESULT: 44 -> 44 records [d:\AivellumPro\zReport5\app.py:428]
2025-12-05 20:03:08,810 INFO: FILTER RESULT: 44 -> 44 records [d:\AivellumPro\zReport5\app.py:428]
2025-12-05 20:03:08,844 INFO: FILTER RESULT: 44 -> 44 records [d:\AivellumPro\zReport5\app.py:428]
2025-12-05 20:03:08,865 INFO: FILTER RESULT: 44 -> 44 records [d:\AivellumPro\zReport5\app.py:428]
2025-12-05 20:03:08,865 INFO: FILTER RESULT: 44 -> 44 records [d:\AivellumPro\zReport5\app.py:428]
2025-12-05 20:06:20,801 INFO: FILTER RESULT: 44 -> 44 records [d:\AivellumPro\zReport5\app.py:428]
2025-12-05 20:06:20,847 INFO: FILTER RESULT: 44 -> 44 records [d:\AivellumPro\zReport5\app.py:428]
2025-12-05 20:06:20,851 INFO: FILTER RESULT: 44 -> 44 records [d:\AivellumPro\zReport5\app.py:428]
2025-12-05 20:06:20,857 INFO: FILTER RESULT: 44 -> 44 records [d:\AivellumPro\zReport5\app.py:428]
2025-12-05 20:08:08,792 INFO: FILTER RESULT: 44 -> 44 records [d:\AivellumPro\zReport5\app.py:428]
2025-12-05 20:08:08,811 INFO: FILTER RESULT: 44 -> 44 records [d:\AivellumPro\zReport5\app.py:428]
2025-12-05 20:08:08,823 INFO: FILTER RESULT: 44 -> 44 records [d:\AivellumPro\zReport5\app.py:428]
2025-12-05 20:08:08,834 INFO: FILTER RESULT: 44 -> 44 records [d:\AivellumPro\zReport5\app.py:428]
2025-12-05 20:11:20,818 INFO: FILTER RESULT: 44 -> 44 records [d:\AivellumPro\zReport5\app.py:428]
2025-12-05 20:11:20,852 INFO: FILTER RESULT: 44 -> 44 records [d:\AivellumPro\zReport5\app.py:428]
2025-12-05 20:11:20,854 INFO: FILTER RESULT: 44 -> 44 records [d:\AivellumPro\zReport5\app.py:428]
2025-12-05 20:11:20,855 INFO: FILTER RESULT: 44 -> 44 records [d:\AivellumPro\zReport5\app.py:428]
2025-12-05 20:13:08,785 INFO: FILTER RESULT: 44 -> 44 records [d:\AivellumPro\zReport5\app.py:428]
2025-12-05 20:13:08,808 INFO: FILTER RESULT: 44 -> 44 records [d:\AivellumPro\zReport5\app.py:428]
2025-12-05 20:13:08,812 INFO: FILTER RESULT: 44 -> 44 records [d:\AivellumPro\zReport5\app.py:428]
2025-12-05 20:13:08,819 INFO: FILTER RESULT: 44 -> 44 records [d:\AivellumPro\zReport5\app.py:428]
2025-12-05 20:16:20,802 INFO: FILTER RESULT: 44 -> 44 records [d:\AivellumPro\zReport5\app.py:428]
2025-12-05 20:16:20,859 INFO: FILTER RESULT: 44 -> 44 records [d:\AivellumPro\zReport5\app.py:428]
2025-12-05 20:16:20,887 INFO: FILTER RESULT: 44 -> 44 records [d:\AivellumPro\zReport5\app.py:428]
2025-12-05 20:16:20,889 INFO: FILTER RESULT: 44 -> 44 records [d:\AivellumPro\zReport5\app.py:428]
2025-12-05 20:18:08,778 INFO: FILTER RESULT: 44 -> 44 records [d:\AivellumPro\zReport5\app.py:428]
2025-12-05 20:18:08,794 INFO: FILTER RESULT: 44 -> 44 records [d:\AivellumPro\zReport5\app.py:428]
2025-12-05 20:18:08,804 INFO: FILTER RESULT: 44 -> 44 records [d:\AivellumPro\zReport5\app.py:428]
2025-12-05 20:18:08,813 INFO: FILTER RESULT: 44 -> 44 records [d:\AivellumPro\zReport5\app.py:428]
2025-12-05 20:21:20,785 INFO: FILTER RESULT: 44 -> 44 records [d:\AivellumPro\zReport5\app.py:428]
2025-12-05 20:21:20,838 INFO: FILTER RESULT: 44 -> 44 records [d:\AivellumPro\zReport5\app.py:428]
2025-12-05 20:21:20,843 INFO: FILTER RESULT: 44 -> 44 records [d:\AivellumPro\zReport5\app.py:428]
2025-12-05 20:21:20,845 INFO: FILTER RESULT: 44 -> 44 records [d:\AivellumPro\zReport5\app.py:428]
2025-12-05 20:23:08,785 INFO: FILTER RESULT: 44 -> 44 records [d:\AivellumPro\zReport5\app.py:428]
2025-12-05 20:23:08,805 INFO: FILTER RESULT: 44 -> 44 records [d:\AivellumPro\zReport5\app.py:428]
2025-12-05 20:23:08,809 INFO: FILTER RESULT: 44 -> 44 records [d:\AivellumPro\zReport5\app.py:428]
2025-12-05 20:23:08,821 INFO: FILTER RESULT: 44 -> 44 records [d:\AivellumPro\zReport5\app.py:428]
2025-12-05 20:26:20,806 INFO: FILTER RESULT: 44 -> 44 records [d:\AivellumPro\zReport5\app.py:428]
2025-12-05 20:26:20,852 INFO: FILTER RESULT: 44 -> 44 records [d:\AivellumPro\zReport5\app.py:428]
2025-12-05 20:26:20,855 INFO: FILTER RESULT: 44 -> 44 records [d:\AivellumPro\zReport5\app.py:428]
2025-12-05 20:26:20,857 INFO: FILTER RESULT: 44 -> 44 records [d:\AivellumPro\zReport5\app.py:428]
2025-12-05 20:28:08,770 INFO: FILTER RESULT: 44 -> 44 records [d:\AivellumPro\zReport5\app.py:428]
2025-12-05 20:28:08,788 INFO: FILTER RESULT: 44 -> 44 records [d:\AivellumPro\zReport5\app.py:428]
2025-12-05 20:28:08,790 INFO: FILTER RESULT: 44 -> 44 records [d:\AivellumPro\zReport5\app.py:428]
2025-12-05 20:28:08,799 INFO: FILTER RESULT: 44 -> 44 records [d:\AivellumPro\zReport5\app.py:428]
2025-12-05 20:31:20,831 INFO: FILTER RESULT: 44 -> 44 records [d:\AivellumPro\zReport5\app.py:428]
2025-12-05 20:31:20,854 INFO: FILTER RESULT: 44 -> 44 records [d:\AivellumPro\zReport5\app.py:428]
2025-12-05 20:31:20,857 INFO: FILTER RESULT: 44 -> 44 records [d:\AivellumPro\zReport5\app.py:428]
2025-12-05 20:31:20,871 INFO: FILTER RESULT: 44 -> 44 records [d:\AivellumPro\zReport5\app.py:428]
2025-12-05 20:33:08,798 INFO: FILTER RESULT: 44 -> 44 records [d:\AivellumPro\zReport5\app.py:428]
2025-12-05 20:33:08,816 INFO: FILTER RESULT: 44 -> 44 records [d:\AivellumPro\zReport5\app.py:428]
2025-12-05 20:33:08,818 INFO: FILTER RESULT: 44 -> 44 records [d:\AivellumPro\zReport5\app.py:428]
2025-12-05 20:33:08,821 INFO: FILTER RESULT: 44 -> 44 records [d:\AivellumPro\zReport5\app.py:428]
2025-12-05 20:36:20,795 INFO: FILTER RESULT: 44 -> 44 records [d:\AivellumPro\zReport5\app.py:428]
2025-12-05 20:36:20,837 INFO: FILTER RESULT: 44 -> 44 records [d:\AivellumPro\zReport5\app.py:428]
2025-12-05 20:36:20,837 INFO: FILTER RESULT: 44 -> 44 records [d:\AivellumPro\zReport5\app.py:428]
2025-12-05 20:36:20,838 INFO: FILTER RESULT: 44 -> 44 records [d:\AivellumPro\zReport5\app.py:428]
2025-12-05 20:38:08,786 INFO: FILTER RESULT: 44 -> 44 records [d:\AivellumPro\zReport5\app.py:428]
2025-12-05 20:38:08,810 INFO: FILTER RESULT: 44 -> 44 records [d:\AivellumPro\zReport5\app.py:428]
2025-12-05 20:38:08,819 INFO: FILTER RESULT: 44 -> 44 records [d:\AivellumPro\zReport5\app.py:428]
2025-12-05 20:38:08,832 INFO: FILTER RESULT: 44 -> 44 records [d:\AivellumPro\zReport5\app.py:428]
2025-12-05 20:41:20,828 INFO: FILTER RESULT: 44 -> 44 records [d:\AivellumPro\zReport5\app.py:428]
2025-12-05 20:41:20,869 INFO: FILTER RESULT: 44 -> 44 records [d:\AivellumPro\zReport5\app.py:428]
2025-12-05 20:41:20,878 INFO: FILTER RESULT: 44 -> 44 records [d:\AivellumPro\zReport5\app.py:428]
2025-12-05 20:41:20,891 INFO: FILTER RESULT: 44 -> 44 records [d:\AivellumPro\zReport5\app.py:428]
2025-12-05 20:43:08,804 INFO: FILTER RESULT: 44 -> 44 records [d:\AivellumPro\zReport5\app.py:428]
2025-12-05 20:43:08,832 INFO: FILTER RESULT: 44 -> 44 records [d:\AivellumPro\zReport5\app.py:428]
2025-12-05 20:43:08,841 INFO: FILTER RESULT: 44 -> 44 records [d:\AivellumPro\zReport5\app.py:428]
2025-12-05 20:43:08,872 INFO: FILTER RESULT: 44 -> 44 records [d:\AivellumPro\zReport5\app.py:428]
2025-12-05 20:46:20,804 INFO: FILTER RESULT: 44 -> 44 records [d:\AivellumPro\zReport5\app.py:428]
2025-12-05 20:46:20,864 INFO: FILTER RESULT: 44 -> 44 records [d:\AivellumPro\zReport5\app.py:428]
2025-12-05 20:46:20,884 INFO: FILTER RESULT: 44 -> 44 records [d:\AivellumPro\zReport5\app.py:428]
2025-12-05 20:46:20,921 INFO: FILTER RESULT: 44 -> 44 records [d:\AivellumPro\zReport5\app.py:428]
2025-12-05 20:48:08,800 INFO: FILTER RESULT: 44 -> 44 records [d:\AivellumPro\zReport5\app.py:428]
2025-12-05 20:48:08,865 INFO: FILTER RESULT: 44 -> 44 records [d:\AivellumPro\zReport5\app.py:428]
2025-12-05 20:48:08,898 INFO: FILTER RESULT: 44 -> 44 records [d:\AivellumPro\zReport5\app.py:428]
2025-12-05 20:48:08,914 INFO: FILTER RESULT: 44 -> 44 records [d:\AivellumPro\zReport5\app.py:428]
2025-12-05 20:51:20,932 INFO: FILTER RESULT: 44 -> 44 records [d:\AivellumPro\zReport5\app.py:428]
2025-12-05 20:51:21,025 INFO: FILTER RESULT: 44 -> 44 records [d:\AivellumPro\zReport5\app.py:428]
2025-12-05 20:51:21,063 INFO: FILTER RESULT: 44 -> 44 records [d:\AivellumPro\zReport5\app.py:428]
2025-12-05 20:51:21,077 INFO: FILTER RESULT: 44 -> 44 records [d:\AivellumPro\zReport5\app.py:428]
2025-12-05 20:53:08,819 INFO: FILTER RESULT: 44 -> 44 records [d:\AivellumPro\zReport5\app.py:428]
2025-12-05 20:53:08,855 INFO: FILTER RESULT: 44 -> 44 records [d:\AivellumPro\zReport5\app.py:428]
2025-12-05 20:53:08,864 INFO: FILTER RESULT: 44 -> 44 records [d:\AivellumPro\zReport5\app.py:428]
2025-12-05 20:53:08,870 INFO: FILTER RESULT: 44 -> 44 records [d:\AivellumPro\zReport5\app.py:428]
2025-12-05 20:56:07,834 INFO: FILTER RESULT: 44 -> 44 records [d:\AivellumPro\zReport5\app.py:428]
2025-12-05 20:56:07,900 INFO: FILTER RESULT: 44 -> 44 records [d:\AivellumPro\zReport5\app.py:428]
2025-12-05 20:56:07,901 INFO: FILTER RESULT: 44 -> 44 records [d:\AivellumPro\zReport5\app.py:428]
2025-12-05 20:56:07,921 INFO: FILTER RESULT: 44 -> 44 records [d:\AivellumPro\zReport5\app.py:428]
2025-12-05 20:58:08,799 INFO: FILTER RESULT: 44 -> 44 records [d:\AivellumPro\zReport5\app.py:428]
2025-12-05 20:58:08,836 INFO: FILTER RESULT: 44 -> 44 records [d:\AivellumPro\zReport5\app.py:428]
2025-12-05 20:58:08,839 INFO: FILTER RESULT: 44 -> 44 records [d:\AivellumPro\zReport5\app.py:428]
2025-12-05 20:58:08,839 INFO: FILTER RESULT: 44 -> 44 records [d:\AivellumPro\zReport5\app.py:428]
2025-12-05 21:01:20,819 INFO: FILTER RESULT: 44 -> 44 records [d:\AivellumPro\zReport5\app.py:428]
2025-12-05 21:01:20,913 INFO: FILTER RESULT: 44 -> 44 records [d:\AivellumPro\zReport5\app.py:428]
2025-12-05 21:01:20,936 INFO: FILTER RESULT: 44 -> 44 records [d:\AivellumPro\zReport5\app.py:428]
2025-12-05 21:01:20,936 INFO: FILTER RESULT: 44 -> 44 records [d:\AivellumPro\zReport5\app.py:428]
2025-12-05 21:03:08,836 INFO: FILTER RESULT: 44 -> 44 records [d:\AivellumPro\zReport5\app.py:428]
2025-12-05 21:03:08,860 INFO: FILTER RESULT: 44 -> 44 records [d:\AivellumPro\zReport5\app.py:428]
2025-12-05 21:03:08,863 INFO: FILTER RESULT: 44 -> 44 records [d:\AivellumPro\zReport5\app.py:428]
2025-12-05 21:03:08,866 INFO: FILTER RESULT: 44 -> 44 records [d:\AivellumPro\zReport5\app.py:428]
2025-12-05 21:06:20,823 INFO: FILTER RESULT: 44 -> 44 records [d:\AivellumPro\zReport5\app.py:428]
2025-12-05 21:06:20,887 INFO: FILTER RESULT: 44 -> 44 records [d:\AivellumPro\zReport5\app.py:428]
2025-12-05 21:06:20,904 INFO: FILTER RESULT: 44 -> 44 records [d:\AivellumPro\zReport5\app.py:428]
2025-12-05 21:06:20,904 INFO: FILTER RESULT: 44 -> 44 records [d:\AivellumPro\zReport5\app.py:428]
2025-12-05 21:08:08,802 INFO: FILTER RESULT: 44 -> 44 records [d:\AivellumPro\zReport5\app.py:428]
2025-12-05 21:08:08,836 INFO: FILTER RESULT: 44 -> 44 records [d:\AivellumPro\zReport5\app.py:428]
2025-12-05 21:08:08,839 INFO: FILTER RESULT: 44 -> 44 records [d:\AivellumPro\zReport5\app.py:428]
2025-12-05 21:08:08,855 INFO: FILTER RESULT: 44 -> 44 records [d:\AivellumPro\zReport5\app.py:428]
2025-12-05 21:11:20,850 INFO: FILTER RESULT: 44 -> 44 records [d:\AivellumPro\zReport5\app.py:428]
2025-12-05 21:11:20,895 INFO: FILTER RESULT: 44 -> 44 records [d:\AivellumPro\zReport5\app.py:428]
2025-12-05 21:11:20,898 INFO: FILTER RESULT: 44 -> 44 records [d:\AivellumPro\zReport5\app.py:428]
2025-12-05 21:11:20,900 INFO: FILTER RESULT: 44 -> 44 records [d:\AivellumPro\zReport5\app.py:428]
2025-12-05 21:13:08,773 INFO: FILTER RESULT: 44 -> 44 records [d:\AivellumPro\zReport5\app.py:428]
2025-12-05 21:13:08,792 INFO: FILTER RESULT: 44 -> 44 records [d:\AivellumPro\zReport5\app.py:428]
2025-12-05 21:13:08,794 INFO: FILTER RESULT: 44 -> 44 records [d:\AivellumPro\zReport5\app.py:428]
2025-12-05 21:13:08,811 INFO: FILTER RESULT: 44 -> 44 records [d:\AivellumPro\zReport5\app.py:428]
2025-12-05 21:16:20,790 INFO: FILTER RESULT: 44 -> 44 records [d:\AivellumPro\zReport5\app.py:428]
2025-12-05 21:16:20,837 INFO: FILTER RESULT: 44 -> 44 records [d:\AivellumPro\zReport5\app.py:428]
2025-12-05 21:16:20,846 INFO: FILTER RESULT: 44 -> 44 records [d:\AivellumPro\zReport5\app.py:428]
2025-12-05 21:16:20,850 INFO: FILTER RESULT: 44 -> 44 records [d:\AivellumPro\zReport5\app.py:428]
2025-12-05 21:18:08,783 INFO: FILTER RESULT: 44 -> 44 records [d:\AivellumPro\zReport5\app.py:428]
2025-12-05 21:18:08,798 INFO: FILTER RESULT: 44 -> 44 records [d:\AivellumPro\zReport5\app.py:428]
2025-12-05 21:18:08,801 INFO: FILTER RESULT: 44 -> 44 records [d:\AivellumPro\zReport5\app.py:428]
2025-12-05 21:18:08,818 INFO: FILTER RESULT: 44 -> 44 records [d:\AivellumPro\zReport5\app.py:428]
2025-12-05 21:21:20,846 INFO: FILTER RESULT: 44 -> 44 records [d:\AivellumPro\zReport5\app.py:428]
2025-12-05 21:21:20,918 INFO: FILTER RESULT: 44 -> 44 records [d:\AivellumPro\zReport5\app.py:428]
2025-12-05 21:21:20,919 INFO: FILTER RESULT: 44 -> 44 records [d:\AivellumPro\zReport5\app.py:428]
2025-12-05 21:21:20,922 INFO: FILTER RESULT: 44 -> 44 records [d:\AivellumPro\zReport5\app.py:428]
2025-12-05 21:23:08,780 INFO: FILTER RESULT: 44 -> 44 records [d:\AivellumPro\zReport5\app.py:428]
2025-12-05 21:23:08,792 INFO: FILTER RESULT: 44 -> 44 records [d:\AivellumPro\zReport5\app.py:428]
2025-12-05 21:23:08,801 INFO: FILTER RESULT: 44 -> 44 records [d:\AivellumPro\zReport5\app.py:428]
2025-12-05 21:23:08,810 INFO: FILTER RESULT: 44 -> 44 records [d:\AivellumPro\zReport5\app.py:428]
2025-12-05 21:26:20,816 INFO: FILTER RESULT: 44 -> 44 records [d:\AivellumPro\zReport5\app.py:428]
2025-12-05 21:26:20,878 INFO: FILTER RESULT: 44 -> 44 records [d:\AivellumPro\zReport5\app.py:428]
2025-12-05 21:26:20,881 INFO: FILTER RESULT: 44 -> 44 records [d:\AivellumPro\zReport5\app.py:428]
2025-12-05 21:26:20,883 INFO: FILTER RESULT: 44 -> 44 records [d:\AivellumPro\zReport5\app.py:428]
2025-12-05 21:28:08,778 INFO: FILTER RESULT: 44 -> 44 records [d:\AivellumPro\zReport5\app.py:428]
2025-12-05 21:28:08,792 INFO: FILTER RESULT: 44 -> 44 records [d:\AivellumPro\zReport5\app.py:428]
2025-12-05 21:28:08,802 INFO: FILTER RESULT: 44 -> 44 records [d:\AivellumPro\zReport5\app.py:428]
2025-12-05 21:28:08,809 INFO: FILTER RESULT: 44 -> 44 records [d:\AivellumPro\zReport5\app.py:428]
2025-12-05 21:31:20,877 INFO: FILTER RESULT: 44 -> 44 records [d:\AivellumPro\zReport5\app.py:428]
2025-12-05 21:31:20,992 INFO: FILTER RESULT: 44 -> 44 records [d:\AivellumPro\zReport5\app.py:428]
2025-12-05 21:31:21,017 INFO: FILTER RESULT: 44 -> 44 records [d:\AivellumPro\zReport5\app.py:428]
2025-12-05 21:31:21,089 INFO: FILTER RESULT: 44 -> 44 records [d:\AivellumPro\zReport5\app.py:428]
2025-12-05 21:33:08,814 INFO: FILTER RESULT: 44 -> 44 records [d:\AivellumPro\zReport5\app.py:428]
2025-12-05 21:33:08,871 INFO: FILTER RESULT: 44 -> 44 records [d:\AivellumPro\zReport5\app.py:428]
2025-12-05 21:33:08,876 INFO: FILTER RESULT: 44 -> 44 records [d:\AivellumPro\zReport5\app.py:428]
2025-12-05 21:33:08,909 INFO: FILTER RESULT: 44 -> 44 records [d:\AivellumPro\zReport5\app.py:428]
2025-12-05 21:36:20,891 INFO: FILTER RESULT: 44 -> 44 records [d:\AivellumPro\zReport5\app.py:428]
2025-12-05 21:36:20,924 INFO: FILTER RESULT: 44 -> 44 records [d:\AivellumPro\zReport5\app.py:428]
2025-12-05 21:36:20,947 INFO: FILTER RESULT: 44 -> 44 records [d:\AivellumPro\zReport5\app.py:428]
2025-12-05 21:36:20,948 INFO: FILTER RESULT: 44 -> 44 records [d:\AivellumPro\zReport5\app.py:428]
2025-12-05 21:38:08,807 INFO: FILTER RESULT: 44 -> 44 records [d:\AivellumPro\zReport5\app.py:428]
2025-12-05 21:38:08,837 INFO: FILTER RESULT: 44 -> 44 records [d:\AivellumPro\zReport5\app.py:428]
2025-12-05 21:38:08,850 INFO: FILTER RESULT: 44 -> 44 records [d:\AivellumPro\zReport5\app.py:428]
2025-12-05 21:38:08,860 INFO: FILTER RESULT: 44 -> 44 records [d:\AivellumPro\zReport5\app.py:428]
2025-12-05 21:41:20,806 INFO: FILTER RESULT: 44 -> 44 records [d:\AivellumPro\zReport5\app.py:428]
2025-12-05 21:41:20,858 INFO: FILTER RESULT: 44 -> 44 records [d:\AivellumPro\zReport5\app.py:428]
2025-12-05 21:41:20,869 INFO: FILTER RESULT: 44 -> 44 records [d:\AivellumPro\zReport5\app.py:428]
2025-12-05 21:41:20,872 INFO: FILTER RESULT: 44 -> 44 records [d:\AivellumPro\zReport5\app.py:428]
2025-12-05 21:43:08,789 INFO: FILTER RESULT: 44 -> 44 records [d:\AivellumPro\zReport5\app.py:428]
2025-12-05 21:43:08,804 INFO: FILTER RESULT: 44 -> 44 records [d:\AivellumPro\zReport5\app.py:428]
2025-12-05 21:43:08,807 INFO: FILTER RESULT: 44 -> 44 records [d:\AivellumPro\zReport5\app.py:428]
2025-12-05 21:43:08,826 INFO: FILTER RESULT: 44 -> 44 records [d:\AivellumPro\zReport5\app.py:428]
2025-12-05 21:46:21,248 INFO: FILTER RESULT: 44 -> 44 records [d:\AivellumPro\zReport5\app.py:428]
2025-12-05 21:46:29,334 INFO: FILTER RESULT: 44 -> 44 records [d:\AivellumPro\zReport5\app.py:428]
2025-12-05 21:46:29,789 INFO: FILTER RESULT: 44 -> 44 records [d:\AivellumPro\zReport5\app.py:428]
2025-12-05 21:46:29,790 INFO: FILTER RESULT: 44 -> 44 records [d:\AivellumPro\zReport5\app.py:428]
2025-12-05 21:48:08,786 INFO: FILTER RESULT: 44 -> 44 records [d:\AivellumPro\zReport5\app.py:428]
2025-12-05 21:48:08,810 INFO: FILTER RESULT: 44 -> 44 records [d:\AivellumPro\zReport5\app.py:428]
2025-12-05 21:48:08,813 INFO: FILTER RESULT: 44 -> 44 records [d:\AivellumPro\zReport5\app.py:428]
2025-12-05 21:48:08,842 INFO: FILTER RESULT: 44 -> 44 records [d:\AivellumPro\zReport5\app.py:428]
2025-12-05 21:51:20,804 INFO: FILTER RESULT: 44 -> 44 records [d:\AivellumPro\zReport5\app.py:428]
2025-12-05 21:51:20,876 INFO: FILTER RESULT: 44 -> 44 records [d:\AivellumPro\zReport5\app.py:428]
2025-12-05 21:51:20,894 INFO: FILTER RESULT: 44 -> 44 records [d:\AivellumPro\zReport5\app.py:428]
2025-12-05 21:51:20,897 INFO: FILTER RESULT: 44 -> 44 records [d:\AivellumPro\zReport5\app.py:428]
2025-12-05 21:53:08,797 INFO: FILTER RESULT: 44 -> 44 records [d:\AivellumPro\zReport5\app.py:428]
2025-12-05 21:53:08,817 INFO: FILTER RESULT: 44 -> 44 records [d:\AivellumPro\zReport5\app.py:428]
2025-12-05 21:53:08,832 INFO: FILTER RESULT: 44 -> 44 records [d:\AivellumPro\zReport5\app.py:428]
2025-12-05 21:53:08,863 INFO: FILTER RESULT: 44 -> 44 records [d:\AivellumPro\zReport5\app.py:428]
2025-12-05 21:56:20,798 INFO: FILTER RESULT: 44 -> 44 records [d:\AivellumPro\zReport5\app.py:428]
2025-12-05 21:56:20,836 INFO: FILTER RESULT: 44 -> 44 records [d:\AivellumPro\zReport5\app.py:428]
2025-12-05 21:56:20,848 INFO: FILTER RESULT: 44 -> 44 records [d:\AivellumPro\zReport5\app.py:428]
2025-12-05 21:56:20,856 INFO: FILTER RESULT: 44 -> 44 records [d:\AivellumPro\zReport5\app.py:428]
2025-12-05 21:58:08,799 INFO: FILTER RESULT: 44 -> 44 records [d:\AivellumPro\zReport5\app.py:428]
2025-12-05 21:58:08,842 INFO: FILTER RESULT: 44 -> 44 records [d:\AivellumPro\zReport5\app.py:428]
2025-12-05 21:58:08,843 INFO: FILTER RESULT: 44 -> 44 records [d:\AivellumPro\zReport5\app.py:428]
2025-12-05 21:58:08,846 INFO: FILTER RESULT: 44 -> 44 records [d:\AivellumPro\zReport5\app.py:428]
2025-12-05 22:01:20,894 INFO: FILTER RESULT: 44 -> 44 records [d:\AivellumPro\zReport5\app.py:428]
2025-12-05 22:01:20,961 INFO: FILTER RESULT: 44 -> 44 records [d:\AivellumPro\zReport5\app.py:428]
2025-12-05 22:01:20,961 INFO: FILTER RESULT: 44 -> 44 records [d:\AivellumPro\zReport5\app.py:428]
2025-12-05 22:01:20,964 INFO: FILTER RESULT: 44 -> 44 records [d:\AivellumPro\zReport5\app.py:428]
2025-12-05 22:03:08,786 INFO: FILTER RESULT: 44 -> 44 records [d:\AivellumPro\zReport5\app.py:428]
2025-12-05 22:03:08,814 INFO: FILTER RESULT: 44 -> 44 records [d:\AivellumPro\zReport5\app.py:428]
2025-12-05 22:03:08,818 INFO: FILTER RESULT: 44 -> 44 records [d:\AivellumPro\zReport5\app.py:428]
2025-12-05 22:03:08,819 INFO: FILTER RESULT: 44 -> 44 records [d:\AivellumPro\zReport5\app.py:428]
2025-12-05 22:06:07,801 INFO: FILTER RESULT: 44 -> 44 records [d:\AivellumPro\zReport5\app.py:428]
2025-12-05 22:06:07,850 INFO: FILTER RESULT: 44 -> 44 records [d:\AivellumPro\zReport5\app.py:428]
2025-12-05 22:06:07,854 INFO: FILTER RESULT: 44 -> 44 records [d:\AivellumPro\zReport5\app.py:428]
2025-12-05 22:06:07,862 INFO: FILTER RESULT: 44 -> 44 records [d:\AivellumPro\zReport5\app.py:428]
2025-12-05 22:08:08,837 INFO: FILTER RESULT: 44 -> 44 records [d:\AivellumPro\zReport5\app.py:428]
2025-12-05 22:08:09,008 INFO: FILTER RESULT: 44 -> 44 records [d:\AivellumPro\zReport5\app.py:428]
2025-12-05 22:08:09,037 INFO: FILTER RESULT: 44 -> 44 records [d:\AivellumPro\zReport5\app.py:428]
2025-12-05 22:08:09,057 INFO: FILTER RESULT: 44 -> 44 records [d:\AivellumPro\zReport5\app.py:428]
2025-12-05 22:08:09,062 INFO: FILTER RESULT: 44 -> 44 records [d:\AivellumPro\zReport5\app.py:428]
2025-12-05 22:08:09,079 INFO: FILTER RESULT: 44 -> 44 records [d:\AivellumPro\zReport5\app.py:428]
2025-12-05 22:08:09,085 INFO: FILTER RESULT: 44 -> 44 records [d:\AivellumPro\zReport5\app.py:428]
2025-12-05 22:08:09,123 INFO: FILTER RESULT: 44 -> 44 records [d:\AivellumPro\zReport5\app.py:428]
2025-12-05 22:08:15,596 INFO: FILTER RESULT: 44 -> 44 records [d:\AivellumPro\zReport5\app.py:428]
2025-12-05 22:08:20,219 INFO: FILTER RESULT: 44 -> 44 records [d:\AivellumPro\zReport5\app.py:428]
2025-12-05 22:08:20,695 INFO: FILTER RESULT: 44 -> 44 records [d:\AivellumPro\zReport5\app.py:428]
2025-12-05 22:08:22,528 INFO: FILTER RESULT: 44 -> 44 records [d:\AivellumPro\zReport5\app.py:428]
2025-12-05 22:08:23,959 INFO: FILTER RESULT: 44 -> 44 records [d:\AivellumPro\zReport5\app.py:428]
2025-12-05 22:08:24,500 INFO: FILTER RESULT: 44 -> 44 records [d:\AivellumPro\zReport5\app.py:428]
2025-12-05 22:08:25,132 INFO: FILTER RESULT: 44 -> 44 records [d:\AivellumPro\zReport5\app.py:428]
2025-12-05 22:09:29,614 INFO: FILTER RESULT: 44 -> 44 records [d:\AivellumPro\zReport5\app.py:428]
2025-12-05 22:09:29,614 INFO: FILTER RESULT: 44 -> 44 records [d:\AivellumPro\zReport5\app.py:428]
2025-12-05 22:09:29,616 INFO: FILTER RESULT: 44 -> 44 records [d:\AivellumPro\zReport5\app.py:428]
2025-12-05 22:09:29,616 INFO: FILTER RESULT: 44 -> 44 records [d:\AivellumPro\zReport5\app.py:428]
2025-12-05 22:09:38,756 INFO: FILTER RESULT: 44 -> 44 records [d:\AivellumPro\zReport5\app.py:428]
2025-12-05 22:13:08,841 INFO: FILTER RESULT: 44 -> 44 records [d:\AivellumPro\zReport5\app.py:428]
2025-12-05 22:13:08,902 INFO: FILTER RESULT: 44 -> 44 records [d:\AivellumPro\zReport5\app.py:428]
2025-12-05 22:13:08,905 INFO: FILTER RESULT: 44 -> 44 records [d:\AivellumPro\zReport5\app.py:428]
2025-12-05 22:13:08,911 INFO: FILTER RESULT: 44 -> 44 records [d:\AivellumPro\zReport5\app.py:428]
2025-12-05 22:18:08,775 INFO: FILTER RESULT: 44 -> 44 records [d:\AivellumPro\zReport5\app.py:428]
2025-12-05 22:18:08,793 INFO: FILTER RESULT: 44 -> 44 records [d:\AivellumPro\zReport5\app.py:428]
2025-12-05 22:18:08,808 INFO: FILTER RESULT: 44 -> 44 records [d:\AivellumPro\zReport5\app.py:428]
2025-12-05 22:18:08,821 INFO: FILTER RESULT: 44 -> 44 records [d:\AivellumPro\zReport5\app.py:428]
2025-12-05 22:23:08,870 INFO: FILTER RESULT: 44 -> 44 records [d:\AivellumPro\zReport5\app.py:428]
2025-12-05 22:23:08,958 INFO: FILTER RESULT: 44 -> 44 records [d:\AivellumPro\zReport5\app.py:428]
2025-12-05 22:23:08,959 INFO: FILTER RESULT: 44 -> 44 records [d:\AivellumPro\zReport5\app.py:428]
2025-12-05 22:23:08,960 INFO: FILTER RESULT: 44 -> 44 records [d:\AivellumPro\zReport5\app.py:428]
2025-12-05 22:28:08,783 INFO: FILTER RESULT: 44 -> 44 records [d:\AivellumPro\zReport5\app.py:428]
2025-12-05 22:28:08,804 INFO: FILTER RESULT: 44 -> 44 records [d:\AivellumPro\zReport5\app.py:428]
2025-12-05 22:28:08,805 INFO: FILTER RESULT: 44 -> 44 records [d:\AivellumPro\zReport5\app.py:428]
2025-12-05 22:28:08,807 INFO: FILTER RESULT: 44 -> 44 records [d:\AivellumPro\zReport5\app.py:428]
2025-12-05 22:33:08,994 INFO: FILTER RESULT: 44 -> 44 records [d:\AivellumPro\zReport5\app.py:428]
2025-12-05 22:33:09,071 INFO: FILTER RESULT: 44 -> 44 records [d:\AivellumPro\zReport5\app.py:428]
2025-12-05 22:33:09,081 INFO: FILTER RESULT: 44 -> 44 records [d:\AivellumPro\zReport5\app.py:428]
2025-12-05 22:33:09,089 INFO: FILTER RESULT: 44 -> 44 records [d:\AivellumPro\zReport5\app.py:428]
2025-12-05 22:38:08,819 INFO: FILTER RESULT: 44 -> 44 records [d:\AivellumPro\zReport5\app.py:428]
2025-12-05 22:38:08,876 INFO: FILTER RESULT: 44 -> 44 records [d:\AivellumPro\zReport5\app.py:428]
2025-12-05 22:38:08,893 INFO: FILTER RESULT: 44 -> 44 records [d:\AivellumPro\zReport5\app.py:428]
2025-12-05 22:38:08,917 INFO: FILTER RESULT: 44 -> 44 records [d:\AivellumPro\zReport5\app.py:428]
2025-12-05 22:43:08,779 INFO: FILTER RESULT: 44 -> 44 records [d:\AivellumPro\zReport5\app.py:428]
2025-12-05 22:43:08,817 INFO: FILTER RESULT: 44 -> 44 records [d:\AivellumPro\zReport5\app.py:428]
2025-12-05 22:43:08,841 INFO: FILTER RESULT: 44 -> 44 records [d:\AivellumPro\zReport5\app.py:428]
2025-12-05 22:43:08,852 INFO: FILTER RESULT: 44 -> 44 records [d:\AivellumPro\zReport5\app.py:428]
2025-12-05 22:48:08,778 INFO: FILTER RESULT: 44 -> 44 records [d:\AivellumPro\zReport5\app.py:428]
2025-12-05 22:48:08,803 INFO: FILTER RESULT: 44 -> 44 records [d:\AivellumPro\zReport5\app.py:428]
2025-12-05 22:48:08,807 INFO: FILTER RESULT: 44 -> 44 records [d:\AivellumPro\zReport5\app.py:428]
2025-12-05 22:48:08,841 INFO: FILTER RESULT: 44 -> 44 records [d:\AivellumPro\zReport5\app.py:428]
2025-12-05 22:53:08,794 INFO: FILTER RESULT: 44 -> 44 records [d:\AivellumPro\zReport5\app.py:428]
2025-12-05 22:53:08,823 INFO: FILTER RESULT: 44 -> 44 records [d:\AivellumPro\zReport5\app.py:428]
2025-12-05 22:53:08,827 INFO: FILTER RESULT: 44 -> 44 records [d:\AivellumPro\zReport5\app.py:428]
2025-12-05 22:53:08,831 INFO: FILTER RESULT: 44 -> 44 records [d:\AivellumPro\zReport5\app.py:428]
2025-12-05 22:58:08,766 INFO: FILTER RESULT: 44 -> 44 records [d:\AivellumPro\zReport5\app.py:428]
2025-12-05 22:58:08,806 INFO: FILTER RESULT: 44 -> 44 records [d:\AivellumPro\zReport5\app.py:428]
2025-12-05 22:58:08,808 INFO: FILTER RESULT: 44 -> 44 records [d:\AivellumPro\zReport5\app.py:428]
2025-12-05 22:58:08,816 INFO: FILTER RESULT: 44 -> 44 records [d:\AivellumPro\zReport5\app.py:428]
2025-12-05 23:03:08,769 INFO: FILTER RESULT: 44 -> 44 records [d:\AivellumPro\zReport5\app.py:428]
2025-12-05 23:03:08,789 INFO: FILTER RESULT: 44 -> 44 records [d:\AivellumPro\zReport5\app.py:428]
2025-12-05 23:03:08,796 INFO: FILTER RESULT: 44 -> 44 records [d:\AivellumPro\zReport5\app.py:428]
2025-12-05 23:03:08,808 INFO: FILTER RESULT: 44 -> 44 records [d:\AivellumPro\zReport5\app.py:428]
2025-12-05 23:08:08,770 INFO: FILTER RESULT: 44 -> 44 records [d:\AivellumPro\zReport5\app.py:428]
2025-12-05 23:08:08,787 INFO: FILTER RESULT: 44 -> 44 records [d:\AivellumPro\zReport5\app.py:428]
2025-12-05 23:08:08,795 INFO: FILTER RESULT: 44 -> 44 records [d:\AivellumPro\zReport5\app.py:428]
2025-12-05 23:08:08,797 INFO: FILTER RESULT: 44 -> 44 records [d:\AivellumPro\zReport5\app.py:428]
2025-12-05 23:13:08,778 INFO: FILTER RESULT: 44 -> 44 records [d:\AivellumPro\zReport5\app.py:428]
2025-12-05 23:13:08,796 INFO: FILTER RESULT: 44 -> 44 records [d:\AivellumPro\zReport5\app.py:428]
2025-12-05 23:13:08,799 INFO: FILTER RESULT: 44 -> 44 records [d:\AivellumPro\zReport5\app.py:428]
2025-12-05 23:13:08,799 INFO: FILTER RESULT: 44 -> 44 records [d:\AivellumPro\zReport5\app.py:428]
2025-12-05 23:18:08,776 INFO: FILTER RESULT: 44 -> 44 records [d:\AivellumPro\zReport5\app.py:428]
2025-12-05 23:18:08,798 INFO: FILTER RESULT: 44 -> 44 records [d:\AivellumPro\zReport5\app.py:428]
2025-12-05 23:18:08,807 INFO: FILTER RESULT: 44 -> 44 records [d:\AivellumPro\zReport5\app.py:428]
2025-12-05 23:18:08,812 INFO: FILTER RESULT: 44 -> 44 records [d:\AivellumPro\zReport5\app.py:428]
2025-12-05 23:23:08,880 INFO: FILTER RESULT: 44 -> 44 records [d:\AivellumPro\zReport5\app.py:428]
2025-12-05 23:23:08,983 INFO: FILTER RESULT: 44 -> 44 records [d:\AivellumPro\zReport5\app.py:428]
2025-12-05 23:23:08,989 INFO: FILTER RESULT: 44 -> 44 records [d:\AivellumPro\zReport5\app.py:428]
2025-12-05 23:23:09,000 INFO: FILTER RESULT: 44 -> 44 records [d:\AivellumPro\zReport5\app.py:428]
2025-12-05 23:28:08,782 INFO: FILTER RESULT: 44 -> 44 records [d:\AivellumPro\zReport5\app.py:428]
2025-12-05 23:28:08,801 INFO: FILTER RESULT: 44 -> 44 records [d:\AivellumPro\zReport5\app.py:428]
2025-12-05 23:28:08,803 INFO: FILTER RESULT: 44 -> 44 records [d:\AivellumPro\zReport5\app.py:428]
2025-12-05 23:28:08,811 INFO: FILTER RESULT: 44 -> 44 records [d:\AivellumPro\zReport5\app.py:428]
2025-12-05 23:33:08,792 INFO: FILTER RESULT: 44 -> 44 records [d:\AivellumPro\zReport5\app.py:428]
2025-12-05 23:33:08,838 INFO: FILTER RESULT: 44 -> 44 records [d:\AivellumPro\zReport5\app.py:428]
2025-12-05 23:33:08,842 INFO: FILTER RESULT: 44 -> 44 records [d:\AivellumPro\zReport5\app.py:428]
2025-12-05 23:33:08,843 INFO: FILTER RESULT: 44 -> 44 records [d:\AivellumPro\zReport5\app.py:428]
2025-12-05 23:38:08,785 INFO: FILTER RESULT: 44 -> 44 records [d:\AivellumPro\zReport5\app.py:428]
2025-12-05 23:38:08,813 INFO: FILTER RESULT: 44 -> 44 records [d:\AivellumPro\zReport5\app.py:428]
2025-12-05 23:38:08,816 INFO: FILTER RESULT: 44 -> 44 records [d:\AivellumPro\zReport5\app.py:428]
2025-12-05 23:38:08,836 INFO: FILTER RESULT: 44 -> 44 records [d:\AivellumPro\zReport5\app.py:428]
2025-12-05 23:43:08,771 INFO: FILTER RESULT: 44 -> 44 records [d:\AivellumPro\zReport5\app.py:428]
2025-12-05 23:43:08,789 INFO: FILTER RESULT: 44 -> 44 records [d:\AivellumPro\zReport5\app.py:428]
2025-12-05 23:43:08,799 INFO: FILTER RESULT: 44 -> 44 records [d:\AivellumPro\zReport5\app.py:428]
2025-12-05 23:43:08,812 INFO: FILTER RESULT: 44 -> 44 records [d:\AivellumPro\zReport5\app.py:428]
2025-12-05 23:48:08,778 INFO: FILTER RESULT: 44 -> 44 records [d:\AivellumPro\zReport5\app.py:428]
2025-12-05 23:48:08,793 INFO: FILTER RESULT: 44 -> 44 records [d:\AivellumPro\zReport5\app.py:428]
2025-12-05 23:48:08,810 INFO: FILTER RESULT: 44 -> 44 records [d:\AivellumPro\zReport5\app.py:428]
2025-12-05 23:48:08,812 INFO: FILTER RESULT: 44 -> 44 records [d:\AivellumPro\zReport5\app.py:428]
2025-12-05 23:53:08,767 INFO: FILTER RESULT: 44 -> 44 records [d:\AivellumPro\zReport5\app.py:428]
2025-12-05 23:53:08,780 INFO: FILTER RESULT: 44 -> 44 records [d:\AivellumPro\zReport5\app.py:428]
2025-12-05 23:53:08,795 INFO: FILTER RESULT: 44 -> 44 records [d:\AivellumPro\zReport5\app.py:428]
2025-12-05 23:53:08,797 INFO: FILTER RESULT: 44 -> 44 records [d:\AivellumPro\zReport5\app.py:428]
2025-12-05 23:58:08,776 INFO: FILTER RESULT: 44 -> 44 records [d:\AivellumPro\zReport5\app.py:428]
2025-12-05 23:58:08,789 INFO: FILTER RESULT: 44 -> 44 records [d:\AivellumPro\zReport5\app.py:428]
2025-12-05 23:58:08,793 INFO: FILTER RESULT: 44 -> 44 records [d:\AivellumPro\zReport5\app.py:428]
2025-12-05 23:58:08,793 INFO: FILTER RESULT: 44 -> 44 records [d:\AivellumPro\zReport5\app.py:428]
2025-12-06 00:03:08,775 INFO: FILTER RESULT: 44 -> 44 records [d:\AivellumPro\zReport5\app.py:428]
2025-12-06 00:03:08,792 INFO: FILTER RESULT: 44 -> 44 records [d:\AivellumPro\zReport5\app.py:428]
2025-12-06 00:03:08,793 INFO: FILTER RESULT: 44 -> 44 records [d:\AivellumPro\zReport5\app.py:428]
2025-12-06 00:03:08,796 INFO: FILTER RESULT: 44 -> 44 records [d:\AivellumPro\zReport5\app.py:428]
2025-12-06 00:08:08,777 INFO: FILTER RESULT: 44 -> 44 records [d:\AivellumPro\zReport5\app.py:428]
2025-12-06 00:08:08,792 INFO: FILTER RESULT: 44 -> 44 records [d:\AivellumPro\zReport5\app.py:428]
2025-12-06 00:08:08,799 INFO: FILTER RESULT: 44 -> 44 records [d:\AivellumPro\zReport5\app.py:428]
2025-12-06 00:08:08,809 INFO: FILTER RESULT: 44 -> 44 records [d:\AivellumPro\zReport5\app.py:428]
2025-12-06 00:13:08,777 INFO: FILTER RESULT: 44 -> 44 records [d:\AivellumPro\zReport5\app.py:428]
2025-12-06 00:13:08,791 INFO: FILTER RESULT: 44 -> 44 records [d:\AivellumPro\zReport5\app.py:428]
2025-12-06 00:13:08,795 INFO: FILTER RESULT: 44 -> 44 records [d:\AivellumPro\zReport5\app.py:428]
2025-12-06 00:13:08,797 INFO: FILTER RESULT: 44 -> 44 records [d:\AivellumPro\zReport5\app.py:428]
2025-12-06 00:18:08,779 INFO: FILTER RESULT: 44 -> 44 records [d:\AivellumPro\zReport5\app.py:428]
2025-12-06 00:18:08,793 INFO: FILTER RESULT: 44 -> 44 records [d:\AivellumPro\zReport5\app.py:428]
2025-12-06 00:18:08,795 INFO: FILTER RESULT: 44 -> 44 records [d:\AivellumPro\zReport5\app.py:428]
2025-12-06 00:18:08,798 INFO: FILTER RESULT: 44 -> 44 records [d:\AivellumPro\zReport5\app.py:428]
2025-12-06 00:23:08,764 INFO: FILTER RESULT: 44 -> 44 records [d:\AivellumPro\zReport5\app.py:428]
2025-12-06 00:23:08,784 INFO: FILTER RESULT: 44 -> 44 records [d:\AivellumPro\zReport5\app.py:428]
2025-12-06 00:23:08,787 INFO: FILTER RESULT: 44 -> 44 records [d:\AivellumPro\zReport5\app.py:428]
2025-12-06 00:23:08,806 INFO: FILTER RESULT: 44 -> 44 records [d:\AivellumPro\zReport5\app.py:428]
2025-12-06 00:28:08,779 INFO: FILTER RESULT: 44 -> 44 records [d:\AivellumPro\zReport5\app.py:428]
2025-12-06 00:28:08,798 INFO: FILTER RESULT: 44 -> 44 records [d:\AivellumPro\zReport5\app.py:428]
2025-12-06 00:28:08,803 INFO: FILTER RESULT: 44 -> 44 records [d:\AivellumPro\zReport5\app.py:428]
2025-12-06 00:28:08,805 INFO: FILTER RESULT: 44 -> 44 records [d:\AivellumPro\zReport5\app.py:428]
2025-12-06 00:33:08,839 INFO: FILTER RESULT: 44 -> 44 records [d:\AivellumPro\zReport5\app.py:428]
2025-12-06 00:33:08,912 INFO: FILTER RESULT: 44 -> 44 records [d:\AivellumPro\zReport5\app.py:428]
2025-12-06 00:33:08,914 INFO: FILTER RESULT: 44 -> 44 records [d:\AivellumPro\zReport5\app.py:428]
2025-12-06 00:33:08,915 INFO: FILTER RESULT: 44 -> 44 records [d:\AivellumPro\zReport5\app.py:428]
2025-12-06 00:38:08,773 INFO: FILTER RESULT: 44 -> 44 records [d:\AivellumPro\zReport5\app.py:428]
2025-12-06 00:38:08,797 INFO: FILTER RESULT: 44 -> 44 records [d:\AivellumPro\zReport5\app.py:428]
2025-12-06 00:38:08,798 INFO: FILTER RESULT: 44 -> 44 records [d:\AivellumPro\zReport5\app.py:428]
2025-12-06 00:38:08,798 INFO: FILTER RESULT: 44 -> 44 records [d:\AivellumPro\zReport5\app.py:428]
2025-12-06 00:43:08,781 INFO: FILTER RESULT: 44 -> 44 records [d:\AivellumPro\zReport5\app.py:428]
2025-12-06 00:43:08,802 INFO: FILTER RESULT: 44 -> 44 records [d:\AivellumPro\zReport5\app.py:428]
2025-12-06 00:43:08,807 INFO: FILTER RESULT: 44 -> 44 records [d:\AivellumPro\zReport5\app.py:428]
2025-12-06 00:43:08,823 INFO: FILTER RESULT: 44 -> 44 records [d:\AivellumPro\zReport5\app.py:428]
2025-12-06 00:48:08,776 INFO: FILTER RESULT: 44 -> 44 records [d:\AivellumPro\zReport5\app.py:428]
2025-12-06 00:48:08,794 INFO: FILTER RESULT: 44 -> 44 records [d:\AivellumPro\zReport5\app.py:428]
2025-12-06 00:48:08,797 INFO: FILTER RESULT: 44 -> 44 records [d:\AivellumPro\zReport5\app.py:428]
2025-12-06 00:48:08,833 INFO: FILTER RESULT: 44 -> 44 records [d:\AivellumPro\zReport5\app.py:428]
2025-12-06 00:53:08,768 INFO: FILTER RESULT: 44 -> 44 records [d:\AivellumPro\zReport5\app.py:428]
2025-12-06 00:53:08,785 INFO: FILTER RESULT: 44 -> 44 records [d:\AivellumPro\zReport5\app.py:428]
2025-12-06 00:53:08,792 INFO: FILTER RESULT: 44 -> 44 records [d:\AivellumPro\zReport5\app.py:428]
2025-12-06 00:53:08,795 INFO: FILTER RESULT: 44 -> 44 records [d:\AivellumPro\zReport5\app.py:428]
2025-12-06 01:23:09,005 INFO: FILTER RESULT: 44 -> 44 records [d:\AivellumPro\zReport5\app.py:428]
2025-12-06 01:23:09,087 INFO: FILTER RESULT: 44 -> 44 records [d:\AivellumPro\zReport5\app.py:428]
2025-12-06 01:23:09,147 INFO: FILTER RESULT: 44 -> 44 records [d:\AivellumPro\zReport5\app.py:428]
2025-12-06 01:23:09,149 INFO: FILTER RESULT: 44 -> 44 records [d:\AivellumPro\zReport5\app.py:428]
2025-12-07 01:01:15,544 INFO: FILTER RESULT: 44 -> 44 records [d:\AivellumPro\zReport5\app.py:428]
2025-12-07 01:01:15,725 INFO: FILTER RESULT: 44 -> 44 records [d:\AivellumPro\zReport5\app.py:428]
2025-12-07 01:01:15,727 INFO: FILTER RESULT: 44 -> 44 records [d:\AivellumPro\zReport5\app.py:428]
2025-12-07 01:01:15,731 INFO: FILTER RESULT: 44 -> 44 records [d:\AivellumPro\zReport5\app.py:428]
2025-12-07 01:03:00,851 INFO: FILTER RESULT: 44 -> 44 records [d:\AivellumPro\zReport5\app.py:428]
2025-12-07 01:03:00,870 INFO: FILTER RESULT: 44 -> 44 records [d:\AivellumPro\zReport5\app.py:428]
2025-12-07 01:03:00,873 INFO: FILTER RESULT: 44 -> 44 records [d:\AivellumPro\zReport5\app.py:428]
2025-12-07 01:03:00,888 INFO: FILTER RESULT: 44 -> 44 records [d:\AivellumPro\zReport5\app.py:428]
2025-12-07 01:08:00,938 INFO: FILTER RESULT: 44 -> 44 records [d:\AivellumPro\zReport5\app.py:428]
2025-12-07 01:08:01,026 INFO: FILTER RESULT: 44 -> 44 records [d:\AivellumPro\zReport5\app.py:428]
2025-12-07 01:08:01,029 INFO: FILTER RESULT: 44 -> 44 records [d:\AivellumPro\zReport5\app.py:428]
2025-12-07 01:08:01,050 INFO: FILTER RESULT: 44 -> 44 records [d:\AivellumPro\zReport5\app.py:428]
2025-12-07 01:13:00,838 INFO: FILTER RESULT: 44 -> 44 records [d:\AivellumPro\zReport5\app.py:428]
2025-12-07 01:13:00,856 INFO: FILTER RESULT: 44 -> 44 records [d:\AivellumPro\zReport5\app.py:428]
2025-12-07 01:13:00,856 INFO: FILTER RESULT: 44 -> 44 records [d:\AivellumPro\zReport5\app.py:428]
2025-12-07 01:13:00,865 INFO: FILTER RESULT: 44 -> 44 records [d:\AivellumPro\zReport5\app.py:428]
2025-12-07 01:18:00,838 INFO: FILTER RESULT: 44 -> 44 records [d:\AivellumPro\zReport5\app.py:428]
2025-12-07 01:18:00,858 INFO: FILTER RESULT: 44 -> 44 records [d:\AivellumPro\zReport5\app.py:428]
2025-12-07 01:18:00,868 INFO: FILTER RESULT: 44 -> 44 records [d:\AivellumPro\zReport5\app.py:428]
2025-12-07 01:18:00,895 INFO: FILTER RESULT: 44 -> 44 records [d:\AivellumPro\zReport5\app.py:428]
2025-12-07 01:23:00,843 INFO: FILTER RESULT: 44 -> 44 records [d:\AivellumPro\zReport5\app.py:428]
2025-12-07 01:23:00,863 INFO: FILTER RESULT: 44 -> 44 records [d:\AivellumPro\zReport5\app.py:428]
2025-12-07 01:23:00,867 INFO: FILTER RESULT: 44 -> 44 records [d:\AivellumPro\zReport5\app.py:428]
2025-12-07 01:23:00,900 INFO: FILTER RESULT: 44 -> 44 records [d:\AivellumPro\zReport5\app.py:428]
2025-12-07 01:28:00,853 INFO: FILTER RESULT: 44 -> 44 records [d:\AivellumPro\zReport5\app.py:428]
2025-12-07 01:28:00,877 INFO: FILTER RESULT: 44 -> 44 records [d:\AivellumPro\zReport5\app.py:428]
2025-12-07 01:28:00,881 INFO: FILTER RESULT: 44 -> 44 records [d:\AivellumPro\zReport5\app.py:428]
2025-12-07 01:28:00,883 INFO: FILTER RESULT: 44 -> 44 records [d:\AivellumPro\zReport5\app.py:428]
2025-12-07 01:33:00,841 INFO: FILTER RESULT: 44 -> 44 records [d:\AivellumPro\zReport5\app.py:428]
2025-12-07 01:33:00,862 INFO: FILTER RESULT: 44 -> 44 records [d:\AivellumPro\zReport5\app.py:428]
2025-12-07 01:33:00,863 INFO: FILTER RESULT: 44 -> 44 records [d:\AivellumPro\zReport5\app.py:428]
2025-12-07 01:33:00,870 INFO: FILTER RESULT: 44 -> 44 records [d:\AivellumPro\zReport5\app.py:428]
2025-12-07 01:38:00,836 INFO: FILTER RESULT: 44 -> 44 records [d:\AivellumPro\zReport5\app.py:428]
2025-12-07 01:38:00,853 INFO: FILTER RESULT: 44 -> 44 records [d:\AivellumPro\zReport5\app.py:428]
2025-12-07 01:38:00,859 INFO: FILTER RESULT: 44 -> 44 records [d:\AivellumPro\zReport5\app.py:428]
2025-12-07 01:38:00,860 INFO: FILTER RESULT: 44 -> 44 records [d:\AivellumPro\zReport5\app.py:428]
2025-12-07 01:43:00,840 INFO: FILTER RESULT: 44 -> 44 records [d:\AivellumPro\zReport5\app.py:428]
2025-12-07 01:43:00,859 INFO: FILTER RESULT: 44 -> 44 records [d:\AivellumPro\zReport5\app.py:428]
2025-12-07 01:43:00,862 INFO: FILTER RESULT: 44 -> 44 records [d:\AivellumPro\zReport5\app.py:428]
2025-12-07 01:43:00,868 INFO: FILTER RESULT: 44 -> 44 records [d:\AivellumPro\zReport5\app.py:428]
2025-12-07 01:48:00,871 INFO: FILTER RESULT: 44 -> 44 records [d:\AivellumPro\zReport5\app.py:428]
2025-12-07 01:48:00,908 INFO: FILTER RESULT: 44 -> 44 records [d:\AivellumPro\zReport5\app.py:428]
2025-12-07 01:48:00,927 INFO: FILTER RESULT: 44 -> 44 records [d:\AivellumPro\zReport5\app.py:428]
2025-12-07 01:48:00,948 INFO: FILTER RESULT: 44 -> 44 records [d:\AivellumPro\zReport5\app.py:428]
2025-12-07 01:52:56,618 INFO: FILTER RESULT: 44 -> 44 records [d:\AivellumPro\zReport5\app.py:428]
2025-12-07 01:52:56,634 INFO: FILTER RESULT: 44 -> 44 records [d:\AivellumPro\zReport5\app.py:428]
2025-12-07 01:52:56,636 INFO: FILTER RESULT: 44 -> 44 records [d:\AivellumPro\zReport5\app.py:428]
2025-12-07 01:52:56,660 INFO: FILTER RESULT: 44 -> 44 records [d:\AivellumPro\zReport5\app.py:428]
2025-12-07 01:57:56,615 INFO: FILTER RESULT: 44 -> 44 records [d:\AivellumPro\zReport5\app.py:428]
2025-12-07 01:57:56,640 INFO: FILTER RESULT: 44 -> 44 records [d:\AivellumPro\zReport5\app.py:428]
2025-12-07 01:57:56,655 INFO: FILTER RESULT: 44 -> 44 records [d:\AivellumPro\zReport5\app.py:428]
2025-12-07 01:57:56,664 INFO: FILTER RESULT: 44 -> 44 records [d:\AivellumPro\zReport5\app.py:428]
2025-12-07 02:02:56,612 INFO: FILTER RESULT: 44 -> 44 records [d:\AivellumPro\zReport5\app.py:428]
2025-12-07 02:02:56,637 INFO: FILTER RESULT: 44 -> 44 records [d:\AivellumPro\zReport5\app.py:428]
2025-12-07 02:02:56,640 INFO: FILTER RESULT: 44 -> 44 records [d:\AivellumPro\zReport5\app.py:428]
2025-12-07 02:02:56,642 INFO: FILTER RESULT: 44 -> 44 records [d:\AivellumPro\zReport5\app.py:428]
2025-12-07 02:07:56,607 INFO: FILTER RESULT: 44 -> 44 records [d:\AivellumPro\zReport5\app.py:428]
2025-12-07 02:07:56,627 INFO: FILTER RESULT: 44 -> 44 records [d:\AivellumPro\zReport5\app.py:428]
2025-12-07 02:07:56,629 INFO: FILTER RESULT: 44 -> 44 records [d:\AivellumPro\zReport5\app.py:428]
2025-12-07 02:07:56,661 INFO: FILTER RESULT: 44 -> 44 records [d:\AivellumPro\zReport5\app.py:428]
2025-12-07 02:38:50,584 INFO: FILTER RESULT: 44 -> 44 records [d:\AivellumPro\zReport5\app.py:428]
2025-12-07 02:38:50,773 INFO: FILTER RESULT: 44 -> 44 records [d:\AivellumPro\zReport5\app.py:428]
2025-12-07 02:38:50,776 INFO: FILTER RESULT: 44 -> 44 records [d:\AivellumPro\zReport5\app.py:428]
2025-12-07 02:38:50,841 INFO: FILTER RESULT: 44 -> 44 records [d:\AivellumPro\zReport5\app.py:428]
2025-12-08 01:05:21,896 INFO: FILTER RESULT: 44 -> 44 records [d:\AivellumPro\zReport5\app.py:428]
2025-12-08 01:05:21,939 INFO: FILTER RESULT: 44 -> 44 records [d:\AivellumPro\zReport5\app.py:428]
2025-12-08 01:05:21,969 INFO: FILTER RESULT: 44 -> 44 records [d:\AivellumPro\zReport5\app.py:428]
2025-12-08 01:05:21,994 INFO: FILTER RESULT: 44 -> 44 records [d:\AivellumPro\zReport5\app.py:428]
2025-12-08 01:07:49,528 INFO: FILTER RESULT: 44 -> 44 records [d:\AivellumPro\zReport5\app.py:428]
2025-12-08 01:07:49,567 INFO: FILTER RESULT: 44 -> 44 records [d:\AivellumPro\zReport5\app.py:428]
2025-12-08 01:07:49,571 INFO: FILTER RESULT: 44 -> 44 records [d:\AivellumPro\zReport5\app.py:428]
2025-12-08 01:07:49,590 INFO: FILTER RESULT: 44 -> 44 records [d:\AivellumPro\zReport5\app.py:428]
2025-12-08 01:11:54,187 INFO: FILTER RESULT: 44 -> 44 records [d:\AivellumPro\zReport5\app.py:428]
2025-12-08 01:11:54,189 INFO: FILTER RESULT: 44 -> 44 records [d:\AivellumPro\zReport5\app.py:428]
2025-12-08 01:11:54,190 INFO: FILTER RESULT: 44 -> 44 records [d:\AivellumPro\zReport5\app.py:428]
2025-12-08 01:11:54,196 INFO: FILTER RESULT: 44 -> 44 records [d:\AivellumPro\zReport5\app.py:428]
2025-12-08 01:12:03,330 INFO: FILTER RESULT: 44 -> 44 records [d:\AivellumPro\zReport5\app.py:428]
2025-12-08 01:12:06,937 INFO: FILTER RESULT: 44 -> 44 records [d:\AivellumPro\zReport5\app.py:428]
2025-12-08 01:12:12,573 INFO: FILTER RESULT: 44 -> 44 records [d:\AivellumPro\zReport5\app.py:428]
2025-12-08 01:12:12,578 INFO: FILTER RESULT: 44 -> 44 records [d:\AivellumPro\zReport5\app.py:428]
2025-12-08 01:12:12,579 INFO: FILTER RESULT: 44 -> 44 records [d:\AivellumPro\zReport5\app.py:428]
2025-12-08 01:12:12,580 INFO: FILTER RESULT: 44 -> 44 records [d:\AivellumPro\zReport5\app.py:428]
2025-12-08 01:17:13,406 INFO: FILTER RESULT: 44 -> 44 records [d:\AivellumPro\zReport5\app.py:428]
2025-12-08 01:17:13,430 INFO: FILTER RESULT: 44 -> 44 records [d:\AivellumPro\zReport5\app.py:428]
2025-12-08 01:17:13,434 INFO: FILTER RESULT: 44 -> 44 records [d:\AivellumPro\zReport5\app.py:428]
2025-12-08 01:17:13,470 INFO: FILTER RESULT: 44 -> 44 records [d:\AivellumPro\zReport5\app.py:428]
2025-12-08 01:22:13,414 INFO: FILTER RESULT: 44 -> 44 records [d:\AivellumPro\zReport5\app.py:428]
2025-12-08 01:22:13,440 INFO: FILTER RESULT: 44 -> 44 records [d:\AivellumPro\zReport5\app.py:428]
2025-12-08 01:22:13,444 INFO: FILTER RESULT: 44 -> 44 records [d:\AivellumPro\zReport5\app.py:428]
2025-12-08 01:22:13,484 INFO: FILTER RESULT: 44 -> 44 records [d:\AivellumPro\zReport5\app.py:428]
2025-12-08 01:27:13,413 INFO: FILTER RESULT: 44 -> 44 records [d:\AivellumPro\zReport5\app.py:428]
2025-12-08 01:27:13,443 INFO: FILTER RESULT: 44 -> 44 records [d:\AivellumPro\zReport5\app.py:428]
2025-12-08 01:27:13,450 INFO: FILTER RESULT: 44 -> 44 records [d:\AivellumPro\zReport5\app.py:428]
2025-12-08 01:27:13,481 INFO: FILTER RESULT: 44 -> 44 records [d:\AivellumPro\zReport5\app.py:428]
2025-12-08 01:32:13,415 INFO: FILTER RESULT: 44 -> 44 records [d:\AivellumPro\zReport5\app.py:428]
2025-12-08 01:32:13,445 INFO: FILTER RESULT: 44 -> 44 records [d:\AivellumPro\zReport5\app.py:428]
2025-12-08 01:32:13,470 INFO: FILTER RESULT: 44 -> 44 records [d:\AivellumPro\zReport5\app.py:428]
2025-12-08 01:32:13,485 INFO: FILTER RESULT: 44 -> 44 records [d:\AivellumPro\zReport5\app.py:428]
2025-12-08 01:37:13,431 INFO: FILTER RESULT: 44 -> 44 records [d:\AivellumPro\zReport5\app.py:428]
2025-12-08 01:37:13,540 INFO: FILTER RESULT: 44 -> 44 records [d:\AivellumPro\zReport5\app.py:428]
2025-12-08 01:37:13,569 INFO: FILTER RESULT: 44 -> 44 records [d:\AivellumPro\zReport5\app.py:428]
2025-12-08 01:37:13,573 INFO: FILTER RESULT: 44 -> 44 records [d:\AivellumPro\zReport5\app.py:428]
2025-12-08 01:42:18,579 INFO: FILTER RESULT: 44 -> 44 records [d:\AivellumPro\zReport5\app.py:428]
2025-12-08 01:42:18,701 INFO: FILTER RESULT: 44 -> 44 records [d:\AivellumPro\zReport5\app.py:428]
2025-12-08 01:42:18,702 INFO: FILTER RESULT: 44 -> 44 records [d:\AivellumPro\zReport5\app.py:428]
2025-12-08 01:42:18,742 INFO: FILTER RESULT: 44 -> 44 records [d:\AivellumPro\zReport5\app.py:428]
2025-12-08 13:08:18,610 INFO: FILTER RESULT: 44 -> 44 records [d:\AivellumPro\zReport5\app.py:428]
2025-12-08 13:08:25,926 INFO: FILTER RESULT: 44 -> 44 records [d:\AivellumPro\zReport5\app.py:428]
2025-12-08 13:08:25,927 INFO: FILTER RESULT: 44 -> 44 records [d:\AivellumPro\zReport5\app.py:428]
2025-12-08 13:08:25,927 INFO: FILTER RESULT: 44 -> 44 records [d:\AivellumPro\zReport5\app.py:428]
2025-12-08 13:12:06,597 INFO: FILTER RESULT: 44 -> 44 records [d:\AivellumPro\zReport5\app.py:428]
2025-12-08 13:12:06,657 INFO: FILTER RESULT: 44 -> 44 records [d:\AivellumPro\zReport5\app.py:428]
2025-12-08 13:12:06,681 INFO: FILTER RESULT: 44 -> 44 records [d:\AivellumPro\zReport5\app.py:428]
2025-12-08 13:12:06,691 INFO: FILTER RESULT: 44 -> 44 records [d:\AivellumPro\zReport5\app.py:428]
2025-12-08 13:17:06,583 INFO: FILTER RESULT: 44 -> 44 records [d:\AivellumPro\zReport5\app.py:428]
2025-12-08 13:17:06,640 INFO: FILTER RESULT: 44 -> 44 records [d:\AivellumPro\zReport5\app.py:428]
2025-12-08 13:17:06,642 INFO: FILTER RESULT: 44 -> 44 records [d:\AivellumPro\zReport5\app.py:428]
2025-12-08 13:17:06,643 INFO: FILTER RESULT: 44 -> 44 records [d:\AivellumPro\zReport5\app.py:428]
2025-12-08 13:22:06,579 INFO: FILTER RESULT: 44 -> 44 records [d:\AivellumPro\zReport5\app.py:428]
2025-12-08 13:22:06,603 INFO: FILTER RESULT: 44 -> 44 records [d:\AivellumPro\zReport5\app.py:428]
2025-12-08 13:22:06,609 INFO: FILTER RESULT: 44 -> 44 records [d:\AivellumPro\zReport5\app.py:428]
2025-12-08 13:22:06,623 INFO: FILTER RESULT: 44 -> 44 records [d:\AivellumPro\zReport5\app.py:428]
2025-12-08 13:27:06,550 INFO: FILTER RESULT: 44 -> 44 records [d:\AivellumPro\zReport5\app.py:428]
2025-12-08 13:27:06,571 INFO: FILTER RESULT: 44 -> 44 records [d:\AivellumPro\zReport5\app.py:428]
2025-12-08 13:27:06,578 INFO: FILTER RESULT: 44 -> 44 records [d:\AivellumPro\zReport5\app.py:428]
2025-12-08 13:27:06,594 INFO: FILTER RESULT: 44 -> 44 records [d:\AivellumPro\zReport5\app.py:428]
2025-12-08 13:32:06,597 INFO: FILTER RESULT: 44 -> 44 records [d:\AivellumPro\zReport5\app.py:428]
2025-12-08 13:32:06,638 INFO: FILTER RESULT: 44 -> 44 records [d:\AivellumPro\zReport5\app.py:428]
2025-12-08 13:32:06,640 INFO: FILTER RESULT: 44 -> 44 records [d:\AivellumPro\zReport5\app.py:428]
2025-12-08 13:32:06,640 INFO: FILTER RESULT: 44 -> 44 records [d:\AivellumPro\zReport5\app.py:428]
2025-12-08 13:37:06,621 INFO: FILTER RESULT: 44 -> 44 records [d:\AivellumPro\zReport5\app.py:428]
2025-12-08 13:37:06,655 INFO: FILTER RESULT: 44 -> 44 records [d:\AivellumPro\zReport5\app.py:428]
2025-12-08 13:37:06,672 INFO: FILTER RESULT: 44 -> 44 records [d:\AivellumPro\zReport5\app.py:428]
2025-12-08 13:37:06,698 INFO: FILTER RESULT: 44 -> 44 records [d:\AivellumPro\zReport5\app.py:428]
2025-12-08 13:42:06,550 INFO: FILTER RESULT: 44 -> 44 records [d:\AivellumPro\zReport5\app.py:428]
2025-12-08 13:42:06,584 INFO: FILTER RESULT: 44 -> 44 records [d:\AivellumPro\zReport5\app.py:428]
2025-12-08 13:42:06,585 INFO: FILTER RESULT: 44 -> 44 records [d:\AivellumPro\zReport5\app.py:428]
2025-12-08 13:42:06,589 INFO: FILTER RESULT: 44 -> 44 records [d:\AivellumPro\zReport5\app.py:428]
2025-12-08 13:50:40,244 INFO: FILTER RESULT: 44 -> 44 records [d:\AivellumPro\zReport5\app.py:428]
2025-12-08 13:50:40,316 INFO: FILTER RESULT: 44 -> 44 records [d:\AivellumPro\zReport5\app.py:428]
2025-12-08 13:50:40,346 INFO: FILTER RESULT: 44 -> 44 records [d:\AivellumPro\zReport5\app.py:428]
2025-12-08 13:50:40,352 INFO: FILTER RESULT: 44 -> 44 records [d:\AivellumPro\zReport5\app.py:428]
2025-12-09 00:28:26,388 INFO: FILTER RESULT: 44 -> 44 records [d:\AivellumPro\zReport5\app.py:428]
2025-12-09 00:28:27,373 INFO: FILTER RESULT: 44 -> 44 records [d:\AivellumPro\zReport5\app.py:428]
2025-12-09 00:28:27,412 INFO: FILTER RESULT: 44 -> 44 records [d:\AivellumPro\zReport5\app.py:428]
2025-12-09 00:28:27,429 INFO: FILTER RESULT: 44 -> 44 records [d:\AivellumPro\zReport5\app.py:428]
2025-12-09 00:31:59,323 INFO: FILTER RESULT: 44 -> 44 records [d:\AivellumPro\zReport5\app.py:428]
2025-12-09 00:31:59,350 INFO: FILTER RESULT: 44 -> 44 records [d:\AivellumPro\zReport5\app.py:428]
2025-12-09 00:31:59,367 INFO: FILTER RESULT: 44 -> 44 records [d:\AivellumPro\zReport5\app.py:428]
2025-12-09 00:31:59,383 INFO: FILTER RESULT: 44 -> 44 records [d:\AivellumPro\zReport5\app.py:428]
2025-12-09 00:36:54,300 INFO: FILTER RESULT: 44 -> 44 records [d:\AivellumPro\zReport5\app.py:428]
2025-12-09 00:36:54,357 INFO: FILTER RESULT: 44 -> 44 records [d:\AivellumPro\zReport5\app.py:428]
2025-12-09 00:36:54,378 INFO: FILTER RESULT: 44 -> 44 records [d:\AivellumPro\zReport5\app.py:428]
2025-12-09 00:36:54,419 INFO: FILTER RESULT: 44 -> 44 records [d:\AivellumPro\zReport5\app.py:428]
2025-12-09 00:41:54,229 INFO: FILTER RESULT: 44 -> 44 records [d:\AivellumPro\zReport5\app.py:428]
2025-12-09 00:41:54,256 INFO: FILTER RESULT: 44 -> 44 records [d:\AivellumPro\zReport5\app.py:428]
2025-12-09 00:41:54,262 INFO: FILTER RESULT: 44 -> 44 records [d:\AivellumPro\zReport5\app.py:428]
2025-12-09 00:41:54,293 INFO: FILTER RESULT: 44 -> 44 records [d:\AivellumPro\zReport5\app.py:428]
2025-12-09 00:46:54,237 INFO: FILTER RESULT: 44 -> 44 records [d:\AivellumPro\zReport5\app.py:428]
2025-12-09 00:46:54,259 INFO: FILTER RESULT: 44 -> 44 records [d:\AivellumPro\zReport5\app.py:428]
2025-12-09 00:46:54,263 INFO: FILTER RESULT: 44 -> 44 records [d:\AivellumPro\zReport5\app.py:428]
2025-12-09 00:46:54,267 INFO: FILTER RESULT: 44 -> 44 records [d:\AivellumPro\zReport5\app.py:428]
2025-12-09 00:51:54,238 INFO: FILTER RESULT: 44 -> 44 records [d:\AivellumPro\zReport5\app.py:428]
2025-12-09 00:51:54,264 INFO: FILTER RESULT: 44 -> 44 records [d:\AivellumPro\zReport5\app.py:428]
2025-12-09 00:51:54,282 INFO: FILTER RESULT: 44 -> 44 records [d:\AivellumPro\zReport5\app.py:428]
2025-12-09 00:51:54,290 INFO: FILTER RESULT: 44 -> 44 records [d:\AivellumPro\zReport5\app.py:428]
2025-12-09 00:56:54,242 INFO: FILTER RESULT: 44 -> 44 records [d:\AivellumPro\zReport5\app.py:428]
2025-12-09 00:56:54,274 INFO: FILTER RESULT: 44 -> 44 records [d:\AivellumPro\zReport5\app.py:428]
2025-12-09 00:56:54,276 INFO: FILTER RESULT: 44 -> 44 records [d:\AivellumPro\zReport5\app.py:428]
2025-12-09 00:56:54,313 INFO: FILTER RESULT: 44 -> 44 records [d:\AivellumPro\zReport5\app.py:428]
2025-12-09 01:01:54,235 INFO: FILTER RESULT: 44 -> 44 records [d:\AivellumPro\zReport5\app.py:428]
2025-12-09 01:01:54,266 INFO: FILTER RESULT: 44 -> 44 records [d:\AivellumPro\zReport5\app.py:428]
2025-12-09 01:01:54,283 INFO: FILTER RESULT: 44 -> 44 records [d:\AivellumPro\zReport5\app.py:428]
2025-12-09 01:01:54,298 INFO: FILTER RESULT: 44 -> 44 records [d:\AivellumPro\zReport5\app.py:428]
2025-12-09 01:06:54,235 INFO: FILTER RESULT: 44 -> 44 records [d:\AivellumPro\zReport5\app.py:428]
2025-12-09 01:06:54,258 INFO: FILTER RESULT: 44 -> 44 records [d:\AivellumPro\zReport5\app.py:428]
2025-12-09 01:06:54,277 INFO: FILTER RESULT: 44 -> 44 records [d:\AivellumPro\zReport5\app.py:428]
2025-12-09 01:06:54,295 INFO: FILTER RESULT: 44 -> 44 records [d:\AivellumPro\zReport5\app.py:428]
2025-12-09 01:11:54,232 INFO: FILTER RESULT: 44 -> 44 records [d:\AivellumPro\zReport5\app.py:428]
2025-12-09 01:11:54,264 INFO: FILTER RESULT: 44 -> 44 records [d:\AivellumPro\zReport5\app.py:428]
2025-12-09 01:11:54,278 INFO: FILTER RESULT: 44 -> 44 records [d:\AivellumPro\zReport5\app.py:428]
2025-12-09 01:11:54,280 INFO: FILTER RESULT: 44 -> 44 records [d:\AivellumPro\zReport5\app.py:428]
2025-12-09 01:16:54,224 INFO: FILTER RESULT: 44 -> 44 records [d:\AivellumPro\zReport5\app.py:428]
2025-12-09 01:16:54,251 INFO: FILTER RESULT: 44 -> 44 records [d:\AivellumPro\zReport5\app.py:428]
2025-12-09 01:16:54,255 INFO: FILTER RESULT: 44 -> 44 records [d:\AivellumPro\zReport5\app.py:428]
2025-12-09 01:16:54,288 INFO: FILTER RESULT: 44 -> 44 records [d:\AivellumPro\zReport5\app.py:428]
2025-12-09 01:21:58,149 INFO: FILTER RESULT: 44 -> 44 records [d:\AivellumPro\zReport5\app.py:428]
2025-12-09 01:21:58,173 INFO: FILTER RESULT: 44 -> 44 records [d:\AivellumPro\zReport5\app.py:428]
2025-12-09 01:21:58,179 INFO: FILTER RESULT: 44 -> 44 records [d:\AivellumPro\zReport5\app.py:428]
2025-12-09 01:21:58,204 INFO: FILTER RESULT: 44 -> 44 records [d:\AivellumPro\zReport5\app.py:428]
2025-12-09 01:26:54,228 INFO: FILTER RESULT: 44 -> 44 records [d:\AivellumPro\zReport5\app.py:428]
2025-12-09 01:26:54,252 INFO: FILTER RESULT: 44 -> 44 records [d:\AivellumPro\zReport5\app.py:428]
2025-12-09 01:26:54,256 INFO: FILTER RESULT: 44 -> 44 records [d:\AivellumPro\zReport5\app.py:428]
2025-12-09 01:26:54,280 INFO: FILTER RESULT: 44 -> 44 records [d:\AivellumPro\zReport5\app.py:428]
2025-12-09 01:31:54,235 INFO: FILTER RESULT: 44 -> 44 records [d:\AivellumPro\zReport5\app.py:428]
2025-12-09 01:31:54,265 INFO: FILTER RESULT: 44 -> 44 records [d:\AivellumPro\zReport5\app.py:428]
2025-12-09 01:31:54,294 INFO: FILTER RESULT: 44 -> 44 records [d:\AivellumPro\zReport5\app.py:428]
2025-12-09 01:31:54,295 INFO: FILTER RESULT: 44 -> 44 records [d:\AivellumPro\zReport5\app.py:428]
2025-12-09 01:36:54,229 INFO: FILTER RESULT: 44 -> 44 records [d:\AivellumPro\zReport5\app.py:428]
2025-12-09 01:36:54,247 INFO: FILTER RESULT: 44 -> 44 records [d:\AivellumPro\zReport5\app.py:428]
2025-12-09 01:36:54,248 INFO: FILTER RESULT: 44 -> 44 records [d:\AivellumPro\zReport5\app.py:428]
2025-12-09 01:36:54,256 INFO: FILTER RESULT: 44 -> 44 records [d:\AivellumPro\zReport5\app.py:428]
2025-12-09 01:41:54,227 INFO: FILTER RESULT: 44 -> 44 records [d:\AivellumPro\zReport5\app.py:428]
2025-12-09 01:41:54,246 INFO: FILTER RESULT: 44 -> 44 records [d:\AivellumPro\zReport5\app.py:428]
2025-12-09 01:41:54,258 INFO: FILTER RESULT: 44 -> 44 records [d:\AivellumPro\zReport5\app.py:428]
2025-12-09 01:41:54,269 INFO: FILTER RESULT: 44 -> 44 records [d:\AivellumPro\zReport5\app.py:428]
2025-12-09 01:46:54,230 INFO: FILTER RESULT: 44 -> 44 records [d:\AivellumPro\zReport5\app.py:428]
2025-12-09 01:46:54,258 INFO: FILTER RESULT: 44 -> 44 records [d:\AivellumPro\zReport5\app.py:428]
2025-12-09 01:46:54,260 INFO: FILTER RESULT: 44 -> 44 records [d:\AivellumPro\zReport5\app.py:428]
2025-12-09 01:46:54,268 INFO: FILTER RESULT: 44 -> 44 records [d:\AivellumPro\zReport5\app.py:428]
2025-12-09 01:51:54,224 INFO: FILTER RESULT: 44 -> 44 records [d:\AivellumPro\zReport5\app.py:428]
2025-12-09 01:51:54,238 INFO: FILTER RESULT: 44 -> 44 records [d:\AivellumPro\zReport5\app.py:428]
2025-12-09 01:51:54,239 INFO: FILTER RESULT: 44 -> 44 records [d:\AivellumPro\zReport5\app.py:428]
2025-12-09 01:51:54,247 INFO: FILTER RESULT: 44 -> 44 records [d:\AivellumPro\zReport5\app.py:428]
2025-12-09 01:56:54,249 INFO: FILTER RESULT: 44 -> 44 records [d:\AivellumPro\zReport5\app.py:428]
2025-12-09 01:56:54,273 INFO: FILTER RESULT: 44 -> 44 records [d:\AivellumPro\zReport5\app.py:428]
2025-12-09 01:56:54,299 INFO: FILTER RESULT: 44 -> 44 records [d:\AivellumPro\zReport5\app.py:428]
2025-12-09 01:56:54,301 INFO: FILTER RESULT: 44 -> 44 records [d:\AivellumPro\zReport5\app.py:428]
2025-12-11 19:44:46,570 INFO: FILTER RESULT: 44 -> 44 records [d:\AivellumPro\zReport5\app.py:428]
2025-12-11 19:44:46,620 INFO: FILTER RESULT: 44 -> 44 records [d:\AivellumPro\zReport5\app.py:428]
2025-12-11 19:44:46,650 INFO: FILTER RESULT: 44 -> 44 records [d:\AivellumPro\zReport5\app.py:428]
2025-12-11 19:44:46,653 INFO: FILTER RESULT: 44 -> 44 records [d:\AivellumPro\zReport5\app.py:428]
2025-12-11 19:46:47,883 INFO: FILTER RESULT: 44 -> 44 records [d:\AivellumPro\zReport5\app.py:428]
2025-12-11 19:46:48,035 INFO: FILTER RESULT: 44 -> 44 records [d:\AivellumPro\zReport5\app.py:428]
2025-12-11 19:46:48,037 INFO: FILTER RESULT: 44 -> 44 records [d:\AivellumPro\zReport5\app.py:428]
2025-12-11 19:46:48,070 INFO: FILTER RESULT: 44 -> 44 records [d:\AivellumPro\zReport5\app.py:428]
2025-12-11 19:51:39,744 INFO: FILTER RESULT: 44 -> 44 records [d:\AivellumPro\zReport5\app.py:428]
2025-12-11 19:51:39,903 INFO: FILTER RESULT: 44 -> 44 records [d:\AivellumPro\zReport5\app.py:428]
2025-12-11 19:51:39,922 INFO: FILTER RESULT: 44 -> 44 records [d:\AivellumPro\zReport5\app.py:428]
2025-12-11 19:51:39,935 INFO: FILTER RESULT: 44 -> 44 records [d:\AivellumPro\zReport5\app.py:428]
2025-12-11 19:56:39,723 INFO: FILTER RESULT: 44 -> 44 records [d:\AivellumPro\zReport5\app.py:428]
2025-12-11 19:56:39,886 INFO: FILTER RESULT: 44 -> 44 records [d:\AivellumPro\zReport5\app.py:428]
2025-12-11 19:56:39,917 INFO: FILTER RESULT: 44 -> 44 records [d:\AivellumPro\zReport5\app.py:428]
2025-12-11 19:56:39,940 INFO: FILTER RESULT: 44 -> 44 records [d:\AivellumPro\zReport5\app.py:428]
2025-12-11 19:58:45,419 INFO: FILTER RESULT: 44 -> 44 records [d:\AivellumPro\zReport5\app.py:428]
2025-12-11 19:58:45,432 INFO: FILTER RESULT: 44 -> 44 records [d:\AivellumPro\zReport5\app.py:428]
2025-12-11 19:58:45,437 INFO: FILTER RESULT: 44 -> 44 records [d:\AivellumPro\zReport5\app.py:428]
2025-12-11 19:58:45,443 INFO: FILTER RESULT: 44 -> 44 records [d:\AivellumPro\zReport5\app.py:428]
2025-12-11 20:01:39,530 INFO: FILTER RESULT: 44 -> 44 records [d:\AivellumPro\zReport5\app.py:428]
2025-12-11 20:01:39,557 INFO: FILTER RESULT: 44 -> 44 records [d:\AivellumPro\zReport5\app.py:428]
2025-12-11 20:01:39,571 INFO: FILTER RESULT: 44 -> 44 records [d:\AivellumPro\zReport5\app.py:428]
2025-12-11 20:01:39,572 INFO: FILTER RESULT: 44 -> 44 records [d:\AivellumPro\zReport5\app.py:428]
2025-12-11 20:03:45,424 INFO: FILTER RESULT: 44 -> 44 records [d:\AivellumPro\zReport5\app.py:428]
2025-12-11 20:03:45,477 INFO: FILTER RESULT: 44 -> 44 records [d:\AivellumPro\zReport5\app.py:428]
2025-12-11 20:03:45,481 INFO: FILTER RESULT: 44 -> 44 records [d:\AivellumPro\zReport5\app.py:428]
2025-12-11 20:03:45,484 INFO: FILTER RESULT: 44 -> 44 records [d:\AivellumPro\zReport5\app.py:428]
2025-12-11 20:05:35,111 INFO: FILTER RESULT: 44 -> 44 records [d:\AivellumPro\zReport5\app.py:428]
2025-12-11 20:05:39,703 INFO: FILTER RESULT: 44 -> 44 records [d:\AivellumPro\zReport5\app.py:428]
2025-12-11 20:05:45,393 INFO: FILTER RESULT: 44 -> 44 records [d:\AivellumPro\zReport5\app.py:428]
2025-12-11 20:05:47,937 INFO: FILTER RESULT: 44 -> 44 records [d:\AivellumPro\zReport5\app.py:428]
2025-12-11 20:05:48,522 INFO: FILTER RESULT: 44 -> 44 records [d:\AivellumPro\zReport5\app.py:428]
2025-12-11 20:05:49,193 INFO: FILTER RESULT: 44 -> 44 records [d:\AivellumPro\zReport5\app.py:428]
2025-12-11 20:06:39,588 INFO: FILTER RESULT: 44 -> 44 records [d:\AivellumPro\zReport5\app.py:428]
2025-12-11 20:06:39,621 INFO: FILTER RESULT: 44 -> 44 records [d:\AivellumPro\zReport5\app.py:428]
2025-12-11 20:06:39,646 INFO: FILTER RESULT: 44 -> 44 records [d:\AivellumPro\zReport5\app.py:428]
2025-12-11 20:06:39,655 INFO: FILTER RESULT: 44 -> 44 records [d:\AivellumPro\zReport5\app.py:428]
2025-12-11 20:08:45,586 INFO: FILTER RESULT: 44 -> 44 records [d:\AivellumPro\zReport5\app.py:428]
2025-12-11 20:08:45,703 INFO: FILTER RESULT: 44 -> 44 records [d:\AivellumPro\zReport5\app.py:428]
2025-12-11 20:08:45,732 INFO: FILTER RESULT: 44 -> 44 records [d:\AivellumPro\zReport5\app.py:428]
2025-12-11 20:08:45,735 INFO: FILTER RESULT: 44 -> 44 records [d:\AivellumPro\zReport5\app.py:428]
2025-12-11 20:11:39,548 INFO: FILTER RESULT: 44 -> 44 records [d:\AivellumPro\zReport5\app.py:428]
2025-12-11 20:11:39,577 INFO: FILTER RESULT: 44 -> 44 records [d:\AivellumPro\zReport5\app.py:428]
2025-12-11 20:11:39,585 INFO: FILTER RESULT: 44 -> 44 records [d:\AivellumPro\zReport5\app.py:428]
2025-12-11 20:11:39,601 INFO: FILTER RESULT: 44 -> 44 records [d:\AivellumPro\zReport5\app.py:428]
2025-12-11 20:13:45,537 INFO: FILTER RESULT: 44 -> 44 records [d:\AivellumPro\zReport5\app.py:428]
2025-12-11 20:13:45,591 INFO: FILTER RESULT: 44 -> 44 records [d:\AivellumPro\zReport5\app.py:428]
2025-12-11 20:13:45,608 INFO: FILTER RESULT: 44 -> 44 records [d:\AivellumPro\zReport5\app.py:428]
2025-12-11 20:13:45,609 INFO: FILTER RESULT: 44 -> 44 records [d:\AivellumPro\zReport5\app.py:428]
2025-12-11 20:16:39,519 INFO: FILTER RESULT: 44 -> 44 records [d:\AivellumPro\zReport5\app.py:428]
2025-12-11 20:16:39,538 INFO: FILTER RESULT: 44 -> 44 records [d:\AivellumPro\zReport5\app.py:428]
2025-12-11 20:16:39,540 INFO: FILTER RESULT: 44 -> 44 records [d:\AivellumPro\zReport5\app.py:428]
2025-12-11 20:16:39,556 INFO: FILTER RESULT: 44 -> 44 records [d:\AivellumPro\zReport5\app.py:428]
2025-12-11 20:21:39,546 INFO: FILTER RESULT: 44 -> 44 records [d:\AivellumPro\zReport5\app.py:428]
2025-12-11 20:21:39,573 INFO: FILTER RESULT: 44 -> 44 records [d:\AivellumPro\zReport5\app.py:428]
2025-12-11 20:21:39,588 INFO: FILTER RESULT: 44 -> 44 records [d:\AivellumPro\zReport5\app.py:428]
2025-12-11 20:21:39,597 INFO: FILTER RESULT: 44 -> 44 records [d:\AivellumPro\zReport5\app.py:428]
2025-12-11 20:26:39,534 INFO: FILTER RESULT: 44 -> 44 records [d:\AivellumPro\zReport5\app.py:428]
2025-12-11 20:26:39,557 INFO: FILTER RESULT: 44 -> 44 records [d:\AivellumPro\zReport5\app.py:428]
2025-12-11 20:26:39,565 INFO: FILTER RESULT: 44 -> 44 records [d:\AivellumPro\zReport5\app.py:428]
2025-12-11 20:26:39,576 INFO: FILTER RESULT: 44 -> 44 records [d:\AivellumPro\zReport5\app.py:428]
2025-12-11 20:31:18,164 INFO: Loaded 45 raw records [d:\AivellumPro\zReport5\app.py:282]
2025-12-11 20:31:18,193 INFO: After date filtering: 45 records [d:\AivellumPro\zReport5\app.py:294]
2025-12-11 20:31:18,231 INFO: Using Country column from data [d:\AivellumPro\zReport5\app.py:328]
2025-12-11 20:31:18,237 INFO: Processing complete: 45 records [d:\AivellumPro\zReport5\app.py:345]
2025-12-11 20:31:18,239 INFO: Countries: 19 unique [d:\AivellumPro\zReport5\app.py:346]
2025-12-11 20:31:18,241 INFO: Data loaded successfully: 45 records [d:\AivellumPro\zReport5\app.py:385]
2025-12-11 20:31:21,456 INFO: FILTER RESULT: 45 -> 45 records [d:\AivellumPro\zReport5\app.py:428]
2025-12-11 20:31:21,473 INFO: FILTER RESULT: 45 -> 45 records [d:\AivellumPro\zReport5\app.py:428]
2025-12-11 20:31:21,484 INFO: FILTER RESULT: 45 -> 45 records [d:\AivellumPro\zReport5\app.py:428]
2025-12-11 20:31:21,497 INFO: FILTER RESULT: 45 -> 45 records [d:\AivellumPro\zReport5\app.py:428]
2025-12-11 20:31:28,785 INFO: Start date 2025-12-04: 1 records [d:\AivellumPro\zReport5\app.py:411]
2025-12-11 20:31:28,789 INFO: End date 2025-12-11: 1 records [d:\AivellumPro\zReport5\app.py:416]
2025-12-11 20:31:28,791 INFO: FILTER RESULT: 45 -> 1 records [d:\AivellumPro\zReport5\app.py:428]
2025-12-11 20:31:28,812 INFO: Start date 2025-12-04: 1 records [d:\AivellumPro\zReport5\app.py:411]
2025-12-11 20:31:28,823 INFO: Start date 2025-12-04: 1 records [d:\AivellumPro\zReport5\app.py:411]
2025-12-11 20:31:28,825 INFO: End date 2025-12-11: 1 records [d:\AivellumPro\zReport5\app.py:416]
2025-12-11 20:31:28,831 INFO: Start date 2025-12-04: 1 records [d:\AivellumPro\zReport5\app.py:411]
2025-12-11 20:31:28,834 INFO: End date 2025-12-11: 1 records [d:\AivellumPro\zReport5\app.py:416]
2025-12-11 20:31:28,836 INFO: FILTER RESULT: 45 -> 1 records [d:\AivellumPro\zReport5\app.py:428]
2025-12-11 20:31:28,839 INFO: End date 2025-12-11: 1 records [d:\AivellumPro\zReport5\app.py:416]
2025-12-11 20:31:28,842 INFO: FILTER RESULT: 45 -> 1 records [d:\AivellumPro\zReport5\app.py:428]
2025-12-11 20:31:28,858 INFO: FILTER RESULT: 45 -> 1 records [d:\AivellumPro\zReport5\app.py:428]
2025-12-11 20:31:35,104 INFO: Start date 2025-11-11: 11 records [d:\AivellumPro\zReport5\app.py:411]
2025-12-11 20:31:35,107 INFO: End date 2025-12-11: 11 records [d:\AivellumPro\zReport5\app.py:416]
2025-12-11 20:31:35,108 INFO: FILTER RESULT: 45 -> 11 records [d:\AivellumPro\zReport5\app.py:428]
2025-12-11 20:31:35,131 INFO: Start date 2025-11-11: 11 records [d:\AivellumPro\zReport5\app.py:411]
2025-12-11 20:31:35,135 INFO: Start date 2025-11-11: 11 records [d:\AivellumPro\zReport5\app.py:411]
2025-12-11 20:31:35,139 INFO: End date 2025-12-11: 11 records [d:\AivellumPro\zReport5\app.py:416]
2025-12-11 20:31:35,144 INFO: Start date 2025-11-11: 11 records [d:\AivellumPro\zReport5\app.py:411]
2025-12-11 20:31:35,148 INFO: End date 2025-12-11: 11 records [d:\AivellumPro\zReport5\app.py:416]
2025-12-11 20:31:35,149 INFO: FILTER RESULT: 45 -> 11 records [d:\AivellumPro\zReport5\app.py:428]
2025-12-11 20:31:35,151 INFO: End date 2025-12-11: 11 records [d:\AivellumPro\zReport5\app.py:416]
2025-12-11 20:31:35,152 INFO: FILTER RESULT: 45 -> 11 records [d:\AivellumPro\zReport5\app.py:428]
2025-12-11 20:31:35,165 INFO: FILTER RESULT: 45 -> 11 records [d:\AivellumPro\zReport5\app.py:428]
2025-12-11 20:31:39,533 INFO: FILTER RESULT: 45 -> 45 records [d:\AivellumPro\zReport5\app.py:428]
2025-12-11 20:31:39,551 INFO: FILTER RESULT: 45 -> 45 records [d:\AivellumPro\zReport5\app.py:428]
2025-12-11 20:31:39,553 INFO: FILTER RESULT: 45 -> 45 records [d:\AivellumPro\zReport5\app.py:428]
2025-12-11 20:31:39,570 INFO: FILTER RESULT: 45 -> 45 records [d:\AivellumPro\zReport5\app.py:428]
2025-12-11 20:36:21,455 INFO: Start date 2025-11-11: 11 records [d:\AivellumPro\zReport5\app.py:411]
2025-12-11 20:36:21,458 INFO: End date 2025-12-11: 11 records [d:\AivellumPro\zReport5\app.py:416]
2025-12-11 20:36:21,460 INFO: FILTER RESULT: 45 -> 11 records [d:\AivellumPro\zReport5\app.py:428]
2025-12-11 20:36:21,487 INFO: Start date 2025-11-11: 11 records [d:\AivellumPro\zReport5\app.py:411]
2025-12-11 20:36:21,493 INFO: Start date 2025-11-11: 11 records [d:\AivellumPro\zReport5\app.py:411]
2025-12-11 20:36:21,493 INFO: Start date 2025-11-11: 11 records [d:\AivellumPro\zReport5\app.py:411]
2025-12-11 20:36:21,496 INFO: End date 2025-12-11: 11 records [d:\AivellumPro\zReport5\app.py:416]
2025-12-11 20:36:21,499 INFO: End date 2025-12-11: 11 records [d:\AivellumPro\zReport5\app.py:416]
2025-12-11 20:36:21,501 INFO: End date 2025-12-11: 11 records [d:\AivellumPro\zReport5\app.py:416]
2025-12-11 20:36:21,502 INFO: FILTER RESULT: 45 -> 11 records [d:\AivellumPro\zReport5\app.py:428]
2025-12-11 20:36:21,503 INFO: FILTER RESULT: 45 -> 11 records [d:\AivellumPro\zReport5\app.py:428]
2025-12-11 20:36:21,504 INFO: FILTER RESULT: 45 -> 11 records [d:\AivellumPro\zReport5\app.py:428]
2025-12-11 20:36:39,527 INFO: FILTER RESULT: 45 -> 45 records [d:\AivellumPro\zReport5\app.py:428]
2025-12-11 20:36:39,546 INFO: FILTER RESULT: 45 -> 45 records [d:\AivellumPro\zReport5\app.py:428]
2025-12-11 20:36:39,547 INFO: FILTER RESULT: 45 -> 45 records [d:\AivellumPro\zReport5\app.py:428]
2025-12-11 20:36:39,547 INFO: FILTER RESULT: 45 -> 45 records [d:\AivellumPro\zReport5\app.py:428]
2025-12-11 20:39:06,295 INFO: FILTER RESULT: 45 -> 45 records [d:\AivellumPro\zReport5\app.py:428]
2025-12-11 20:39:06,320 INFO: FILTER RESULT: 45 -> 45 records [d:\AivellumPro\zReport5\app.py:428]
2025-12-11 20:39:06,323 INFO: FILTER RESULT: 45 -> 45 records [d:\AivellumPro\zReport5\app.py:428]
2025-12-11 20:39:06,326 INFO: FILTER RESULT: 45 -> 45 records [d:\AivellumPro\zReport5\app.py:428]
2025-12-11 20:40:41,160 INFO: Start date 2025-11-30: 4 records [d:\AivellumPro\zReport5\app.py:411]
2025-12-11 20:40:41,163 INFO: End date 2025-12-11: 4 records [d:\AivellumPro\zReport5\app.py:416]
2025-12-11 20:40:41,164 INFO: FILTER RESULT: 45 -> 4 records [d:\AivellumPro\zReport5\app.py:428]
2025-12-11 20:40:41,186 INFO: Start date 2025-11-30: 4 records [d:\AivellumPro\zReport5\app.py:411]
2025-12-11 20:40:41,192 INFO: Start date 2025-11-30: 4 records [d:\AivellumPro\zReport5\app.py:411]
2025-12-11 20:40:41,195 INFO: End date 2025-12-11: 4 records [d:\AivellumPro\zReport5\app.py:416]
2025-12-11 20:40:41,198 INFO: Start date 2025-11-30: 4 records [d:\AivellumPro\zReport5\app.py:411]
2025-12-11 20:40:41,200 INFO: End date 2025-12-11: 4 records [d:\AivellumPro\zReport5\app.py:416]
2025-12-11 20:40:41,201 INFO: FILTER RESULT: 45 -> 4 records [d:\AivellumPro\zReport5\app.py:428]
2025-12-11 20:40:41,205 INFO: End date 2025-12-11: 4 records [d:\AivellumPro\zReport5\app.py:416]
2025-12-11 20:40:41,206 INFO: FILTER RESULT: 45 -> 4 records [d:\AivellumPro\zReport5\app.py:428]
2025-12-11 20:40:41,218 INFO: FILTER RESULT: 45 -> 4 records [d:\AivellumPro\zReport5\app.py:428]
2025-12-11 20:40:44,511 INFO: Start date 2025-11-30: 4 records [d:\AivellumPro\zReport5\app.py:411]
2025-12-11 20:40:44,514 INFO: End date 2025-12-11: 4 records [d:\AivellumPro\zReport5\app.py:416]
2025-12-11 20:40:44,515 INFO: FILTER RESULT: 45 -> 4 records [d:\AivellumPro\zReport5\app.py:428]
2025-12-11 20:40:44,539 INFO: Start date 2025-11-30: 4 records [d:\AivellumPro\zReport5\app.py:411]
2025-12-11 20:40:44,545 INFO: Start date 2025-11-30: 4 records [d:\AivellumPro\zReport5\app.py:411]
2025-12-11 20:40:44,549 INFO: End date 2025-12-11: 4 records [d:\AivellumPro\zReport5\app.py:416]
2025-12-11 20:40:44,552 INFO: Start date 2025-11-30: 4 records [d:\AivellumPro\zReport5\app.py:411]
2025-12-11 20:40:44,554 INFO: End date 2025-12-11: 4 records [d:\AivellumPro\zReport5\app.py:416]
2025-12-11 20:40:44,555 INFO: FILTER RESULT: 45 -> 4 records [d:\AivellumPro\zReport5\app.py:428]
2025-12-11 20:40:44,558 INFO: End date 2025-12-11: 4 records [d:\AivellumPro\zReport5\app.py:416]
2025-12-11 20:40:44,559 INFO: FILTER RESULT: 45 -> 4 records [d:\AivellumPro\zReport5\app.py:428]
2025-12-11 20:40:44,571 INFO: FILTER RESULT: 45 -> 4 records [d:\AivellumPro\zReport5\app.py:428]
2025-12-11 20:41:04,402 INFO: FILTER RESULT: 45 -> 45 records [d:\AivellumPro\zReport5\app.py:428]
2025-12-11 20:41:04,405 INFO: FILTER RESULT: 45 -> 45 records [d:\AivellumPro\zReport5\app.py:428]
2025-12-11 20:41:04,419 INFO: FILTER RESULT: 45 -> 45 records [d:\AivellumPro\zReport5\app.py:428]
2025-12-11 20:41:04,423 INFO: FILTER RESULT: 45 -> 45 records [d:\AivellumPro\zReport5\app.py:428]
2025-12-11 20:41:17,093 INFO: Start date 2025-11-30: 4 records [d:\AivellumPro\zReport5\app.py:411]
2025-12-11 20:41:17,096 INFO: End date 2025-12-11: 4 records [d:\AivellumPro\zReport5\app.py:416]
2025-12-11 20:41:17,097 INFO: FILTER RESULT: 45 -> 4 records [d:\AivellumPro\zReport5\app.py:428]
2025-12-11 20:41:17,130 INFO: Start date 2025-11-30: 4 records [d:\AivellumPro\zReport5\app.py:411]
2025-12-11 20:41:17,133 INFO: Start date 2025-11-30: 4 records [d:\AivellumPro\zReport5\app.py:411]
2025-12-11 20:41:17,133 INFO: Start date 2025-11-30: 4 records [d:\AivellumPro\zReport5\app.py:411]
2025-12-11 20:41:17,135 INFO: End date 2025-12-11: 4 records [d:\AivellumPro\zReport5\app.py:416]
2025-12-11 20:41:17,139 INFO: End date 2025-12-11: 4 records [d:\AivellumPro\zReport5\app.py:416]
2025-12-11 20:41:17,141 INFO: End date 2025-12-11: 4 records [d:\AivellumPro\zReport5\app.py:416]
2025-12-11 20:41:17,141 INFO: FILTER RESULT: 45 -> 4 records [d:\AivellumPro\zReport5\app.py:428]
2025-12-11 20:41:17,143 INFO: FILTER RESULT: 45 -> 4 records [d:\AivellumPro\zReport5\app.py:428]
2025-12-11 20:41:17,144 INFO: FILTER RESULT: 45 -> 4 records [d:\AivellumPro\zReport5\app.py:428]
2025-12-11 20:41:21,435 INFO: FILTER RESULT: 45 -> 45 records [d:\AivellumPro\zReport5\app.py:428]
2025-12-11 20:41:21,463 INFO: FILTER RESULT: 45 -> 45 records [d:\AivellumPro\zReport5\app.py:428]
2025-12-11 20:41:21,465 INFO: FILTER RESULT: 45 -> 45 records [d:\AivellumPro\zReport5\app.py:428]
2025-12-11 20:41:21,490 INFO: FILTER RESULT: 45 -> 45 records [d:\AivellumPro\zReport5\app.py:428]
2025-12-11 20:41:35,057 INFO: FILTER RESULT: 45 -> 45 records [d:\AivellumPro\zReport5\app.py:428]
2025-12-11 20:41:39,531 INFO: FILTER RESULT: 45 -> 45 records [d:\AivellumPro\zReport5\app.py:428]
2025-12-11 20:41:39,549 INFO: FILTER RESULT: 45 -> 45 records [d:\AivellumPro\zReport5\app.py:428]
2025-12-11 20:41:39,553 INFO: FILTER RESULT: 45 -> 45 records [d:\AivellumPro\zReport5\app.py:428]
2025-12-11 20:41:39,582 INFO: FILTER RESULT: 45 -> 45 records [d:\AivellumPro\zReport5\app.py:428]
2025-12-11 20:42:47,561 INFO: FILTER RESULT: 45 -> 45 records [d:\AivellumPro\zReport5\app.py:428]
2025-12-11 20:42:47,579 INFO: FILTER RESULT: 45 -> 45 records [d:\AivellumPro\zReport5\app.py:428]
2025-12-11 20:42:47,584 INFO: FILTER RESULT: 45 -> 45 records [d:\AivellumPro\zReport5\app.py:428]
2025-12-11 20:42:47,593 INFO: FILTER RESULT: 45 -> 45 records [d:\AivellumPro\zReport5\app.py:428]
2025-12-11 20:44:21,301 INFO: Loaded 46 raw records [d:\AivellumPro\zReport5\app.py:282]
2025-12-11 20:44:21,316 INFO: After date filtering: 46 records [d:\AivellumPro\zReport5\app.py:294]
2025-12-11 20:44:21,336 INFO: Using Country column from data [d:\AivellumPro\zReport5\app.py:328]
2025-12-11 20:44:21,340 INFO: Processing complete: 46 records [d:\AivellumPro\zReport5\app.py:345]
2025-12-11 20:44:21,341 INFO: Countries: 20 unique [d:\AivellumPro\zReport5\app.py:346]
2025-12-11 20:44:21,343 INFO: Data loaded successfully: 46 records [d:\AivellumPro\zReport5\app.py:385]
2025-12-11 20:44:24,628 INFO: FILTER RESULT: 46 -> 46 records [d:\AivellumPro\zReport5\app.py:428]
2025-12-11 20:44:24,633 INFO: FILTER RESULT: 46 -> 46 records [d:\AivellumPro\zReport5\app.py:428]
2025-12-11 20:44:24,660 INFO: FILTER RESULT: 46 -> 46 records [d:\AivellumPro\zReport5\app.py:428]
2025-12-11 20:44:24,661 INFO: FILTER RESULT: 46 -> 46 records [d:\AivellumPro\zReport5\app.py:428]
2025-12-11 20:44:32,216 INFO: FILTER RESULT: 46 -> 46 records [d:\AivellumPro\zReport5\app.py:428]
2025-12-11 20:44:34,842 INFO: FILTER RESULT: 46 -> 46 records [d:\AivellumPro\zReport5\app.py:428]
2025-12-11 20:44:34,845 INFO: FILTER RESULT: 46 -> 46 records [d:\AivellumPro\zReport5\app.py:428]
2025-12-11 20:44:34,850 INFO: FILTER RESULT: 46 -> 46 records [d:\AivellumPro\zReport5\app.py:428]
2025-12-11 20:44:34,857 INFO: FILTER RESULT: 46 -> 46 records [d:\AivellumPro\zReport5\app.py:428]
2025-12-11 20:46:39,525 INFO: FILTER RESULT: 46 -> 46 records [d:\AivellumPro\zReport5\app.py:428]
2025-12-11 20:46:39,544 INFO: FILTER RESULT: 46 -> 46 records [d:\AivellumPro\zReport5\app.py:428]
2025-12-11 20:46:39,548 INFO: FILTER RESULT: 46 -> 46 records [d:\AivellumPro\zReport5\app.py:428]
2025-12-11 20:46:39,549 INFO: FILTER RESULT: 46 -> 46 records [d:\AivellumPro\zReport5\app.py:428]
2025-12-11 20:48:06,827 INFO: Loaded 47 raw records [d:\AivellumPro\zReport5\app.py:282]
2025-12-11 20:48:06,836 INFO: After date filtering: 47 records [d:\AivellumPro\zReport5\app.py:294]
2025-12-11 20:48:06,851 INFO: Using Country column from data [d:\AivellumPro\zReport5\app.py:328]
2025-12-11 20:48:06,856 INFO: Processing complete: 47 records [d:\AivellumPro\zReport5\app.py:345]
2025-12-11 20:48:06,858 INFO: Countries: 20 unique [d:\AivellumPro\zReport5\app.py:346]
2025-12-11 20:48:06,859 INFO: Data loaded successfully: 47 records [d:\AivellumPro\zReport5\app.py:385]
2025-12-11 20:48:10,127 INFO: FILTER RESULT: 47 -> 47 records [d:\AivellumPro\zReport5\app.py:428]
2025-12-11 20:48:10,129 INFO: FILTER RESULT: 47 -> 47 records [d:\AivellumPro\zReport5\app.py:428]
2025-12-11 20:48:10,129 INFO: FILTER RESULT: 47 -> 47 records [d:\AivellumPro\zReport5\app.py:428]
2025-12-11 20:48:10,132 INFO: FILTER RESULT: 47 -> 47 records [d:\AivellumPro\zReport5\app.py:428]
2025-12-11 20:48:48,456 INFO: FILTER RESULT: 47 -> 47 records [d:\AivellumPro\zReport5\app.py:428]
2025-12-11 20:48:48,461 INFO: FILTER RESULT: 47 -> 47 records [d:\AivellumPro\zReport5\app.py:428]
2025-12-11 20:48:48,467 INFO: FILTER RESULT: 47 -> 47 records [d:\AivellumPro\zReport5\app.py:428]
2025-12-11 20:48:48,471 INFO: FILTER RESULT: 47 -> 47 records [d:\AivellumPro\zReport5\app.py:428]
2025-12-11 20:50:19,053 INFO: FILTER RESULT: 47 -> 47 records [d:\AivellumPro\zReport5\app.py:428]
2025-12-11 20:50:19,058 INFO: FILTER RESULT: 47 -> 47 records [d:\AivellumPro\zReport5\app.py:428]
2025-12-11 20:50:19,075 INFO: FILTER RESULT: 47 -> 47 records [d:\AivellumPro\zReport5\app.py:428]
2025-12-11 20:50:19,083 INFO: FILTER RESULT: 47 -> 47 records [d:\AivellumPro\zReport5\app.py:428]
2025-12-11 20:51:39,524 INFO: FILTER RESULT: 47 -> 47 records [d:\AivellumPro\zReport5\app.py:428]
2025-12-11 20:51:39,547 INFO: FILTER RESULT: 47 -> 47 records [d:\AivellumPro\zReport5\app.py:428]
2025-12-11 20:51:39,547 INFO: FILTER RESULT: 47 -> 47 records [d:\AivellumPro\zReport5\app.py:428]
2025-12-11 20:51:39,551 INFO: FILTER RESULT: 47 -> 47 records [d:\AivellumPro\zReport5\app.py:428]
2025-12-11 20:51:53,639 INFO: FILTER RESULT: 47 -> 47 records [d:\AivellumPro\zReport5\app.py:428]
2025-12-11 20:51:53,648 INFO: FILTER RESULT: 47 -> 47 records [d:\AivellumPro\zReport5\app.py:428]
2025-12-11 20:51:53,663 INFO: FILTER RESULT: 47 -> 47 records [d:\AivellumPro\zReport5\app.py:428]
2025-12-11 20:51:53,670 INFO: FILTER RESULT: 47 -> 47 records [d:\AivellumPro\zReport5\app.py:428]
2025-12-11 20:56:39,536 INFO: FILTER RESULT: 47 -> 47 records [d:\AivellumPro\zReport5\app.py:428]
2025-12-11 20:56:39,564 INFO: FILTER RESULT: 47 -> 47 records [d:\AivellumPro\zReport5\app.py:428]
2025-12-11 20:56:39,565 INFO: FILTER RESULT: 47 -> 47 records [d:\AivellumPro\zReport5\app.py:428]
2025-12-11 20:56:39,584 INFO: FILTER RESULT: 47 -> 47 records [d:\AivellumPro\zReport5\app.py:428]
2025-12-11 21:01:39,522 INFO: FILTER RESULT: 47 -> 47 records [d:\AivellumPro\zReport5\app.py:428]
2025-12-11 21:01:39,538 INFO: FILTER RESULT: 47 -> 47 records [d:\AivellumPro\zReport5\app.py:428]
2025-12-11 21:01:39,541 INFO: FILTER RESULT: 47 -> 47 records [d:\AivellumPro\zReport5\app.py:428]
2025-12-11 21:01:39,542 INFO: FILTER RESULT: 47 -> 47 records [d:\AivellumPro\zReport5\app.py:428]
2025-12-11 21:06:39,521 INFO: FILTER RESULT: 47 -> 47 records [d:\AivellumPro\zReport5\app.py:428]
2025-12-11 21:06:39,539 INFO: FILTER RESULT: 47 -> 47 records [d:\AivellumPro\zReport5\app.py:428]
2025-12-11 21:06:39,539 INFO: FILTER RESULT: 47 -> 47 records [d:\AivellumPro\zReport5\app.py:428]
2025-12-11 21:06:39,542 INFO: FILTER RESULT: 47 -> 47 records [d:\AivellumPro\zReport5\app.py:428]
2025-12-11 21:11:39,576 INFO: FILTER RESULT: 47 -> 47 records [d:\AivellumPro\zReport5\app.py:428]
2025-12-11 21:11:39,620 INFO: FILTER RESULT: 47 -> 47 records [d:\AivellumPro\zReport5\app.py:428]
2025-12-11 21:11:39,621 INFO: FILTER RESULT: 47 -> 47 records [d:\AivellumPro\zReport5\app.py:428]
2025-12-11 21:11:39,622 INFO: FILTER RESULT: 47 -> 47 records [d:\AivellumPro\zReport5\app.py:428]
2025-12-11 21:16:39,530 INFO: FILTER RESULT: 47 -> 47 records [d:\AivellumPro\zReport5\app.py:428]
2025-12-11 21:16:39,549 INFO: FILTER RESULT: 47 -> 47 records [d:\AivellumPro\zReport5\app.py:428]
2025-12-11 21:16:39,571 INFO: FILTER RESULT: 47 -> 47 records [d:\AivellumPro\zReport5\app.py:428]
2025-12-11 21:16:39,573 INFO: FILTER RESULT: 47 -> 47 records [d:\AivellumPro\zReport5\app.py:428]
2025-12-11 21:17:39,740 INFO: FILTER RESULT: 47 -> 47 records [d:\AivellumPro\zReport5\app.py:428]
2025-12-11 21:17:39,746 INFO: FILTER RESULT: 47 -> 47 records [d:\AivellumPro\zReport5\app.py:428]
2025-12-11 21:17:39,779 INFO: FILTER RESULT: 47 -> 47 records [d:\AivellumPro\zReport5\app.py:428]
2025-12-11 21:17:39,782 INFO: FILTER RESULT: 47 -> 47 records [d:\AivellumPro\zReport5\app.py:428]
2025-12-11 21:18:03,084 INFO: FILTER RESULT: 47 -> 47 records [d:\AivellumPro\zReport5\app.py:428]
2025-12-11 21:18:03,107 INFO: FILTER RESULT: 47 -> 47 records [d:\AivellumPro\zReport5\app.py:428]
2025-12-11 21:18:03,111 INFO: FILTER RESULT: 47 -> 47 records [d:\AivellumPro\zReport5\app.py:428]
2025-12-11 21:18:03,114 INFO: FILTER RESULT: 47 -> 47 records [d:\AivellumPro\zReport5\app.py:428]
2025-12-11 21:18:25,548 INFO: FILTER RESULT: 47 -> 47 records [d:\AivellumPro\zReport5\app.py:428]
2025-12-11 21:18:27,234 INFO: FILTER RESULT: 47 -> 47 records [d:\AivellumPro\zReport5\app.py:428]
2025-12-11 21:18:30,735 INFO: FILTER RESULT: 47 -> 47 records [d:\AivellumPro\zReport5\app.py:428]
2025-12-11 21:18:32,610 INFO: FILTER RESULT: 47 -> 47 records [d:\AivellumPro\zReport5\app.py:428]
2025-12-11 21:18:34,517 INFO: FILTER RESULT: 47 -> 47 records [d:\AivellumPro\zReport5\app.py:428]
2025-12-11 21:19:16,949 INFO: FILTER RESULT: 47 -> 47 records [d:\AivellumPro\zReport5\app.py:428]
2025-12-11 21:19:16,950 INFO: FILTER RESULT: 47 -> 47 records [d:\AivellumPro\zReport5\app.py:428]
2025-12-11 21:19:16,955 INFO: FILTER RESULT: 47 -> 47 records [d:\AivellumPro\zReport5\app.py:428]
2025-12-11 21:19:16,962 INFO: FILTER RESULT: 47 -> 47 records [d:\AivellumPro\zReport5\app.py:428]
2025-12-11 21:19:49,257 INFO: FILTER RESULT: 47 -> 47 records [d:\AivellumPro\zReport5\app.py:428]
2025-12-11 21:19:49,269 INFO: FILTER RESULT: 47 -> 47 records [d:\AivellumPro\zReport5\app.py:428]
2025-12-11 21:19:49,270 INFO: FILTER RESULT: 47 -> 47 records [d:\AivellumPro\zReport5\app.py:428]
2025-12-11 21:19:49,275 INFO: FILTER RESULT: 47 -> 47 records [d:\AivellumPro\zReport5\app.py:428]
2025-12-11 21:21:39,541 INFO: FILTER RESULT: 47 -> 47 records [d:\AivellumPro\zReport5\app.py:428]
2025-12-11 21:21:39,562 INFO: FILTER RESULT: 47 -> 47 records [d:\AivellumPro\zReport5\app.py:428]
2025-12-11 21:21:39,575 INFO: FILTER RESULT: 47 -> 47 records [d:\AivellumPro\zReport5\app.py:428]
2025-12-11 21:21:39,584 INFO: FILTER RESULT: 47 -> 47 records [d:\AivellumPro\zReport5\app.py:428]
2025-12-11 21:21:43,867 INFO: FILTER RESULT: 47 -> 47 records [d:\AivellumPro\zReport5\app.py:428]
2025-12-11 21:21:43,868 INFO: FILTER RESULT: 47 -> 47 records [d:\AivellumPro\zReport5\app.py:428]
2025-12-11 21:21:43,871 INFO: FILTER RESULT: 47 -> 47 records [d:\AivellumPro\zReport5\app.py:428]
2025-12-11 21:21:43,872 INFO: FILTER RESULT: 47 -> 47 records [d:\AivellumPro\zReport5\app.py:428]
2025-12-11 21:21:55,018 INFO: Start date 2025-11-10: 13 records [d:\AivellumPro\zReport5\app.py:411]
2025-12-11 21:21:55,023 INFO: End date 2025-12-10: 13 records [d:\AivellumPro\zReport5\app.py:416]
2025-12-11 21:21:55,027 INFO: Platform Promotion: 3 records [d:\AivellumPro\zReport5\app.py:426]
2025-12-11 21:21:55,028 INFO: FILTER RESULT: 47 -> 3 records [d:\AivellumPro\zReport5\app.py:428]
2025-12-11 21:21:55,052 INFO: Start date 2025-11-10: 13 records [d:\AivellumPro\zReport5\app.py:411]
2025-12-11 21:21:55,061 INFO: Start date 2025-11-10: 13 records [d:\AivellumPro\zReport5\app.py:411]
2025-12-11 21:21:55,063 INFO: End date 2025-12-10: 13 records [d:\AivellumPro\zReport5\app.py:416]
2025-12-11 21:21:55,068 INFO: Start date 2025-11-10: 13 records [d:\AivellumPro\zReport5\app.py:411]
2025-12-11 21:21:55,072 INFO: End date 2025-12-10: 13 records [d:\AivellumPro\zReport5\app.py:416]
2025-12-11 21:21:55,075 INFO: Platform Promotion: 3 records [d:\AivellumPro\zReport5\app.py:426]
2025-12-11 21:21:55,077 INFO: End date 2025-12-10: 13 records [d:\AivellumPro\zReport5\app.py:416]
2025-12-11 21:21:55,080 INFO: Platform Promotion: 3 records [d:\AivellumPro\zReport5\app.py:426]
2025-12-11 21:21:55,081 INFO: FILTER RESULT: 47 -> 3 records [d:\AivellumPro\zReport5\app.py:428]
2025-12-11 21:21:55,083 INFO: Platform Promotion: 3 records [d:\AivellumPro\zReport5\app.py:426]
2025-12-11 21:21:55,085 INFO: FILTER RESULT: 47 -> 3 records [d:\AivellumPro\zReport5\app.py:428]
2025-12-11 21:21:55,097 INFO: FILTER RESULT: 47 -> 3 records [d:\AivellumPro\zReport5\app.py:428]
2025-12-11 21:22:00,651 INFO: Start date 2025-11-10: 13 records [d:\AivellumPro\zReport5\app.py:411]
2025-12-11 21:22:00,655 INFO: End date 2025-12-10: 13 records [d:\AivellumPro\zReport5\app.py:416]
2025-12-11 21:22:00,659 INFO: Platform Aivellum: 0 records [d:\AivellumPro\zReport5\app.py:426]
2025-12-11 21:22:00,661 INFO: FILTER RESULT: 47 -> 0 records [d:\AivellumPro\zReport5\app.py:428]
2025-12-11 21:22:00,680 INFO: Start date 2025-11-10: 13 records [d:\AivellumPro\zReport5\app.py:411]
2025-12-11 21:22:00,687 INFO: Start date 2025-11-10: 13 records [d:\AivellumPro\zReport5\app.py:411]
2025-12-11 21:22:00,692 INFO: Start date 2025-11-10: 13 records [d:\AivellumPro\zReport5\app.py:411]
2025-12-11 21:22:00,697 INFO: End date 2025-12-10: 13 records [d:\AivellumPro\zReport5\app.py:416]
2025-12-11 21:22:00,700 INFO: End date 2025-12-10: 13 records [d:\AivellumPro\zReport5\app.py:416]
2025-12-11 21:22:00,704 INFO: End date 2025-12-10: 13 records [d:\AivellumPro\zReport5\app.py:416]
2025-12-11 21:22:00,707 INFO: Platform Aivellum: 0 records [d:\AivellumPro\zReport5\app.py:426]
2025-12-11 21:22:00,711 INFO: Platform Aivellum: 0 records [d:\AivellumPro\zReport5\app.py:426]
2025-12-11 21:22:00,714 INFO: Platform Aivellum: 0 records [d:\AivellumPro\zReport5\app.py:426]
2025-12-11 21:22:00,716 INFO: FILTER RESULT: 47 -> 0 records [d:\AivellumPro\zReport5\app.py:428]
2025-12-11 21:22:00,717 INFO: FILTER RESULT: 47 -> 0 records [d:\AivellumPro\zReport5\app.py:428]
2025-12-11 21:22:00,719 INFO: FILTER RESULT: 47 -> 0 records [d:\AivellumPro\zReport5\app.py:428]
2025-12-11 21:22:03,057 INFO: Start date 2025-11-10: 13 records [d:\AivellumPro\zReport5\app.py:411]
2025-12-11 21:22:03,061 INFO: End date 2025-12-10: 13 records [d:\AivellumPro\zReport5\app.py:416]
2025-12-11 21:22:03,064 INFO: Platform Aivellum: 0 records [d:\AivellumPro\zReport5\app.py:426]
2025-12-11 21:22:03,066 INFO: FILTER RESULT: 47 -> 0 records [d:\AivellumPro\zReport5\app.py:428]
2025-12-11 21:22:03,090 INFO: Start date 2025-11-10: 13 records [d:\AivellumPro\zReport5\app.py:411]
2025-12-11 21:22:03,098 INFO: Start date 2025-11-10: 13 records [d:\AivellumPro\zReport5\app.py:411]
2025-12-11 21:22:03,099 INFO: Start date 2025-11-10: 13 records [d:\AivellumPro\zReport5\app.py:411]
2025-12-11 21:22:03,103 INFO: End date 2025-12-10: 13 records [d:\AivellumPro\zReport5\app.py:416]
2025-12-11 21:22:03,106 INFO: End date 2025-12-10: 13 records [d:\AivellumPro\zReport5\app.py:416]
2025-12-11 21:22:03,110 INFO: End date 2025-12-10: 13 records [d:\AivellumPro\zReport5\app.py:416]
2025-12-11 21:22:03,114 INFO: Platform Aivellum: 0 records [d:\AivellumPro\zReport5\app.py:426]
2025-12-11 21:22:03,118 INFO: Platform Aivellum: 0 records [d:\AivellumPro\zReport5\app.py:426]
2025-12-11 21:22:03,121 INFO: Platform Aivellum: 0 records [d:\AivellumPro\zReport5\app.py:426]
2025-12-11 21:22:03,123 INFO: FILTER RESULT: 47 -> 0 records [d:\AivellumPro\zReport5\app.py:428]
2025-12-11 21:22:03,124 INFO: FILTER RESULT: 47 -> 0 records [d:\AivellumPro\zReport5\app.py:428]
2025-12-11 21:22:03,125 INFO: FILTER RESULT: 47 -> 0 records [d:\AivellumPro\zReport5\app.py:428]
2025-12-11 21:22:11,655 INFO: Start date 2025-11-10: 13 records [d:\AivellumPro\zReport5\app.py:411]
2025-12-11 21:22:11,659 INFO: End date 2025-12-10: 13 records [d:\AivellumPro\zReport5\app.py:416]
2025-12-11 21:22:11,662 INFO: Platform Play Store: 10 records [d:\AivellumPro\zReport5\app.py:426]
2025-12-11 21:22:11,664 INFO: FILTER RESULT: 47 -> 10 records [d:\AivellumPro\zReport5\app.py:428]
2025-12-11 21:22:11,687 INFO: Start date 2025-11-10: 13 records [d:\AivellumPro\zReport5\app.py:411]
2025-12-11 21:22:11,691 INFO: Start date 2025-11-10: 13 records [d:\AivellumPro\zReport5\app.py:411]
2025-12-11 21:22:11,694 INFO: End date 2025-12-10: 13 records [d:\AivellumPro\zReport5\app.py:416]
2025-12-11 21:22:11,699 INFO: Start date 2025-11-10: 13 records [d:\AivellumPro\zReport5\app.py:411]
2025-12-11 21:22:11,701 INFO: End date 2025-12-10: 13 records [d:\AivellumPro\zReport5\app.py:416]
2025-12-11 21:22:11,704 INFO: Platform Play Store: 10 records [d:\AivellumPro\zReport5\app.py:426]
2025-12-11 21:22:11,707 INFO: End date 2025-12-10: 13 records [d:\AivellumPro\zReport5\app.py:416]
2025-12-11 21:22:11,709 INFO: Platform Play Store: 10 records [d:\AivellumPro\zReport5\app.py:426]
2025-12-11 21:22:11,710 INFO: FILTER RESULT: 47 -> 10 records [d:\AivellumPro\zReport5\app.py:428]
2025-12-11 21:22:11,711 INFO: Platform Play Store: 10 records [d:\AivellumPro\zReport5\app.py:426]
2025-12-11 21:22:11,712 INFO: FILTER RESULT: 47 -> 10 records [d:\AivellumPro\zReport5\app.py:428]
2025-12-11 21:22:11,725 INFO: FILTER RESULT: 47 -> 10 records [d:\AivellumPro\zReport5\app.py:428]
2025-12-11 21:22:14,004 INFO: Platform Play Store: 38 records [d:\AivellumPro\zReport5\app.py:426]
2025-12-11 21:22:14,005 INFO: FILTER RESULT: 47 -> 38 records [d:\AivellumPro\zReport5\app.py:428]
2025-12-11 21:22:14,030 INFO: Platform Play Store: 38 records [d:\AivellumPro\zReport5\app.py:426]
2025-12-11 21:22:14,036 INFO: FILTER RESULT: 47 -> 38 records [d:\AivellumPro\zReport5\app.py:428]
2025-12-11 21:22:14,037 INFO: Platform Play Store: 38 records [d:\AivellumPro\zReport5\app.py:426]
2025-12-11 21:22:14,038 INFO: Platform Play Store: 38 records [d:\AivellumPro\zReport5\app.py:426]
2025-12-11 21:22:14,054 INFO: FILTER RESULT: 47 -> 38 records [d:\AivellumPro\zReport5\app.py:428]
2025-12-11 21:22:14,055 INFO: FILTER RESULT: 47 -> 38 records [d:\AivellumPro\zReport5\app.py:428]
2025-12-11 21:22:16,653 INFO: Platform Aivellum: 6 records [d:\AivellumPro\zReport5\app.py:426]
2025-12-11 21:22:16,655 INFO: FILTER RESULT: 47 -> 6 records [d:\AivellumPro\zReport5\app.py:428]
2025-12-11 21:22:16,675 INFO: Platform Aivellum: 6 records [d:\AivellumPro\zReport5\app.py:426]
2025-12-11 21:22:16,678 INFO: Platform Aivellum: 6 records [d:\AivellumPro\zReport5\app.py:426]
2025-12-11 21:22:16,679 INFO: FILTER RESULT: 47 -> 6 records [d:\AivellumPro\zReport5\app.py:428]
2025-12-11 21:22:16,682 INFO: FILTER RESULT: 47 -> 6 records [d:\AivellumPro\zReport5\app.py:428]
2025-12-11 21:22:16,683 INFO: Platform Aivellum: 6 records [d:\AivellumPro\zReport5\app.py:426]
2025-12-11 21:22:16,707 INFO: FILTER RESULT: 47 -> 6 records [d:\AivellumPro\zReport5\app.py:428]
2025-12-11 21:22:23,525 INFO: Platform Play Store: 38 records [d:\AivellumPro\zReport5\app.py:426]
2025-12-11 21:22:23,526 INFO: FILTER RESULT: 47 -> 38 records [d:\AivellumPro\zReport5\app.py:428]
2025-12-11 21:22:23,548 INFO: Platform Play Store: 38 records [d:\AivellumPro\zReport5\app.py:426]
2025-12-11 21:22:23,552 INFO: FILTER RESULT: 47 -> 38 records [d:\AivellumPro\zReport5\app.py:428]
2025-12-11 21:22:23,555 INFO: Platform Play Store: 38 records [d:\AivellumPro\zReport5\app.py:426]
2025-12-11 21:22:23,561 INFO: Platform Play Store: 38 records [d:\AivellumPro\zReport5\app.py:426]
2025-12-11 21:22:23,579 INFO: FILTER RESULT: 47 -> 38 records [d:\AivellumPro\zReport5\app.py:428]
2025-12-11 21:22:23,582 INFO: FILTER RESULT: 47 -> 38 records [d:\AivellumPro\zReport5\app.py:428]
2025-12-11 21:25:18,983 INFO: Start date 2025-09-12: 47 records [d:\AivellumPro\zReport5\app.py:411]
2025-12-11 21:25:18,989 INFO: End date 2025-12-11: 47 records [d:\AivellumPro\zReport5\app.py:416]
2025-12-11 21:25:18,992 INFO: Platform Play Store: 38 records [d:\AivellumPro\zReport5\app.py:426]
2025-12-11 21:25:18,994 INFO: FILTER RESULT: 47 -> 38 records [d:\AivellumPro\zReport5\app.py:428]
2025-12-11 21:25:19,018 INFO: Start date 2025-09-12: 47 records [d:\AivellumPro\zReport5\app.py:411]
2025-12-11 21:25:19,025 INFO: End date 2025-12-11: 47 records [d:\AivellumPro\zReport5\app.py:416]
2025-12-11 21:25:19,032 INFO: Start date 2025-09-12: 47 records [d:\AivellumPro\zReport5\app.py:411]
2025-12-11 21:25:19,033 INFO: Start date 2025-09-12: 47 records [d:\AivellumPro\zReport5\app.py:411]
2025-12-11 21:25:19,035 INFO: Platform Play Store: 38 records [d:\AivellumPro\zReport5\app.py:426]
2025-12-11 21:25:19,039 INFO: End date 2025-12-11: 47 records [d:\AivellumPro\zReport5\app.py:416]
2025-12-11 21:25:19,042 INFO: End date 2025-12-11: 47 records [d:\AivellumPro\zReport5\app.py:416]
2025-12-11 21:25:19,044 INFO: FILTER RESULT: 47 -> 38 records [d:\AivellumPro\zReport5\app.py:428]
2025-12-11 21:25:19,048 INFO: Platform Play Store: 38 records [d:\AivellumPro\zReport5\app.py:426]
2025-12-11 21:25:19,052 INFO: Platform Play Store: 38 records [d:\AivellumPro\zReport5\app.py:426]
2025-12-11 21:25:19,074 INFO: FILTER RESULT: 47 -> 38 records [d:\AivellumPro\zReport5\app.py:428]
2025-12-11 21:25:19,076 INFO: FILTER RESULT: 47 -> 38 records [d:\AivellumPro\zReport5\app.py:428]
2025-12-11 21:25:25,301 INFO: Start date 2025-09-12: 47 records [d:\AivellumPro\zReport5\app.py:411]
2025-12-11 21:25:25,305 INFO: End date 2025-12-11: 47 records [d:\AivellumPro\zReport5\app.py:416]
2025-12-11 21:25:25,308 INFO: Platform Aivellum: 6 records [d:\AivellumPro\zReport5\app.py:426]
2025-12-11 21:25:25,310 INFO: FILTER RESULT: 47 -> 6 records [d:\AivellumPro\zReport5\app.py:428]
2025-12-11 21:25:25,333 INFO: Start date 2025-09-12: 47 records [d:\AivellumPro\zReport5\app.py:411]
2025-12-11 21:25:25,343 INFO: Start date 2025-09-12: 47 records [d:\AivellumPro\zReport5\app.py:411]
2025-12-11 21:25:25,343 INFO: End date 2025-12-11: 47 records [d:\AivellumPro\zReport5\app.py:416]
2025-12-11 21:25:25,350 INFO: End date 2025-12-11: 47 records [d:\AivellumPro\zReport5\app.py:416]
2025-12-11 21:25:25,353 INFO: Start date 2025-09-12: 47 records [d:\AivellumPro\zReport5\app.py:411]
2025-12-11 21:25:25,356 INFO: Platform Aivellum: 6 records [d:\AivellumPro\zReport5\app.py:426]
2025-12-11 21:25:25,359 INFO: Platform Aivellum: 6 records [d:\AivellumPro\zReport5\app.py:426]
2025-12-11 21:25:25,363 INFO: End date 2025-12-11: 47 records [d:\AivellumPro\zReport5\app.py:416]
2025-12-11 21:25:25,364 INFO: FILTER RESULT: 47 -> 6 records [d:\AivellumPro\zReport5\app.py:428]
2025-12-11 21:25:25,365 INFO: FILTER RESULT: 47 -> 6 records [d:\AivellumPro\zReport5\app.py:428]
2025-12-11 21:25:25,368 INFO: Platform Aivellum: 6 records [d:\AivellumPro\zReport5\app.py:426]
2025-12-11 21:25:25,396 INFO: FILTER RESULT: 47 -> 6 records [d:\AivellumPro\zReport5\app.py:428]
2025-12-11 21:25:39,510 INFO: Start date 2025-10-12: 40 records [d:\AivellumPro\zReport5\app.py:411]
2025-12-11 21:25:39,514 INFO: End date 2025-12-11: 40 records [d:\AivellumPro\zReport5\app.py:416]
2025-12-11 21:25:39,517 INFO: Platform Aivellum: 6 records [d:\AivellumPro\zReport5\app.py:426]
2025-12-11 21:25:39,519 INFO: FILTER RESULT: 47 -> 6 records [d:\AivellumPro\zReport5\app.py:428]
2025-12-11 21:25:39,542 INFO: Start date 2025-10-12: 40 records [d:\AivellumPro\zReport5\app.py:411]
2025-12-11 21:25:39,553 INFO: Start date 2025-10-12: 40 records [d:\AivellumPro\zReport5\app.py:411]
2025-12-11 21:25:39,557 INFO: Start date 2025-10-12: 40 records [d:\AivellumPro\zReport5\app.py:411]
2025-12-11 21:25:39,557 INFO: End date 2025-12-11: 40 records [d:\AivellumPro\zReport5\app.py:416]
2025-12-11 21:25:39,561 INFO: End date 2025-12-11: 40 records [d:\AivellumPro\zReport5\app.py:416]
2025-12-11 21:25:39,564 INFO: End date 2025-12-11: 40 records [d:\AivellumPro\zReport5\app.py:416]
2025-12-11 21:25:39,568 INFO: Platform Aivellum: 6 records [d:\AivellumPro\zReport5\app.py:426]
2025-12-11 21:25:39,571 INFO: Platform Aivellum: 6 records [d:\AivellumPro\zReport5\app.py:426]
2025-12-11 21:25:39,574 INFO: Platform Aivellum: 6 records [d:\AivellumPro\zReport5\app.py:426]
2025-12-11 21:25:39,574 INFO: FILTER RESULT: 47 -> 6 records [d:\AivellumPro\zReport5\app.py:428]
2025-12-11 21:25:39,575 INFO: FILTER RESULT: 47 -> 6 records [d:\AivellumPro\zReport5\app.py:428]
2025-12-11 21:25:39,576 INFO: FILTER RESULT: 47 -> 6 records [d:\AivellumPro\zReport5\app.py:428]
2025-12-11 21:25:52,401 INFO: Start date 2025-10-01: 47 records [d:\AivellumPro\zReport5\app.py:411]
2025-12-11 21:25:52,404 INFO: End date 2025-12-11: 47 records [d:\AivellumPro\zReport5\app.py:416]
2025-12-11 21:25:52,407 INFO: Platform Aivellum: 6 records [d:\AivellumPro\zReport5\app.py:426]
2025-12-11 21:25:52,408 INFO: FILTER RESULT: 47 -> 6 records [d:\AivellumPro\zReport5\app.py:428]
2025-12-11 21:25:52,425 INFO: Start date 2025-10-01: 47 records [d:\AivellumPro\zReport5\app.py:411]
2025-12-11 21:25:52,430 INFO: Start date 2025-10-01: 47 records [d:\AivellumPro\zReport5\app.py:411]
2025-12-11 21:25:52,434 INFO: Start date 2025-10-01: 47 records [d:\AivellumPro\zReport5\app.py:411]
2025-12-11 21:25:52,436 INFO: End date 2025-12-11: 47 records [d:\AivellumPro\zReport5\app.py:416]
2025-12-11 21:25:52,439 INFO: End date 2025-12-11: 47 records [d:\AivellumPro\zReport5\app.py:416]
2025-12-11 21:25:52,441 INFO: End date 2025-12-11: 47 records [d:\AivellumPro\zReport5\app.py:416]
2025-12-11 21:25:52,444 INFO: Platform Aivellum: 6 records [d:\AivellumPro\zReport5\app.py:426]
2025-12-11 21:25:52,446 INFO: Platform Aivellum: 6 records [d:\AivellumPro\zReport5\app.py:426]
2025-12-11 21:25:52,449 INFO: Platform Aivellum: 6 records [d:\AivellumPro\zReport5\app.py:426]
2025-12-11 21:25:52,450 INFO: FILTER RESULT: 47 -> 6 records [d:\AivellumPro\zReport5\app.py:428]
2025-12-11 21:25:52,451 INFO: FILTER RESULT: 47 -> 6 records [d:\AivellumPro\zReport5\app.py:428]
2025-12-11 21:25:52,452 INFO: FILTER RESULT: 47 -> 6 records [d:\AivellumPro\zReport5\app.py:428]
2025-12-11 21:26:39,535 INFO: FILTER RESULT: 47 -> 47 records [d:\AivellumPro\zReport5\app.py:428]
2025-12-11 21:26:39,562 INFO: FILTER RESULT: 47 -> 47 records [d:\AivellumPro\zReport5\app.py:428]
2025-12-11 21:26:39,563 INFO: FILTER RESULT: 47 -> 47 records [d:\AivellumPro\zReport5\app.py:428]
2025-12-11 21:26:39,565 INFO: FILTER RESULT: 47 -> 47 records [d:\AivellumPro\zReport5\app.py:428]
2025-12-11 21:26:43,868 INFO: Start date 2025-10-01: 47 records [d:\AivellumPro\zReport5\app.py:411]
2025-12-11 21:26:43,871 INFO: End date 2025-12-11: 47 records [d:\AivellumPro\zReport5\app.py:416]
2025-12-11 21:26:43,874 INFO: Platform Aivellum: 6 records [d:\AivellumPro\zReport5\app.py:426]
2025-12-11 21:26:43,875 INFO: FILTER RESULT: 47 -> 6 records [d:\AivellumPro\zReport5\app.py:428]
2025-12-11 21:26:43,896 INFO: Start date 2025-10-01: 47 records [d:\AivellumPro\zReport5\app.py:411]
2025-12-11 21:26:43,901 INFO: Start date 2025-10-01: 47 records [d:\AivellumPro\zReport5\app.py:411]
2025-12-11 21:26:43,903 INFO: End date 2025-12-11: 47 records [d:\AivellumPro\zReport5\app.py:416]
2025-12-11 21:26:43,903 INFO: Start date 2025-10-01: 47 records [d:\AivellumPro\zReport5\app.py:411]
2025-12-11 21:26:43,905 INFO: End date 2025-12-11: 47 records [d:\AivellumPro\zReport5\app.py:416]
2025-12-11 21:26:43,908 INFO: Platform Aivellum: 6 records [d:\AivellumPro\zReport5\app.py:426]
2025-12-11 21:26:43,913 INFO: End date 2025-12-11: 47 records [d:\AivellumPro\zReport5\app.py:416]
2025-12-11 21:26:43,914 INFO: Platform Aivellum: 6 records [d:\AivellumPro\zReport5\app.py:426]
2025-12-11 21:26:43,915 INFO: FILTER RESULT: 47 -> 6 records [d:\AivellumPro\zReport5\app.py:428]
2025-12-11 21:26:43,917 INFO: Platform Aivellum: 6 records [d:\AivellumPro\zReport5\app.py:426]
2025-12-11 21:26:43,918 INFO: FILTER RESULT: 47 -> 6 records [d:\AivellumPro\zReport5\app.py:428]
2025-12-11 21:26:43,931 INFO: FILTER RESULT: 47 -> 6 records [d:\AivellumPro\zReport5\app.py:428]
2025-12-11 21:27:40,343 INFO: Start date 2025-10-01: 47 records [d:\AivellumPro\zReport5\app.py:411]
2025-12-11 21:27:40,345 INFO: End date 2025-12-11: 47 records [d:\AivellumPro\zReport5\app.py:416]
2025-12-11 21:27:40,349 INFO: Platform Aivellum: 6 records [d:\AivellumPro\zReport5\app.py:426]
2025-12-11 21:27:40,350 INFO: FILTER RESULT: 47 -> 6 records [d:\AivellumPro\zReport5\app.py:428]
2025-12-11 21:27:42,991 INFO: FILTER RESULT: 47 -> 47 records [d:\AivellumPro\zReport5\app.py:428]
2025-12-11 21:27:42,993 INFO: FILTER RESULT: 47 -> 47 records [d:\AivellumPro\zReport5\app.py:428]
2025-12-11 21:27:43,003 INFO: FILTER RESULT: 47 -> 47 records [d:\AivellumPro\zReport5\app.py:428]
2025-12-11 21:27:43,015 INFO: FILTER RESULT: 47 -> 47 records [d:\AivellumPro\zReport5\app.py:428]
2025-12-11 21:27:46,949 INFO: Start date 2025-09-12: 47 records [d:\AivellumPro\zReport5\app.py:411]
2025-12-11 21:27:46,951 INFO: End date 2025-12-11: 47 records [d:\AivellumPro\zReport5\app.py:416]
2025-12-11 21:27:46,952 INFO: FILTER RESULT: 47 -> 47 records [d:\AivellumPro\zReport5\app.py:428]
2025-12-11 21:27:46,975 INFO: Start date 2025-09-12: 47 records [d:\AivellumPro\zReport5\app.py:411]
2025-12-11 21:27:46,982 INFO: Start date 2025-09-12: 47 records [d:\AivellumPro\zReport5\app.py:411]
2025-12-11 21:27:46,984 INFO: Start date 2025-09-12: 47 records [d:\AivellumPro\zReport5\app.py:411]
2025-12-11 21:27:46,984 INFO: End date 2025-12-11: 47 records [d:\AivellumPro\zReport5\app.py:416]
2025-12-11 21:27:46,987 INFO: End date 2025-12-11: 47 records [d:\AivellumPro\zReport5\app.py:416]
2025-12-11 21:27:46,991 INFO: End date 2025-12-11: 47 records [d:\AivellumPro\zReport5\app.py:416]
2025-12-11 21:27:46,992 INFO: FILTER RESULT: 47 -> 47 records [d:\AivellumPro\zReport5\app.py:428]
2025-12-11 21:27:46,992 INFO: FILTER RESULT: 47 -> 47 records [d:\AivellumPro\zReport5\app.py:428]
2025-12-11 21:27:46,993 INFO: FILTER RESULT: 47 -> 47 records [d:\AivellumPro\zReport5\app.py:428]
2025-12-11 21:31:39,533 INFO: FILTER RESULT: 47 -> 47 records [d:\AivellumPro\zReport5\app.py:428]
2025-12-11 21:31:39,558 INFO: FILTER RESULT: 47 -> 47 records [d:\AivellumPro\zReport5\app.py:428]
2025-12-11 21:31:39,575 INFO: FILTER RESULT: 47 -> 47 records [d:\AivellumPro\zReport5\app.py:428]
2025-12-11 21:31:39,587 INFO: FILTER RESULT: 47 -> 47 records [d:\AivellumPro\zReport5\app.py:428]
2025-12-11 21:32:43,533 INFO: Start date 2025-09-12: 47 records [d:\AivellumPro\zReport5\app.py:411]
2025-12-11 21:32:43,536 INFO: End date 2025-12-11: 47 records [d:\AivellumPro\zReport5\app.py:416]
2025-12-11 21:32:43,537 INFO: FILTER RESULT: 47 -> 47 records [d:\AivellumPro\zReport5\app.py:428]
2025-12-11 21:32:43,577 INFO: Start date 2025-09-12: 47 records [d:\AivellumPro\zReport5\app.py:411]
2025-12-11 21:32:43,581 INFO: Start date 2025-09-12: 47 records [d:\AivellumPro\zReport5\app.py:411]
2025-12-11 21:32:43,584 INFO: End date 2025-12-11: 47 records [d:\AivellumPro\zReport5\app.py:416]
2025-12-11 21:32:43,588 INFO: Start date 2025-09-12: 47 records [d:\AivellumPro\zReport5\app.py:411]
2025-12-11 21:32:43,591 INFO: End date 2025-12-11: 47 records [d:\AivellumPro\zReport5\app.py:416]
2025-12-11 21:32:43,592 INFO: FILTER RESULT: 47 -> 47 records [d:\AivellumPro\zReport5\app.py:428]
2025-12-11 21:32:43,596 INFO: End date 2025-12-11: 47 records [d:\AivellumPro\zReport5\app.py:416]
2025-12-11 21:32:43,597 INFO: FILTER RESULT: 47 -> 47 records [d:\AivellumPro\zReport5\app.py:428]
2025-12-11 21:32:43,617 INFO: FILTER RESULT: 47 -> 47 records [d:\AivellumPro\zReport5\app.py:428]
2025-12-11 21:36:39,520 INFO: FILTER RESULT: 47 -> 47 records [d:\AivellumPro\zReport5\app.py:428]
2025-12-11 21:36:39,534 INFO: FILTER RESULT: 47 -> 47 records [d:\AivellumPro\zReport5\app.py:428]
2025-12-11 21:36:39,538 INFO: FILTER RESULT: 47 -> 47 records [d:\AivellumPro\zReport5\app.py:428]
2025-12-11 21:36:39,546 INFO: FILTER RESULT: 47 -> 47 records [d:\AivellumPro\zReport5\app.py:428]
2025-12-11 21:37:43,534 INFO: Start date 2025-09-12: 47 records [d:\AivellumPro\zReport5\app.py:411]
2025-12-11 21:37:43,536 INFO: End date 2025-12-11: 47 records [d:\AivellumPro\zReport5\app.py:416]
2025-12-11 21:37:43,538 INFO: FILTER RESULT: 47 -> 47 records [d:\AivellumPro\zReport5\app.py:428]
2025-12-11 21:37:43,568 INFO: Start date 2025-09-12: 47 records [d:\AivellumPro\zReport5\app.py:411]
2025-12-11 21:37:43,572 INFO: Start date 2025-09-12: 47 records [d:\AivellumPro\zReport5\app.py:411]
2025-12-11 21:37:43,574 INFO: End date 2025-12-11: 47 records [d:\AivellumPro\zReport5\app.py:416]
2025-12-11 21:37:43,579 INFO: Start date 2025-09-12: 47 records [d:\AivellumPro\zReport5\app.py:411]
2025-12-11 21:37:43,580 INFO: End date 2025-12-11: 47 records [d:\AivellumPro\zReport5\app.py:416]
2025-12-11 21:37:43,580 INFO: FILTER RESULT: 47 -> 47 records [d:\AivellumPro\zReport5\app.py:428]
2025-12-11 21:37:43,583 INFO: End date 2025-12-11: 47 records [d:\AivellumPro\zReport5\app.py:416]
2025-12-11 21:37:43,583 INFO: FILTER RESULT: 47 -> 47 records [d:\AivellumPro\zReport5\app.py:428]
2025-12-11 21:37:43,599 INFO: FILTER RESULT: 47 -> 47 records [d:\AivellumPro\zReport5\app.py:428]
2025-12-11 21:41:39,531 INFO: FILTER RESULT: 47 -> 47 records [d:\AivellumPro\zReport5\app.py:428]
2025-12-11 21:41:39,548 INFO: FILTER RESULT: 47 -> 47 records [d:\AivellumPro\zReport5\app.py:428]
2025-12-11 21:41:39,550 INFO: FILTER RESULT: 47 -> 47 records [d:\AivellumPro\zReport5\app.py:428]
2025-12-11 21:41:39,554 INFO: FILTER RESULT: 47 -> 47 records [d:\AivellumPro\zReport5\app.py:428]
2025-12-11 21:42:43,550 INFO: Start date 2025-09-12: 47 records [d:\AivellumPro\zReport5\app.py:411]
2025-12-11 21:42:43,553 INFO: End date 2025-12-11: 47 records [d:\AivellumPro\zReport5\app.py:416]
2025-12-11 21:42:43,554 INFO: FILTER RESULT: 47 -> 47 records [d:\AivellumPro\zReport5\app.py:428]
2025-12-11 21:42:43,575 INFO: Start date 2025-09-12: 47 records [d:\AivellumPro\zReport5\app.py:411]
2025-12-11 21:42:43,579 INFO: Start date 2025-09-12: 47 records [d:\AivellumPro\zReport5\app.py:411]
2025-12-11 21:42:43,581 INFO: Start date 2025-09-12: 47 records [d:\AivellumPro\zReport5\app.py:411]
2025-12-11 21:42:43,583 INFO: End date 2025-12-11: 47 records [d:\AivellumPro\zReport5\app.py:416]
2025-12-11 21:42:43,586 INFO: End date 2025-12-11: 47 records [d:\AivellumPro\zReport5\app.py:416]
2025-12-11 21:42:43,588 INFO: End date 2025-12-11: 47 records [d:\AivellumPro\zReport5\app.py:416]
2025-12-11 21:42:43,588 INFO: FILTER RESULT: 47 -> 47 records [d:\AivellumPro\zReport5\app.py:428]
2025-12-11 21:42:43,589 INFO: FILTER RESULT: 47 -> 47 records [d:\AivellumPro\zReport5\app.py:428]
2025-12-11 21:42:43,590 INFO: FILTER RESULT: 47 -> 47 records [d:\AivellumPro\zReport5\app.py:428]
2025-12-11 21:46:39,615 INFO: FILTER RESULT: 47 -> 47 records [d:\AivellumPro\zReport5\app.py:428]
2025-12-11 21:46:39,705 INFO: FILTER RESULT: 47 -> 47 records [d:\AivellumPro\zReport5\app.py:428]
2025-12-11 21:46:39,721 INFO: FILTER RESULT: 47 -> 47 records [d:\AivellumPro\zReport5\app.py:428]
2025-12-11 21:46:39,722 INFO: FILTER RESULT: 47 -> 47 records [d:\AivellumPro\zReport5\app.py:428]
2025-12-11 21:47:43,529 INFO: Start date 2025-09-12: 47 records [d:\AivellumPro\zReport5\app.py:411]
2025-12-11 21:47:43,532 INFO: End date 2025-12-11: 47 records [d:\AivellumPro\zReport5\app.py:416]
2025-12-11 21:47:43,533 INFO: FILTER RESULT: 47 -> 47 records [d:\AivellumPro\zReport5\app.py:428]
2025-12-11 21:47:43,567 INFO: Start date 2025-09-12: 47 records [d:\AivellumPro\zReport5\app.py:411]
2025-12-11 21:47:43,576 INFO: End date 2025-12-11: 47 records [d:\AivellumPro\zReport5\app.py:416]
2025-12-11 21:47:43,581 INFO: Start date 2025-09-12: 47 records [d:\AivellumPro\zReport5\app.py:411]
2025-12-11 21:47:43,581 INFO: Start date 2025-09-12: 47 records [d:\AivellumPro\zReport5\app.py:411]
2025-12-11 21:47:43,582 INFO: FILTER RESULT: 47 -> 47 records [d:\AivellumPro\zReport5\app.py:428]
2025-12-11 21:47:43,585 INFO: End date 2025-12-11: 47 records [d:\AivellumPro\zReport5\app.py:416]
2025-12-11 21:47:43,587 INFO: End date 2025-12-11: 47 records [d:\AivellumPro\zReport5\app.py:416]
2025-12-11 21:47:43,601 INFO: FILTER RESULT: 47 -> 47 records [d:\AivellumPro\zReport5\app.py:428]
2025-12-11 21:47:43,602 INFO: FILTER RESULT: 47 -> 47 records [d:\AivellumPro\zReport5\app.py:428]
2025-12-11 21:51:39,521 INFO: FILTER RESULT: 47 -> 47 records [d:\AivellumPro\zReport5\app.py:428]
2025-12-11 21:51:39,548 INFO: FILTER RESULT: 47 -> 47 records [d:\AivellumPro\zReport5\app.py:428]
2025-12-11 21:51:39,550 INFO: FILTER RESULT: 47 -> 47 records [d:\AivellumPro\zReport5\app.py:428]
2025-12-11 21:51:39,550 INFO: FILTER RESULT: 47 -> 47 records [d:\AivellumPro\zReport5\app.py:428]
2025-12-11 21:52:43,535 INFO: Start date 2025-09-12: 47 records [d:\AivellumPro\zReport5\app.py:411]
2025-12-11 21:52:43,538 INFO: End date 2025-12-11: 47 records [d:\AivellumPro\zReport5\app.py:416]
2025-12-11 21:52:43,540 INFO: FILTER RESULT: 47 -> 47 records [d:\AivellumPro\zReport5\app.py:428]
2025-12-11 21:52:43,569 INFO: Start date 2025-09-12: 47 records [d:\AivellumPro\zReport5\app.py:411]
2025-12-11 21:52:43,573 INFO: Start date 2025-09-12: 47 records [d:\AivellumPro\zReport5\app.py:411]
2025-12-11 21:52:43,578 INFO: End date 2025-12-11: 47 records [d:\AivellumPro\zReport5\app.py:416]
2025-12-11 21:52:43,580 INFO: Start date 2025-09-12: 47 records [d:\AivellumPro\zReport5\app.py:411]
2025-12-11 21:52:43,582 INFO: End date 2025-12-11: 47 records [d:\AivellumPro\zReport5\app.py:416]
2025-12-11 21:52:43,583 INFO: FILTER RESULT: 47 -> 47 records [d:\AivellumPro\zReport5\app.py:428]
2025-12-11 21:52:43,585 INFO: End date 2025-12-11: 47 records [d:\AivellumPro\zReport5\app.py:416]
2025-12-11 21:52:43,587 INFO: FILTER RESULT: 47 -> 47 records [d:\AivellumPro\zReport5\app.py:428]
2025-12-11 21:52:43,603 INFO: FILTER RESULT: 47 -> 47 records [d:\AivellumPro\zReport5\app.py:428]
2025-12-11 21:56:39,521 INFO: FILTER RESULT: 47 -> 47 records [d:\AivellumPro\zReport5\app.py:428]
2025-12-11 21:56:39,543 INFO: FILTER RESULT: 47 -> 47 records [d:\AivellumPro\zReport5\app.py:428]
2025-12-11 21:56:39,545 INFO: FILTER RESULT: 47 -> 47 records [d:\AivellumPro\zReport5\app.py:428]
2025-12-11 21:56:39,559 INFO: FILTER RESULT: 47 -> 47 records [d:\AivellumPro\zReport5\app.py:428]
2025-12-11 21:57:43,538 INFO: Start date 2025-09-12: 47 records [d:\AivellumPro\zReport5\app.py:411]
2025-12-11 21:57:43,541 INFO: End date 2025-12-11: 47 records [d:\AivellumPro\zReport5\app.py:416]
2025-12-11 21:57:43,542 INFO: FILTER RESULT: 47 -> 47 records [d:\AivellumPro\zReport5\app.py:428]
2025-12-11 21:57:43,574 INFO: Start date 2025-09-12: 47 records [d:\AivellumPro\zReport5\app.py:411]
2025-12-11 21:57:43,584 INFO: End date 2025-12-11: 47 records [d:\AivellumPro\zReport5\app.py:416]
2025-12-11 21:57:43,585 INFO: Start date 2025-09-12: 47 records [d:\AivellumPro\zReport5\app.py:411]
2025-12-11 21:57:43,586 INFO: Start date 2025-09-12: 47 records [d:\AivellumPro\zReport5\app.py:411]
2025-12-11 21:57:43,587 INFO: FILTER RESULT: 47 -> 47 records [d:\AivellumPro\zReport5\app.py:428]
2025-12-11 21:57:43,590 INFO: End date 2025-12-11: 47 records [d:\AivellumPro\zReport5\app.py:416]
2025-12-11 21:57:43,593 INFO: End date 2025-12-11: 47 records [d:\AivellumPro\zReport5\app.py:416]
2025-12-11 21:57:43,610 INFO: FILTER RESULT: 47 -> 47 records [d:\AivellumPro\zReport5\app.py:428]
2025-12-11 21:57:43,611 INFO: FILTER RESULT: 47 -> 47 records [d:\AivellumPro\zReport5\app.py:428]
2025-12-11 22:01:39,532 INFO: FILTER RESULT: 47 -> 47 records [d:\AivellumPro\zReport5\app.py:428]
2025-12-11 22:01:39,549 INFO: FILTER RESULT: 47 -> 47 records [d:\AivellumPro\zReport5\app.py:428]
2025-12-11 22:01:39,552 INFO: FILTER RESULT: 47 -> 47 records [d:\AivellumPro\zReport5\app.py:428]
2025-12-11 22:01:39,553 INFO: FILTER RESULT: 47 -> 47 records [d:\AivellumPro\zReport5\app.py:428]
2025-12-11 22:03:27,546 INFO: Start date 2025-09-12: 47 records [d:\AivellumPro\zReport5\app.py:411]
2025-12-11 22:03:27,549 INFO: End date 2025-12-11: 47 records [d:\AivellumPro\zReport5\app.py:416]
2025-12-11 22:03:27,551 INFO: FILTER RESULT: 47 -> 47 records [d:\AivellumPro\zReport5\app.py:428]
2025-12-11 22:03:27,588 INFO: Start date 2025-09-12: 47 records [d:\AivellumPro\zReport5\app.py:411]
2025-12-11 22:03:27,592 INFO: Start date 2025-09-12: 47 records [d:\AivellumPro\zReport5\app.py:411]
2025-12-11 22:03:27,595 INFO: End date 2025-12-11: 47 records [d:\AivellumPro\zReport5\app.py:416]
2025-12-11 22:03:27,598 INFO: Start date 2025-09-12: 47 records [d:\AivellumPro\zReport5\app.py:411]
2025-12-11 22:03:27,600 INFO: End date 2025-12-11: 47 records [d:\AivellumPro\zReport5\app.py:416]
2025-12-11 22:03:27,601 INFO: FILTER RESULT: 47 -> 47 records [d:\AivellumPro\zReport5\app.py:428]
2025-12-11 22:03:27,604 INFO: End date 2025-12-11: 47 records [d:\AivellumPro\zReport5\app.py:416]
2025-12-11 22:03:27,606 INFO: FILTER RESULT: 47 -> 47 records [d:\AivellumPro\zReport5\app.py:428]
2025-12-11 22:03:27,612 INFO: FILTER RESULT: 47 -> 47 records [d:\AivellumPro\zReport5\app.py:428]
2025-12-11 22:06:39,530 INFO: FILTER RESULT: 47 -> 47 records [d:\AivellumPro\zReport5\app.py:428]
2025-12-11 22:06:39,548 INFO: FILTER RESULT: 47 -> 47 records [d:\AivellumPro\zReport5\app.py:428]
2025-12-11 22:06:39,553 INFO: FILTER RESULT: 47 -> 47 records [d:\AivellumPro\zReport5\app.py:428]
2025-12-11 22:06:39,554 INFO: FILTER RESULT: 47 -> 47 records [d:\AivellumPro\zReport5\app.py:428]
2025-12-11 22:08:27,551 INFO: Start date 2025-09-12: 47 records [d:\AivellumPro\zReport5\app.py:411]
2025-12-11 22:08:27,555 INFO: End date 2025-12-11: 47 records [d:\AivellumPro\zReport5\app.py:416]
2025-12-11 22:08:27,559 INFO: FILTER RESULT: 47 -> 47 records [d:\AivellumPro\zReport5\app.py:428]
2025-12-11 22:08:27,614 INFO: Start date 2025-09-12: 47 records [d:\AivellumPro\zReport5\app.py:411]
2025-12-11 22:08:27,617 INFO: End date 2025-12-11: 47 records [d:\AivellumPro\zReport5\app.py:416]
2025-12-11 22:08:27,622 INFO: FILTER RESULT: 47 -> 47 records [d:\AivellumPro\zReport5\app.py:428]
2025-12-11 22:08:27,623 INFO: Start date 2025-09-12: 47 records [d:\AivellumPro\zReport5\app.py:411]
2025-12-11 22:08:27,646 INFO: Start date 2025-09-12: 47 records [d:\AivellumPro\zReport5\app.py:411]
2025-12-11 22:08:27,649 INFO: End date 2025-12-11: 47 records [d:\AivellumPro\zReport5\app.py:416]
2025-12-11 22:08:27,652 INFO: End date 2025-12-11: 47 records [d:\AivellumPro\zReport5\app.py:416]
2025-12-11 22:08:27,653 INFO: FILTER RESULT: 47 -> 47 records [d:\AivellumPro\zReport5\app.py:428]
2025-12-11 22:08:27,655 INFO: FILTER RESULT: 47 -> 47 records [d:\AivellumPro\zReport5\app.py:428]
2025-12-11 22:11:39,525 INFO: FILTER RESULT: 47 -> 47 records [d:\AivellumPro\zReport5\app.py:428]
2025-12-11 22:11:39,601 INFO: FILTER RESULT: 47 -> 47 records [d:\AivellumPro\zReport5\app.py:428]
2025-12-11 22:11:39,624 INFO: FILTER RESULT: 47 -> 47 records [d:\AivellumPro\zReport5\app.py:428]
2025-12-11 22:11:39,647 INFO: FILTER RESULT: 47 -> 47 records [d:\AivellumPro\zReport5\app.py:428]
2025-12-11 22:13:27,551 INFO: Start date 2025-09-12: 47 records [d:\AivellumPro\zReport5\app.py:411]
2025-12-11 22:13:27,554 INFO: End date 2025-12-11: 47 records [d:\AivellumPro\zReport5\app.py:416]
2025-12-11 22:13:27,556 INFO: FILTER RESULT: 47 -> 47 records [d:\AivellumPro\zReport5\app.py:428]
2025-12-11 22:13:27,597 INFO: Start date 2025-09-12: 47 records [d:\AivellumPro\zReport5\app.py:411]
2025-12-11 22:13:27,605 INFO: Start date 2025-09-12: 47 records [d:\AivellumPro\zReport5\app.py:411]
2025-12-11 22:13:27,606 INFO: Start date 2025-09-12: 47 records [d:\AivellumPro\zReport5\app.py:411]
2025-12-11 22:13:27,608 INFO: End date 2025-12-11: 47 records [d:\AivellumPro\zReport5\app.py:416]
2025-12-11 22:13:27,611 INFO: End date 2025-12-11: 47 records [d:\AivellumPro\zReport5\app.py:416]
2025-12-11 22:13:27,615 INFO: End date 2025-12-11: 47 records [d:\AivellumPro\zReport5\app.py:416]
2025-12-11 22:13:27,615 INFO: FILTER RESULT: 47 -> 47 records [d:\AivellumPro\zReport5\app.py:428]
2025-12-11 22:13:27,616 INFO: FILTER RESULT: 47 -> 47 records [d:\AivellumPro\zReport5\app.py:428]
2025-12-11 22:13:27,617 INFO: FILTER RESULT: 47 -> 47 records [d:\AivellumPro\zReport5\app.py:428]
2025-12-11 22:16:39,553 INFO: FILTER RESULT: 47 -> 47 records [d:\AivellumPro\zReport5\app.py:428]
2025-12-11 22:16:39,587 INFO: FILTER RESULT: 47 -> 47 records [d:\AivellumPro\zReport5\app.py:428]
2025-12-11 22:16:39,609 INFO: FILTER RESULT: 47 -> 47 records [d:\AivellumPro\zReport5\app.py:428]
2025-12-11 22:16:39,609 INFO: FILTER RESULT: 47 -> 47 records [d:\AivellumPro\zReport5\app.py:428]
2025-12-11 22:18:27,553 INFO: Start date 2025-09-12: 47 records [d:\AivellumPro\zReport5\app.py:411]
2025-12-11 22:18:27,556 INFO: End date 2025-12-11: 47 records [d:\AivellumPro\zReport5\app.py:416]
2025-12-11 22:18:27,559 INFO: FILTER RESULT: 47 -> 47 records [d:\AivellumPro\zReport5\app.py:428]
2025-12-11 22:18:27,602 INFO: Start date 2025-09-12: 47 records [d:\AivellumPro\zReport5\app.py:411]
2025-12-11 22:18:27,604 INFO: Start date 2025-09-12: 47 records [d:\AivellumPro\zReport5\app.py:411]
2025-12-11 22:18:27,608 INFO: Start date 2025-09-12: 47 records [d:\AivellumPro\zReport5\app.py:411]
2025-12-11 22:18:27,609 INFO: End date 2025-12-11: 47 records [d:\AivellumPro\zReport5\app.py:416]
2025-12-11 22:18:27,611 INFO: End date 2025-12-11: 47 records [d:\AivellumPro\zReport5\app.py:416]
2025-12-11 22:18:27,614 INFO: End date 2025-12-11: 47 records [d:\AivellumPro\zReport5\app.py:416]
2025-12-11 22:18:27,616 INFO: FILTER RESULT: 47 -> 47 records [d:\AivellumPro\zReport5\app.py:428]
2025-12-11 22:18:27,617 INFO: FILTER RESULT: 47 -> 47 records [d:\AivellumPro\zReport5\app.py:428]
2025-12-11 22:18:27,619 INFO: FILTER RESULT: 47 -> 47 records [d:\AivellumPro\zReport5\app.py:428]
2025-12-11 22:21:39,537 INFO: FILTER RESULT: 47 -> 47 records [d:\AivellumPro\zReport5\app.py:428]
2025-12-11 22:21:39,552 INFO: FILTER RESULT: 47 -> 47 records [d:\AivellumPro\zReport5\app.py:428]
2025-12-11 22:21:39,552 INFO: FILTER RESULT: 47 -> 47 records [d:\AivellumPro\zReport5\app.py:428]
2025-12-11 22:21:39,555 INFO: FILTER RESULT: 47 -> 47 records [d:\AivellumPro\zReport5\app.py:428]
2025-12-11 22:23:27,632 INFO: Start date 2025-09-12: 47 records [d:\AivellumPro\zReport5\app.py:411]
2025-12-11 22:23:27,635 INFO: End date 2025-12-11: 47 records [d:\AivellumPro\zReport5\app.py:416]
2025-12-11 22:23:27,637 INFO: FILTER RESULT: 47 -> 47 records [d:\AivellumPro\zReport5\app.py:428]
2025-12-11 22:23:27,673 INFO: Start date 2025-09-12: 47 records [d:\AivellumPro\zReport5\app.py:411]
2025-12-11 22:23:27,675 INFO: Start date 2025-09-12: 47 records [d:\AivellumPro\zReport5\app.py:411]
2025-12-11 22:23:27,678 INFO: Start date 2025-09-12: 47 records [d:\AivellumPro\zReport5\app.py:411]
2025-12-11 22:23:27,680 INFO: End date 2025-12-11: 47 records [d:\AivellumPro\zReport5\app.py:416]
2025-12-11 22:23:27,682 INFO: End date 2025-12-11: 47 records [d:\AivellumPro\zReport5\app.py:416]
2025-12-11 22:23:27,684 INFO: End date 2025-12-11: 47 records [d:\AivellumPro\zReport5\app.py:416]
2025-12-11 22:23:27,685 INFO: FILTER RESULT: 47 -> 47 records [d:\AivellumPro\zReport5\app.py:428]
2025-12-11 22:23:27,686 INFO: FILTER RESULT: 47 -> 47 records [d:\AivellumPro\zReport5\app.py:428]
2025-12-11 22:23:27,687 INFO: FILTER RESULT: 47 -> 47 records [d:\AivellumPro\zReport5\app.py:428]
2025-12-11 22:26:39,545 INFO: FILTER RESULT: 47 -> 47 records [d:\AivellumPro\zReport5\app.py:428]
2025-12-11 22:26:39,570 INFO: FILTER RESULT: 47 -> 47 records [d:\AivellumPro\zReport5\app.py:428]
2025-12-11 22:26:39,572 INFO: FILTER RESULT: 47 -> 47 records [d:\AivellumPro\zReport5\app.py:428]
2025-12-11 22:26:39,573 INFO: FILTER RESULT: 47 -> 47 records [d:\AivellumPro\zReport5\app.py:428]
2025-12-11 22:28:21,477 INFO: Start date 2025-09-12: 47 records [d:\AivellumPro\zReport5\app.py:411]
2025-12-11 22:28:21,479 INFO: End date 2025-12-11: 47 records [d:\AivellumPro\zReport5\app.py:416]
2025-12-11 22:28:21,481 INFO: FILTER RESULT: 47 -> 47 records [d:\AivellumPro\zReport5\app.py:428]
2025-12-11 22:28:21,524 INFO: Start date 2025-09-12: 47 records [d:\AivellumPro\zReport5\app.py:411]
2025-12-11 22:28:21,530 INFO: End date 2025-12-11: 47 records [d:\AivellumPro\zReport5\app.py:416]
2025-12-11 22:28:21,531 INFO: Start date 2025-09-12: 47 records [d:\AivellumPro\zReport5\app.py:411]
2025-12-11 22:28:21,535 INFO: Start date 2025-09-12: 47 records [d:\AivellumPro\zReport5\app.py:411]
2025-12-11 22:28:21,536 INFO: FILTER RESULT: 47 -> 47 records [d:\AivellumPro\zReport5\app.py:428]
2025-12-11 22:28:21,538 INFO: End date 2025-12-11: 47 records [d:\AivellumPro\zReport5\app.py:416]
2025-12-11 22:28:21,541 INFO: End date 2025-12-11: 47 records [d:\AivellumPro\zReport5\app.py:416]
2025-12-11 22:28:21,554 INFO: FILTER RESULT: 47 -> 47 records [d:\AivellumPro\zReport5\app.py:428]
2025-12-11 22:28:21,554 INFO: FILTER RESULT: 47 -> 47 records [d:\AivellumPro\zReport5\app.py:428]
2025-12-11 22:29:58,321 INFO: Start date 2025-09-12: 47 records [d:\AivellumPro\zReport5\app.py:411]
2025-12-11 22:29:58,323 INFO: End date 2025-12-11: 47 records [d:\AivellumPro\zReport5\app.py:416]
2025-12-11 22:29:58,325 INFO: FILTER RESULT: 47 -> 47 records [d:\AivellumPro\zReport5\app.py:428]
2025-12-11 22:30:03,056 INFO: Start date 2025-09-12: 47 records [d:\AivellumPro\zReport5\app.py:411]
2025-12-11 22:30:03,060 INFO: End date 2025-12-11: 47 records [d:\AivellumPro\zReport5\app.py:416]
2025-12-11 22:30:03,067 INFO: Platform Aivellum: 6 records [d:\AivellumPro\zReport5\app.py:426]
2025-12-11 22:30:03,069 INFO: FILTER RESULT: 47 -> 6 records [d:\AivellumPro\zReport5\app.py:428]
2025-12-11 22:30:03,088 INFO: Start date 2025-09-12: 47 records [d:\AivellumPro\zReport5\app.py:411]
2025-12-11 22:30:03,094 INFO: End date 2025-12-11: 47 records [d:\AivellumPro\zReport5\app.py:416]
2025-12-11 22:30:03,094 INFO: Start date 2025-09-12: 47 records [d:\AivellumPro\zReport5\app.py:411]
2025-12-11 22:30:03,098 INFO: Start date 2025-09-12: 47 records [d:\AivellumPro\zReport5\app.py:411]
2025-12-11 22:30:03,099 INFO: Platform Aivellum: 6 records [d:\AivellumPro\zReport5\app.py:426]
2025-12-11 22:30:03,103 INFO: End date 2025-12-11: 47 records [d:\AivellumPro\zReport5\app.py:416]
2025-12-11 22:30:03,105 INFO: End date 2025-12-11: 47 records [d:\AivellumPro\zReport5\app.py:416]
2025-12-11 22:30:03,106 INFO: FILTER RESULT: 47 -> 6 records [d:\AivellumPro\zReport5\app.py:428]
2025-12-11 22:30:03,109 INFO: Platform Aivellum: 6 records [d:\AivellumPro\zReport5\app.py:426]
2025-12-11 22:30:03,111 INFO: Platform Aivellum: 6 records [d:\AivellumPro\zReport5\app.py:426]
2025-12-11 22:30:03,129 INFO: FILTER RESULT: 47 -> 6 records [d:\AivellumPro\zReport5\app.py:428]
2025-12-11 22:30:03,130 INFO: FILTER RESULT: 47 -> 6 records [d:\AivellumPro\zReport5\app.py:428]
2025-12-11 22:30:08,014 INFO: Start date 2025-09-12: 47 records [d:\AivellumPro\zReport5\app.py:411]
2025-12-11 22:30:08,016 INFO: End date 2025-12-11: 47 records [d:\AivellumPro\zReport5\app.py:416]
2025-12-11 22:30:08,020 INFO: Platform Play Store: 38 records [d:\AivellumPro\zReport5\app.py:426]
2025-12-11 22:30:08,021 INFO: FILTER RESULT: 47 -> 38 records [d:\AivellumPro\zReport5\app.py:428]
2025-12-11 22:30:08,046 INFO: Start date 2025-09-12: 47 records [d:\AivellumPro\zReport5\app.py:411]
2025-12-11 22:30:08,050 INFO: Start date 2025-09-12: 47 records [d:\AivellumPro\zReport5\app.py:411]
2025-12-11 22:30:08,053 INFO: End date 2025-12-11: 47 records [d:\AivellumPro\zReport5\app.py:416]
2025-12-11 22:30:08,058 INFO: Start date 2025-09-12: 47 records [d:\AivellumPro\zReport5\app.py:411]
2025-12-11 22:30:08,060 INFO: End date 2025-12-11: 47 records [d:\AivellumPro\zReport5\app.py:416]
2025-12-11 22:30:08,062 INFO: Platform Play Store: 38 records [d:\AivellumPro\zReport5\app.py:426]
2025-12-11 22:30:08,065 INFO: End date 2025-12-11: 47 records [d:\AivellumPro\zReport5\app.py:416]
2025-12-11 22:30:08,068 INFO: FILTER RESULT: 47 -> 38 records [d:\AivellumPro\zReport5\app.py:428]
2025-12-11 22:30:08,069 INFO: Platform Play Store: 38 records [d:\AivellumPro\zReport5\app.py:426]
2025-12-11 22:30:08,071 INFO: Platform Play Store: 38 records [d:\AivellumPro\zReport5\app.py:426]
2025-12-11 22:30:08,086 INFO: FILTER RESULT: 47 -> 38 records [d:\AivellumPro\zReport5\app.py:428]
2025-12-11 22:30:08,087 INFO: FILTER RESULT: 47 -> 38 records [d:\AivellumPro\zReport5\app.py:428]
2025-12-11 22:30:11,367 INFO: Start date 2025-09-12: 47 records [d:\AivellumPro\zReport5\app.py:411]
2025-12-11 22:30:11,369 INFO: End date 2025-12-11: 47 records [d:\AivellumPro\zReport5\app.py:416]
2025-12-11 22:30:11,372 INFO: Platform Promotion: 3 records [d:\AivellumPro\zReport5\app.py:426]
2025-12-11 22:30:11,373 INFO: FILTER RESULT: 47 -> 3 records [d:\AivellumPro\zReport5\app.py:428]
2025-12-11 22:30:11,394 INFO: Start date 2025-09-12: 47 records [d:\AivellumPro\zReport5\app.py:411]
2025-12-11 22:30:11,405 INFO: End date 2025-12-11: 47 records [d:\AivellumPro\zReport5\app.py:416]
2025-12-11 22:30:11,409 INFO: Start date 2025-09-12: 47 records [d:\AivellumPro\zReport5\app.py:411]
2025-12-11 22:30:11,409 INFO: Start date 2025-09-12: 47 records [d:\AivellumPro\zReport5\app.py:411]
2025-12-11 22:30:11,411 INFO: Platform Promotion: 3 records [d:\AivellumPro\zReport5\app.py:426]
2025-12-11 22:30:11,413 INFO: End date 2025-12-11: 47 records [d:\AivellumPro\zReport5\app.py:416]
2025-12-11 22:30:11,416 INFO: End date 2025-12-11: 47 records [d:\AivellumPro\zReport5\app.py:416]
2025-12-11 22:30:11,417 INFO: FILTER RESULT: 47 -> 3 records [d:\AivellumPro\zReport5\app.py:428]
2025-12-11 22:30:11,420 INFO: Platform Promotion: 3 records [d:\AivellumPro\zReport5\app.py:426]
2025-12-11 22:30:11,422 INFO: Platform Promotion: 3 records [d:\AivellumPro\zReport5\app.py:426]
2025-12-11 22:30:11,436 INFO: FILTER RESULT: 47 -> 3 records [d:\AivellumPro\zReport5\app.py:428]
2025-12-11 22:30:11,437 INFO: FILTER RESULT: 47 -> 3 records [d:\AivellumPro\zReport5\app.py:428]
2025-12-11 22:30:15,383 INFO: Start date 2025-09-12: 47 records [d:\AivellumPro\zReport5\app.py:411]
2025-12-11 22:30:15,388 INFO: End date 2025-12-11: 47 records [d:\AivellumPro\zReport5\app.py:416]
2025-12-11 22:30:15,391 INFO: Platform Promotion: 3 records [d:\AivellumPro\zReport5\app.py:426]
2025-12-11 22:30:15,392 INFO: FILTER RESULT: 47 -> 3 records [d:\AivellumPro\zReport5\app.py:428]
2025-12-11 22:30:15,986 INFO: Start date 2025-09-12: 47 records [d:\AivellumPro\zReport5\app.py:411]
2025-12-11 22:30:15,990 INFO: End date 2025-12-11: 47 records [d:\AivellumPro\zReport5\app.py:416]
2025-12-11 22:30:15,994 INFO: Platform Promotion: 3 records [d:\AivellumPro\zReport5\app.py:426]
2025-12-11 22:30:15,996 INFO: FILTER RESULT: 47 -> 3 records [d:\AivellumPro\zReport5\app.py:428]
2025-12-11 22:30:16,733 INFO: FILTER RESULT: 47 -> 47 records [d:\AivellumPro\zReport5\app.py:428]
2025-12-11 22:30:17,989 INFO: FILTER RESULT: 47 -> 47 records [d:\AivellumPro\zReport5\app.py:428]
2025-12-11 22:30:18,632 INFO: Start date 2025-09-12: 47 records [d:\AivellumPro\zReport5\app.py:411]
2025-12-11 22:30:18,635 INFO: End date 2025-12-11: 47 records [d:\AivellumPro\zReport5\app.py:416]
2025-12-11 22:30:18,640 INFO: Platform Promotion: 3 records [d:\AivellumPro\zReport5\app.py:426]
2025-12-11 22:30:18,641 INFO: FILTER RESULT: 47 -> 3 records [d:\AivellumPro\zReport5\app.py:428]
2025-12-11 22:30:19,361 INFO: Start date 2025-09-12: 47 records [d:\AivellumPro\zReport5\app.py:411]
2025-12-11 22:30:19,366 INFO: End date 2025-12-11: 47 records [d:\AivellumPro\zReport5\app.py:416]
2025-12-11 22:30:19,370 INFO: Platform Promotion: 3 records [d:\AivellumPro\zReport5\app.py:426]
2025-12-11 22:30:19,374 INFO: FILTER RESULT: 47 -> 3 records [d:\AivellumPro\zReport5\app.py:428]
2025-12-11 22:30:22,454 INFO: Start date 2025-09-12: 47 records [d:\AivellumPro\zReport5\app.py:411]
2025-12-11 22:30:22,459 INFO: End date 2025-12-11: 47 records [d:\AivellumPro\zReport5\app.py:416]
2025-12-11 22:30:22,462 INFO: Platform Promotion: 3 records [d:\AivellumPro\zReport5\app.py:426]
2025-12-11 22:30:22,463 INFO: FILTER RESULT: 47 -> 3 records [d:\AivellumPro\zReport5\app.py:428]
2025-12-11 22:30:41,990 INFO: FILTER RESULT: 47 -> 47 records [d:\AivellumPro\zReport5\app.py:428]
2025-12-11 22:30:41,991 INFO: FILTER RESULT: 47 -> 47 records [d:\AivellumPro\zReport5\app.py:428]
2025-12-11 22:30:41,994 INFO: FILTER RESULT: 47 -> 47 records [d:\AivellumPro\zReport5\app.py:428]
2025-12-11 22:30:41,995 INFO: FILTER RESULT: 47 -> 47 records [d:\AivellumPro\zReport5\app.py:428]
2025-12-11 22:30:42,693 INFO: FILTER RESULT: 47 -> 47 records [d:\AivellumPro\zReport5\app.py:428]
2025-12-11 22:31:45,860 INFO: Loaded 47 raw records [d:\AivellumPro\zReport5\app.py:282]
2025-12-11 22:31:45,869 INFO: After date filtering: 47 records [d:\AivellumPro\zReport5\app.py:294]
2025-12-11 22:31:45,878 INFO: Using Country column from data [d:\AivellumPro\zReport5\app.py:328]
2025-12-11 22:31:45,881 INFO: Processing complete: 47 records [d:\AivellumPro\zReport5\app.py:345]
2025-12-11 22:31:45,882 INFO: Countries: 19 unique [d:\AivellumPro\zReport5\app.py:346]
2025-12-11 22:31:45,883 INFO: Data loaded successfully: 47 records [d:\AivellumPro\zReport5\app.py:385]
2025-12-11 22:32:04,127 INFO: FILTER RESULT: 47 -> 47 records [d:\AivellumPro\zReport5\app.py:428]
2025-12-11 22:32:04,133 INFO: FILTER RESULT: 47 -> 47 records [d:\AivellumPro\zReport5\app.py:428]
2025-12-11 22:32:04,143 INFO: FILTER RESULT: 47 -> 47 records [d:\AivellumPro\zReport5\app.py:428]
2025-12-11 22:32:04,144 INFO: FILTER RESULT: 47 -> 47 records [d:\AivellumPro\zReport5\app.py:428]
2025-12-11 22:34:07,425 INFO: FILTER RESULT: 47 -> 47 records [d:\AivellumPro\zReport5\app.py:428]
2025-12-11 22:34:07,427 INFO: FILTER RESULT: 47 -> 47 records [d:\AivellumPro\zReport5\app.py:428]
2025-12-11 22:34:07,440 INFO: FILTER RESULT: 47 -> 47 records [d:\AivellumPro\zReport5\app.py:428]
2025-12-11 22:34:07,447 INFO: FILTER RESULT: 47 -> 47 records [d:\AivellumPro\zReport5\app.py:428]
2025-12-11 22:34:17,740 INFO: FILTER RESULT: 47 -> 47 records [d:\AivellumPro\zReport5\app.py:428]
2025-12-11 22:34:17,744 INFO: FILTER RESULT: 47 -> 47 records [d:\AivellumPro\zReport5\app.py:428]
2025-12-11 22:34:17,755 INFO: FILTER RESULT: 47 -> 47 records [d:\AivellumPro\zReport5\app.py:428]
2025-12-11 22:34:17,757 INFO: FILTER RESULT: 47 -> 47 records [d:\AivellumPro\zReport5\app.py:428]
2025-12-11 22:34:19,852 INFO: FILTER RESULT: 47 -> 47 records [d:\AivellumPro\zReport5\app.py:428]
2025-12-11 22:34:20,613 INFO: FILTER RESULT: 47 -> 47 records [d:\AivellumPro\zReport5\app.py:428]
2025-12-11 22:34:23,501 INFO: FILTER RESULT: 47 -> 47 records [d:\AivellumPro\zReport5\app.py:428]
2025-12-11 22:35:00,924 INFO: FILTER RESULT: 47 -> 47 records [d:\AivellumPro\zReport5\app.py:428]
2025-12-11 22:35:02,942 INFO: FILTER RESULT: 47 -> 47 records [d:\AivellumPro\zReport5\app.py:428]
2025-12-11 22:35:04,148 INFO: FILTER RESULT: 47 -> 47 records [d:\AivellumPro\zReport5\app.py:428]
2025-12-11 22:35:06,174 INFO: FILTER RESULT: 47 -> 47 records [d:\AivellumPro\zReport5\app.py:428]
2025-12-11 22:35:08,672 INFO: FILTER RESULT: 47 -> 47 records [d:\AivellumPro\zReport5\app.py:428]
2025-12-11 22:35:11,915 INFO: FILTER RESULT: 47 -> 47 records [d:\AivellumPro\zReport5\app.py:428]
2025-12-11 22:35:11,927 INFO: FILTER RESULT: 47 -> 47 records [d:\AivellumPro\zReport5\app.py:428]
2025-12-11 22:35:11,931 INFO: FILTER RESULT: 47 -> 47 records [d:\AivellumPro\zReport5\app.py:428]
2025-12-11 22:35:11,931 INFO: FILTER RESULT: 47 -> 47 records [d:\AivellumPro\zReport5\app.py:428]
2025-12-11 22:36:39,538 INFO: FILTER RESULT: 47 -> 47 records [d:\AivellumPro\zReport5\app.py:428]
2025-12-11 22:36:39,562 INFO: FILTER RESULT: 47 -> 47 records [d:\AivellumPro\zReport5\app.py:428]
2025-12-11 22:36:39,565 INFO: FILTER RESULT: 47 -> 47 records [d:\AivellumPro\zReport5\app.py:428]
2025-12-11 22:36:39,567 INFO: FILTER RESULT: 47 -> 47 records [d:\AivellumPro\zReport5\app.py:428]
2025-12-11 22:39:07,544 INFO: FILTER RESULT: 47 -> 47 records [d:\AivellumPro\zReport5\app.py:428]
2025-12-11 22:39:07,603 INFO: FILTER RESULT: 47 -> 47 records [d:\AivellumPro\zReport5\app.py:428]
2025-12-11 22:39:07,607 INFO: FILTER RESULT: 47 -> 47 records [d:\AivellumPro\zReport5\app.py:428]
2025-12-11 22:39:07,617 INFO: FILTER RESULT: 47 -> 47 records [d:\AivellumPro\zReport5\app.py:428]
2025-12-11 22:40:12,533 INFO: FILTER RESULT: 47 -> 47 records [d:\AivellumPro\zReport5\app.py:428]
2025-12-11 22:40:12,583 INFO: FILTER RESULT: 47 -> 47 records [d:\AivellumPro\zReport5\app.py:428]
2025-12-11 22:40:12,588 INFO: FILTER RESULT: 47 -> 47 records [d:\AivellumPro\zReport5\app.py:428]
2025-12-11 22:40:12,598 INFO: FILTER RESULT: 47 -> 47 records [d:\AivellumPro\zReport5\app.py:428]
2025-12-11 22:41:39,538 INFO: FILTER RESULT: 47 -> 47 records [d:\AivellumPro\zReport5\app.py:428]
2025-12-11 22:41:39,588 INFO: FILTER RESULT: 47 -> 47 records [d:\AivellumPro\zReport5\app.py:428]
2025-12-11 22:41:39,605 INFO: FILTER RESULT: 47 -> 47 records [d:\AivellumPro\zReport5\app.py:428]
2025-12-11 22:41:39,619 INFO: FILTER RESULT: 47 -> 47 records [d:\AivellumPro\zReport5\app.py:428]
2025-12-11 22:44:07,533 INFO: FILTER RESULT: 47 -> 47 records [d:\AivellumPro\zReport5\app.py:428]
2025-12-11 22:44:07,557 INFO: FILTER RESULT: 47 -> 47 records [d:\AivellumPro\zReport5\app.py:428]
2025-12-11 22:44:07,561 INFO: FILTER RESULT: 47 -> 47 records [d:\AivellumPro\zReport5\app.py:428]
2025-12-11 22:44:07,561 INFO: FILTER RESULT: 47 -> 47 records [d:\AivellumPro\zReport5\app.py:428]
2025-12-11 22:45:12,532 INFO: FILTER RESULT: 47 -> 47 records [d:\AivellumPro\zReport5\app.py:428]
2025-12-11 22:45:12,551 INFO: FILTER RESULT: 47 -> 47 records [d:\AivellumPro\zReport5\app.py:428]
2025-12-11 22:45:12,555 INFO: FILTER RESULT: 47 -> 47 records [d:\AivellumPro\zReport5\app.py:428]
2025-12-11 22:45:12,579 INFO: FILTER RESULT: 47 -> 47 records [d:\AivellumPro\zReport5\app.py:428]
2025-12-11 22:46:39,535 INFO: FILTER RESULT: 47 -> 47 records [d:\AivellumPro\zReport5\app.py:428]
2025-12-11 22:46:39,559 INFO: FILTER RESULT: 47 -> 47 records [d:\AivellumPro\zReport5\app.py:428]
2025-12-11 22:46:39,564 INFO: FILTER RESULT: 47 -> 47 records [d:\AivellumPro\zReport5\app.py:428]
2025-12-11 22:46:39,602 INFO: FILTER RESULT: 47 -> 47 records [d:\AivellumPro\zReport5\app.py:428]
2025-12-11 22:49:07,540 INFO: FILTER RESULT: 47 -> 47 records [d:\AivellumPro\zReport5\app.py:428]
2025-12-11 22:49:07,583 INFO: FILTER RESULT: 47 -> 47 records [d:\AivellumPro\zReport5\app.py:428]
2025-12-11 22:49:07,586 INFO: FILTER RESULT: 47 -> 47 records [d:\AivellumPro\zReport5\app.py:428]
2025-12-11 22:49:07,596 INFO: FILTER RESULT: 47 -> 47 records [d:\AivellumPro\zReport5\app.py:428]
2025-12-11 22:50:12,529 INFO: FILTER RESULT: 47 -> 47 records [d:\AivellumPro\zReport5\app.py:428]
2025-12-11 22:50:12,560 INFO: FILTER RESULT: 47 -> 47 records [d:\AivellumPro\zReport5\app.py:428]
2025-12-11 22:50:12,573 INFO: FILTER RESULT: 47 -> 47 records [d:\AivellumPro\zReport5\app.py:428]
2025-12-11 22:50:12,576 INFO: FILTER RESULT: 47 -> 47 records [d:\AivellumPro\zReport5\app.py:428]
2025-12-11 22:51:39,530 INFO: FILTER RESULT: 47 -> 47 records [d:\AivellumPro\zReport5\app.py:428]
2025-12-11 22:51:39,547 INFO: FILTER RESULT: 47 -> 47 records [d:\AivellumPro\zReport5\app.py:428]
2025-12-11 22:51:39,555 INFO: FILTER RESULT: 47 -> 47 records [d:\AivellumPro\zReport5\app.py:428]
2025-12-11 22:51:39,563 INFO: FILTER RESULT: 47 -> 47 records [d:\AivellumPro\zReport5\app.py:428]
2025-12-11 22:54:07,525 INFO: FILTER RESULT: 47 -> 47 records [d:\AivellumPro\zReport5\app.py:428]
2025-12-11 22:54:07,545 INFO: FILTER RESULT: 47 -> 47 records [d:\AivellumPro\zReport5\app.py:428]
2025-12-11 22:54:07,547 INFO: FILTER RESULT: 47 -> 47 records [d:\AivellumPro\zReport5\app.py:428]
2025-12-11 22:54:07,550 INFO: FILTER RESULT: 47 -> 47 records [d:\AivellumPro\zReport5\app.py:428]
2025-12-11 22:55:12,518 INFO: FILTER RESULT: 47 -> 47 records [d:\AivellumPro\zReport5\app.py:428]
2025-12-11 22:55:12,540 INFO: FILTER RESULT: 47 -> 47 records [d:\AivellumPro\zReport5\app.py:428]
2025-12-11 22:55:12,551 INFO: FILTER RESULT: 47 -> 47 records [d:\AivellumPro\zReport5\app.py:428]
2025-12-11 22:55:12,558 INFO: FILTER RESULT: 47 -> 47 records [d:\AivellumPro\zReport5\app.py:428]
2025-12-11 22:56:39,528 INFO: FILTER RESULT: 47 -> 47 records [d:\AivellumPro\zReport5\app.py:428]
2025-12-11 22:56:39,543 INFO: FILTER RESULT: 47 -> 47 records [d:\AivellumPro\zReport5\app.py:428]
2025-12-11 22:56:39,546 INFO: FILTER RESULT: 47 -> 47 records [d:\AivellumPro\zReport5\app.py:428]
2025-12-11 22:56:39,550 INFO: FILTER RESULT: 47 -> 47 records [d:\AivellumPro\zReport5\app.py:428]
2025-12-11 22:59:07,528 INFO: FILTER RESULT: 47 -> 47 records [d:\AivellumPro\zReport5\app.py:428]
2025-12-11 22:59:07,559 INFO: FILTER RESULT: 47 -> 47 records [d:\AivellumPro\zReport5\app.py:428]
2025-12-11 22:59:07,561 INFO: FILTER RESULT: 47 -> 47 records [d:\AivellumPro\zReport5\app.py:428]
2025-12-11 22:59:07,564 INFO: FILTER RESULT: 47 -> 47 records [d:\AivellumPro\zReport5\app.py:428]
2025-12-11 23:00:12,522 INFO: FILTER RESULT: 47 -> 47 records [d:\AivellumPro\zReport5\app.py:428]
2025-12-11 23:00:12,550 INFO: FILTER RESULT: 47 -> 47 records [d:\AivellumPro\zReport5\app.py:428]
2025-12-11 23:00:12,571 INFO: FILTER RESULT: 47 -> 47 records [d:\AivellumPro\zReport5\app.py:428]
2025-12-11 23:00:12,577 INFO: FILTER RESULT: 47 -> 47 records [d:\AivellumPro\zReport5\app.py:428]
2025-12-11 23:01:39,522 INFO: FILTER RESULT: 47 -> 47 records [d:\AivellumPro\zReport5\app.py:428]
2025-12-11 23:01:39,541 INFO: FILTER RESULT: 47 -> 47 records [d:\AivellumPro\zReport5\app.py:428]
2025-12-11 23:01:39,544 INFO: FILTER RESULT: 47 -> 47 records [d:\AivellumPro\zReport5\app.py:428]
2025-12-11 23:01:39,544 INFO: FILTER RESULT: 47 -> 47 records [d:\AivellumPro\zReport5\app.py:428]
2025-12-11 23:04:07,527 INFO: FILTER RESULT: 47 -> 47 records [d:\AivellumPro\zReport5\app.py:428]
2025-12-11 23:04:07,551 INFO: FILTER RESULT: 47 -> 47 records [d:\AivellumPro\zReport5\app.py:428]
2025-12-11 23:04:07,552 INFO: FILTER RESULT: 47 -> 47 records [d:\AivellumPro\zReport5\app.py:428]
2025-12-11 23:04:07,553 INFO: FILTER RESULT: 47 -> 47 records [d:\AivellumPro\zReport5\app.py:428]
2025-12-11 23:05:12,535 INFO: FILTER RESULT: 47 -> 47 records [d:\AivellumPro\zReport5\app.py:428]
2025-12-11 23:05:12,560 INFO: FILTER RESULT: 47 -> 47 records [d:\AivellumPro\zReport5\app.py:428]
2025-12-11 23:05:12,562 INFO: FILTER RESULT: 47 -> 47 records [d:\AivellumPro\zReport5\app.py:428]
2025-12-11 23:05:12,569 INFO: FILTER RESULT: 47 -> 47 records [d:\AivellumPro\zReport5\app.py:428]
2025-12-11 23:06:39,533 INFO: FILTER RESULT: 47 -> 47 records [d:\AivellumPro\zReport5\app.py:428]
2025-12-11 23:06:39,556 INFO: FILTER RESULT: 47 -> 47 records [d:\AivellumPro\zReport5\app.py:428]
2025-12-11 23:06:39,566 INFO: FILTER RESULT: 47 -> 47 records [d:\AivellumPro\zReport5\app.py:428]
2025-12-11 23:06:39,567 INFO: FILTER RESULT: 47 -> 47 records [d:\AivellumPro\zReport5\app.py:428]
2025-12-11 23:09:27,533 INFO: FILTER RESULT: 47 -> 47 records [d:\AivellumPro\zReport5\app.py:428]
2025-12-11 23:09:27,557 INFO: FILTER RESULT: 47 -> 47 records [d:\AivellumPro\zReport5\app.py:428]
2025-12-11 23:09:27,560 INFO: FILTER RESULT: 47 -> 47 records [d:\AivellumPro\zReport5\app.py:428]
2025-12-11 23:09:27,563 INFO: FILTER RESULT: 47 -> 47 records [d:\AivellumPro\zReport5\app.py:428]
2025-12-11 23:10:27,532 INFO: FILTER RESULT: 47 -> 47 records [d:\AivellumPro\zReport5\app.py:428]
2025-12-11 23:10:27,555 INFO: FILTER RESULT: 47 -> 47 records [d:\AivellumPro\zReport5\app.py:428]
2025-12-11 23:10:27,559 INFO: FILTER RESULT: 47 -> 47 records [d:\AivellumPro\zReport5\app.py:428]
2025-12-11 23:10:27,561 INFO: FILTER RESULT: 47 -> 47 records [d:\AivellumPro\zReport5\app.py:428]
2025-12-11 23:11:39,532 INFO: FILTER RESULT: 47 -> 47 records [d:\AivellumPro\zReport5\app.py:428]
2025-12-11 23:11:39,543 INFO: FILTER RESULT: 47 -> 47 records [d:\AivellumPro\zReport5\app.py:428]
2025-12-11 23:11:39,557 INFO: FILTER RESULT: 47 -> 47 records [d:\AivellumPro\zReport5\app.py:428]
2025-12-11 23:11:39,560 INFO: FILTER RESULT: 47 -> 47 records [d:\AivellumPro\zReport5\app.py:428]
2025-12-11 23:14:27,538 INFO: FILTER RESULT: 47 -> 47 records [d:\AivellumPro\zReport5\app.py:428]
2025-12-11 23:14:27,576 INFO: FILTER RESULT: 47 -> 47 records [d:\AivellumPro\zReport5\app.py:428]
2025-12-11 23:14:27,577 INFO: FILTER RESULT: 47 -> 47 records [d:\AivellumPro\zReport5\app.py:428]
2025-12-11 23:14:27,578 INFO: FILTER RESULT: 47 -> 47 records [d:\AivellumPro\zReport5\app.py:428]
2025-12-11 23:15:27,548 INFO: FILTER RESULT: 47 -> 47 records [d:\AivellumPro\zReport5\app.py:428]
2025-12-11 23:15:27,574 INFO: FILTER RESULT: 47 -> 47 records [d:\AivellumPro\zReport5\app.py:428]
2025-12-11 23:15:27,580 INFO: FILTER RESULT: 47 -> 47 records [d:\AivellumPro\zReport5\app.py:428]
2025-12-11 23:15:27,596 INFO: FILTER RESULT: 47 -> 47 records [d:\AivellumPro\zReport5\app.py:428]
2025-12-11 23:16:39,521 INFO: FILTER RESULT: 47 -> 47 records [d:\AivellumPro\zReport5\app.py:428]
2025-12-11 23:16:39,539 INFO: FILTER RESULT: 47 -> 47 records [d:\AivellumPro\zReport5\app.py:428]
2025-12-11 23:16:39,541 INFO: FILTER RESULT: 47 -> 47 records [d:\AivellumPro\zReport5\app.py:428]
2025-12-11 23:16:39,542 INFO: FILTER RESULT: 47 -> 47 records [d:\AivellumPro\zReport5\app.py:428]
2025-12-11 23:19:27,533 INFO: FILTER RESULT: 47 -> 47 records [d:\AivellumPro\zReport5\app.py:428]
2025-12-11 23:19:27,559 INFO: FILTER RESULT: 47 -> 47 records [d:\AivellumPro\zReport5\app.py:428]
2025-12-11 23:19:27,562 INFO: FILTER RESULT: 47 -> 47 records [d:\AivellumPro\zReport5\app.py:428]
2025-12-11 23:19:27,566 INFO: FILTER RESULT: 47 -> 47 records [d:\AivellumPro\zReport5\app.py:428]
2025-12-11 23:20:27,541 INFO: FILTER RESULT: 47 -> 47 records [d:\AivellumPro\zReport5\app.py:428]
2025-12-11 23:20:27,567 INFO: FILTER RESULT: 47 -> 47 records [d:\AivellumPro\zReport5\app.py:428]
2025-12-11 23:20:27,571 INFO: FILTER RESULT: 47 -> 47 records [d:\AivellumPro\zReport5\app.py:428]
2025-12-11 23:20:27,602 INFO: FILTER RESULT: 47 -> 47 records [d:\AivellumPro\zReport5\app.py:428]
2025-12-11 23:21:39,531 INFO: FILTER RESULT: 47 -> 47 records [d:\AivellumPro\zReport5\app.py:428]
2025-12-11 23:21:39,550 INFO: FILTER RESULT: 47 -> 47 records [d:\AivellumPro\zReport5\app.py:428]
2025-12-11 23:21:39,554 INFO: FILTER RESULT: 47 -> 47 records [d:\AivellumPro\zReport5\app.py:428]
2025-12-11 23:21:39,557 INFO: FILTER RESULT: 47 -> 47 records [d:\AivellumPro\zReport5\app.py:428]
2025-12-11 23:24:27,593 INFO: FILTER RESULT: 47 -> 47 records [d:\AivellumPro\zReport5\app.py:428]
2025-12-11 23:24:27,670 INFO: FILTER RESULT: 47 -> 47 records [d:\AivellumPro\zReport5\app.py:428]
2025-12-11 23:24:27,673 INFO: FILTER RESULT: 47 -> 47 records [d:\AivellumPro\zReport5\app.py:428]
2025-12-11 23:24:27,675 INFO: FILTER RESULT: 47 -> 47 records [d:\AivellumPro\zReport5\app.py:428]
2025-12-11 23:25:12,546 INFO: FILTER RESULT: 47 -> 47 records [d:\AivellumPro\zReport5\app.py:428]
2025-12-11 23:25:12,698 INFO: FILTER RESULT: 47 -> 47 records [d:\AivellumPro\zReport5\app.py:428]
2025-12-11 23:25:12,746 INFO: FILTER RESULT: 47 -> 47 records [d:\AivellumPro\zReport5\app.py:428]
2025-12-11 23:25:12,787 INFO: FILTER RESULT: 47 -> 47 records [d:\AivellumPro\zReport5\app.py:428]
2025-12-11 23:26:39,526 INFO: FILTER RESULT: 47 -> 47 records [d:\AivellumPro\zReport5\app.py:428]
2025-12-11 23:26:39,541 INFO: FILTER RESULT: 47 -> 47 records [d:\AivellumPro\zReport5\app.py:428]
2025-12-11 23:26:39,554 INFO: FILTER RESULT: 47 -> 47 records [d:\AivellumPro\zReport5\app.py:428]
2025-12-11 23:26:39,563 INFO: FILTER RESULT: 47 -> 47 records [d:\AivellumPro\zReport5\app.py:428]
2025-12-11 23:29:27,536 INFO: FILTER RESULT: 47 -> 47 records [d:\AivellumPro\zReport5\app.py:428]
2025-12-11 23:29:27,573 INFO: FILTER RESULT: 47 -> 47 records [d:\AivellumPro\zReport5\app.py:428]
2025-12-11 23:29:27,573 INFO: FILTER RESULT: 47 -> 47 records [d:\AivellumPro\zReport5\app.py:428]
2025-12-11 23:29:27,574 INFO: FILTER RESULT: 47 -> 47 records [d:\AivellumPro\zReport5\app.py:428]
2025-12-11 23:30:27,545 INFO: FILTER RESULT: 47 -> 47 records [d:\AivellumPro\zReport5\app.py:428]
2025-12-11 23:30:27,585 INFO: FILTER RESULT: 47 -> 47 records [d:\AivellumPro\zReport5\app.py:428]
2025-12-11 23:30:27,588 INFO: FILTER RESULT: 47 -> 47 records [d:\AivellumPro\zReport5\app.py:428]
2025-12-11 23:30:27,590 INFO: FILTER RESULT: 47 -> 47 records [d:\AivellumPro\zReport5\app.py:428]
2025-12-11 23:31:39,524 INFO: FILTER RESULT: 47 -> 47 records [d:\AivellumPro\zReport5\app.py:428]
2025-12-11 23:31:39,549 INFO: FILTER RESULT: 47 -> 47 records [d:\AivellumPro\zReport5\app.py:428]
2025-12-11 23:31:39,549 INFO: FILTER RESULT: 47 -> 47 records [d:\AivellumPro\zReport5\app.py:428]
2025-12-11 23:31:39,550 INFO: FILTER RESULT: 47 -> 47 records [d:\AivellumPro\zReport5\app.py:428]
2025-12-11 23:34:27,533 INFO: FILTER RESULT: 47 -> 47 records [d:\AivellumPro\zReport5\app.py:428]
2025-12-11 23:34:27,564 INFO: FILTER RESULT: 47 -> 47 records [d:\AivellumPro\zReport5\app.py:428]
2025-12-11 23:34:27,570 INFO: FILTER RESULT: 47 -> 47 records [d:\AivellumPro\zReport5\app.py:428]
2025-12-11 23:34:27,603 INFO: FILTER RESULT: 47 -> 47 records [d:\AivellumPro\zReport5\app.py:428]
2025-12-11 23:35:27,538 INFO: FILTER RESULT: 47 -> 47 records [d:\AivellumPro\zReport5\app.py:428]
2025-12-11 23:35:27,569 INFO: FILTER RESULT: 47 -> 47 records [d:\AivellumPro\zReport5\app.py:428]
2025-12-11 23:35:27,573 INFO: FILTER RESULT: 47 -> 47 records [d:\AivellumPro\zReport5\app.py:428]
2025-12-11 23:35:27,593 INFO: FILTER RESULT: 47 -> 47 records [d:\AivellumPro\zReport5\app.py:428]
2025-12-11 23:36:39,523 INFO: FILTER RESULT: 47 -> 47 records [d:\AivellumPro\zReport5\app.py:428]
2025-12-11 23:36:39,546 INFO: FILTER RESULT: 47 -> 47 records [d:\AivellumPro\zReport5\app.py:428]
2025-12-11 23:36:39,550 INFO: FILTER RESULT: 47 -> 47 records [d:\AivellumPro\zReport5\app.py:428]
2025-12-11 23:36:39,552 INFO: FILTER RESULT: 47 -> 47 records [d:\AivellumPro\zReport5\app.py:428]
2025-12-11 23:39:27,549 INFO: FILTER RESULT: 47 -> 47 records [d:\AivellumPro\zReport5\app.py:428]
2025-12-11 23:39:27,575 INFO: FILTER RESULT: 47 -> 47 records [d:\AivellumPro\zReport5\app.py:428]
2025-12-11 23:39:27,590 INFO: FILTER RESULT: 47 -> 47 records [d:\AivellumPro\zReport5\app.py:428]
2025-12-11 23:39:27,609 INFO: FILTER RESULT: 47 -> 47 records [d:\AivellumPro\zReport5\app.py:428]
2025-12-11 23:40:27,557 INFO: FILTER RESULT: 47 -> 47 records [d:\AivellumPro\zReport5\app.py:428]
2025-12-11 23:40:27,595 INFO: FILTER RESULT: 47 -> 47 records [d:\AivellumPro\zReport5\app.py:428]
2025-12-11 23:40:27,598 INFO: FILTER RESULT: 47 -> 47 records [d:\AivellumPro\zReport5\app.py:428]
2025-12-11 23:40:27,599 INFO: FILTER RESULT: 47 -> 47 records [d:\AivellumPro\zReport5\app.py:428]
2025-12-11 23:41:39,524 INFO: FILTER RESULT: 47 -> 47 records [d:\AivellumPro\zReport5\app.py:428]
2025-12-11 23:41:39,540 INFO: FILTER RESULT: 47 -> 47 records [d:\AivellumPro\zReport5\app.py:428]
2025-12-11 23:41:39,542 INFO: FILTER RESULT: 47 -> 47 records [d:\AivellumPro\zReport5\app.py:428]
2025-12-11 23:41:39,543 INFO: FILTER RESULT: 47 -> 47 records [d:\AivellumPro\zReport5\app.py:428]
2025-12-11 23:44:27,529 INFO: FILTER RESULT: 47 -> 47 records [d:\AivellumPro\zReport5\app.py:428]
2025-12-11 23:44:27,572 INFO: FILTER RESULT: 47 -> 47 records [d:\AivellumPro\zReport5\app.py:428]
2025-12-11 23:44:27,575 INFO: FILTER RESULT: 47 -> 47 records [d:\AivellumPro\zReport5\app.py:428]
2025-12-11 23:44:27,583 INFO: FILTER RESULT: 47 -> 47 records [d:\AivellumPro\zReport5\app.py:428]
2025-12-11 23:45:27,540 INFO: FILTER RESULT: 47 -> 47 records [d:\AivellumPro\zReport5\app.py:428]
2025-12-11 23:45:27,565 INFO: FILTER RESULT: 47 -> 47 records [d:\AivellumPro\zReport5\app.py:428]
2025-12-11 23:45:27,579 INFO: FILTER RESULT: 47 -> 47 records [d:\AivellumPro\zReport5\app.py:428]
2025-12-11 23:45:27,580 INFO: FILTER RESULT: 47 -> 47 records [d:\AivellumPro\zReport5\app.py:428]
2025-12-11 23:46:39,526 INFO: FILTER RESULT: 47 -> 47 records [d:\AivellumPro\zReport5\app.py:428]
2025-12-11 23:46:39,547 INFO: FILTER RESULT: 47 -> 47 records [d:\AivellumPro\zReport5\app.py:428]
2025-12-11 23:46:39,553 INFO: FILTER RESULT: 47 -> 47 records [d:\AivellumPro\zReport5\app.py:428]
2025-12-11 23:46:39,559 INFO: FILTER RESULT: 47 -> 47 records [d:\AivellumPro\zReport5\app.py:428]
2025-12-11 23:49:27,563 INFO: FILTER RESULT: 47 -> 47 records [d:\AivellumPro\zReport5\app.py:428]
2025-12-11 23:49:27,605 INFO: FILTER RESULT: 47 -> 47 records [d:\AivellumPro\zReport5\app.py:428]
2025-12-11 23:49:27,606 INFO: FILTER RESULT: 47 -> 47 records [d:\AivellumPro\zReport5\app.py:428]
2025-12-11 23:49:27,610 INFO: FILTER RESULT: 47 -> 47 records [d:\AivellumPro\zReport5\app.py:428]
2025-12-11 23:50:27,537 INFO: FILTER RESULT: 47 -> 47 records [d:\AivellumPro\zReport5\app.py:428]
2025-12-11 23:50:27,575 INFO: FILTER RESULT: 47 -> 47 records [d:\AivellumPro\zReport5\app.py:428]
2025-12-11 23:50:27,588 INFO: FILTER RESULT: 47 -> 47 records [d:\AivellumPro\zReport5\app.py:428]
2025-12-11 23:50:27,607 INFO: FILTER RESULT: 47 -> 47 records [d:\AivellumPro\zReport5\app.py:428]
2025-12-11 23:51:39,534 INFO: FILTER RESULT: 47 -> 47 records [d:\AivellumPro\zReport5\app.py:428]
2025-12-11 23:51:39,557 INFO: FILTER RESULT: 47 -> 47 records [d:\AivellumPro\zReport5\app.py:428]
2025-12-11 23:51:39,558 INFO: FILTER RESULT: 47 -> 47 records [d:\AivellumPro\zReport5\app.py:428]
2025-12-11 23:51:39,560 INFO: FILTER RESULT: 47 -> 47 records [d:\AivellumPro\zReport5\app.py:428]
2025-12-11 23:54:27,538 INFO: FILTER RESULT: 47 -> 47 records [d:\AivellumPro\zReport5\app.py:428]
2025-12-11 23:54:27,574 INFO: FILTER RESULT: 47 -> 47 records [d:\AivellumPro\zReport5\app.py:428]
2025-12-11 23:54:27,575 INFO: FILTER RESULT: 47 -> 47 records [d:\AivellumPro\zReport5\app.py:428]
2025-12-11 23:54:27,581 INFO: FILTER RESULT: 47 -> 47 records [d:\AivellumPro\zReport5\app.py:428]
2025-12-11 23:55:27,541 INFO: FILTER RESULT: 47 -> 47 records [d:\AivellumPro\zReport5\app.py:428]
2025-12-11 23:55:27,587 INFO: FILTER RESULT: 47 -> 47 records [d:\AivellumPro\zReport5\app.py:428]
2025-12-11 23:55:27,591 INFO: FILTER RESULT: 47 -> 47 records [d:\AivellumPro\zReport5\app.py:428]
2025-12-11 23:55:27,594 INFO: FILTER RESULT: 47 -> 47 records [d:\AivellumPro\zReport5\app.py:428]
2025-12-11 23:56:39,530 INFO: FILTER RESULT: 47 -> 47 records [d:\AivellumPro\zReport5\app.py:428]
2025-12-11 23:56:39,636 INFO: FILTER RESULT: 47 -> 47 records [d:\AivellumPro\zReport5\app.py:428]
2025-12-11 23:56:39,680 INFO: FILTER RESULT: 47 -> 47 records [d:\AivellumPro\zReport5\app.py:428]
2025-12-11 23:56:39,683 INFO: FILTER RESULT: 47 -> 47 records [d:\AivellumPro\zReport5\app.py:428]
2025-12-11 23:59:27,577 INFO: FILTER RESULT: 47 -> 47 records [d:\AivellumPro\zReport5\app.py:428]
2025-12-11 23:59:28,010 INFO: FILTER RESULT: 47 -> 47 records [d:\AivellumPro\zReport5\app.py:428]
2025-12-11 23:59:28,013 INFO: FILTER RESULT: 47 -> 47 records [d:\AivellumPro\zReport5\app.py:428]
2025-12-11 23:59:28,015 INFO: FILTER RESULT: 47 -> 47 records [d:\AivellumPro\zReport5\app.py:428]
2025-12-12 00:00:27,546 INFO: FILTER RESULT: 47 -> 47 records [d:\AivellumPro\zReport5\app.py:428]
2025-12-12 00:00:27,584 INFO: FILTER RESULT: 47 -> 47 records [d:\AivellumPro\zReport5\app.py:428]
2025-12-12 00:00:27,585 INFO: FILTER RESULT: 47 -> 47 records [d:\AivellumPro\zReport5\app.py:428]
2025-12-12 00:00:27,585 INFO: FILTER RESULT: 47 -> 47 records [d:\AivellumPro\zReport5\app.py:428]
2025-12-12 00:01:39,527 INFO: FILTER RESULT: 47 -> 47 records [d:\AivellumPro\zReport5\app.py:428]
2025-12-12 00:01:39,549 INFO: FILTER RESULT: 47 -> 47 records [d:\AivellumPro\zReport5\app.py:428]
2025-12-12 00:01:39,550 INFO: FILTER RESULT: 47 -> 47 records [d:\AivellumPro\zReport5\app.py:428]
2025-12-12 00:01:39,552 INFO: FILTER RESULT: 47 -> 47 records [d:\AivellumPro\zReport5\app.py:428]
2025-12-12 00:04:27,543 INFO: FILTER RESULT: 47 -> 47 records [d:\AivellumPro\zReport5\app.py:428]
2025-12-12 00:04:27,597 INFO: FILTER RESULT: 47 -> 47 records [d:\AivellumPro\zReport5\app.py:428]
2025-12-12 00:04:27,601 INFO: FILTER RESULT: 47 -> 47 records [d:\AivellumPro\zReport5\app.py:428]
2025-12-12 00:04:27,604 INFO: FILTER RESULT: 47 -> 47 records [d:\AivellumPro\zReport5\app.py:428]
2025-12-12 00:05:27,549 INFO: FILTER RESULT: 47 -> 47 records [d:\AivellumPro\zReport5\app.py:428]
2025-12-12 00:05:27,575 INFO: FILTER RESULT: 47 -> 47 records [d:\AivellumPro\zReport5\app.py:428]
2025-12-12 00:05:27,578 INFO: FILTER RESULT: 47 -> 47 records [d:\AivellumPro\zReport5\app.py:428]
2025-12-12 00:05:27,582 INFO: FILTER RESULT: 47 -> 47 records [d:\AivellumPro\zReport5\app.py:428]
2025-12-12 00:24:58,897 INFO: FILTER RESULT: 47 -> 47 records [d:\AivellumPro\zReport5\app.py:428]
2025-12-12 00:24:59,032 INFO: FILTER RESULT: 47 -> 47 records [d:\AivellumPro\zReport5\app.py:428]
2025-12-12 00:24:59,048 INFO: FILTER RESULT: 47 -> 47 records [d:\AivellumPro\zReport5\app.py:428]
2025-12-12 00:24:59,049 INFO: FILTER RESULT: 47 -> 47 records [d:\AivellumPro\zReport5\app.py:428]
2025-12-12 00:24:59,050 INFO: FILTER RESULT: 47 -> 47 records [d:\AivellumPro\zReport5\app.py:428]
2025-12-12 00:24:59,097 INFO: FILTER RESULT: 47 -> 47 records [d:\AivellumPro\zReport5\app.py:428]
2025-12-12 00:24:59,235 INFO: FILTER RESULT: 47 -> 47 records [d:\AivellumPro\zReport5\app.py:428]
2025-12-12 00:24:59,236 INFO: FILTER RESULT: 47 -> 47 records [d:\AivellumPro\zReport5\app.py:428]
2025-12-12 00:24:59,236 INFO: FILTER RESULT: 47 -> 47 records [d:\AivellumPro\zReport5\app.py:428]
2025-12-12 00:24:59,790 INFO: FILTER RESULT: 47 -> 47 records [d:\AivellumPro\zReport5\app.py:428]
2025-12-12 00:24:59,816 INFO: FILTER RESULT: 47 -> 47 records [d:\AivellumPro\zReport5\app.py:428]
2025-12-12 00:24:59,896 INFO: FILTER RESULT: 47 -> 47 records [d:\AivellumPro\zReport5\app.py:428]
2025-12-12 00:26:39,538 INFO: FILTER RESULT: 47 -> 47 records [d:\AivellumPro\zReport5\app.py:428]
2025-12-12 00:26:39,566 INFO: FILTER RESULT: 47 -> 47 records [d:\AivellumPro\zReport5\app.py:428]
2025-12-12 00:26:39,568 INFO: FILTER RESULT: 47 -> 47 records [d:\AivellumPro\zReport5\app.py:428]
2025-12-12 00:26:39,573 INFO: FILTER RESULT: 47 -> 47 records [d:\AivellumPro\zReport5\app.py:428]
2025-12-12 00:29:27,548 INFO: FILTER RESULT: 47 -> 47 records [d:\AivellumPro\zReport5\app.py:428]
2025-12-12 00:29:27,577 INFO: FILTER RESULT: 47 -> 47 records [d:\AivellumPro\zReport5\app.py:428]
2025-12-12 00:29:27,582 INFO: FILTER RESULT: 47 -> 47 records [d:\AivellumPro\zReport5\app.py:428]
2025-12-12 00:29:27,583 INFO: FILTER RESULT: 47 -> 47 records [d:\AivellumPro\zReport5\app.py:428]
2025-12-12 00:30:27,543 INFO: FILTER RESULT: 47 -> 47 records [d:\AivellumPro\zReport5\app.py:428]
2025-12-12 00:30:27,585 INFO: FILTER RESULT: 47 -> 47 records [d:\AivellumPro\zReport5\app.py:428]
2025-12-12 00:30:27,586 INFO: FILTER RESULT: 47 -> 47 records [d:\AivellumPro\zReport5\app.py:428]
2025-12-12 00:30:27,588 INFO: FILTER RESULT: 47 -> 47 records [d:\AivellumPro\zReport5\app.py:428]
2025-12-12 00:31:39,530 INFO: FILTER RESULT: 47 -> 47 records [d:\AivellumPro\zReport5\app.py:428]
2025-12-12 00:31:39,545 INFO: FILTER RESULT: 47 -> 47 records [d:\AivellumPro\zReport5\app.py:428]
2025-12-12 00:31:39,548 INFO: FILTER RESULT: 47 -> 47 records [d:\AivellumPro\zReport5\app.py:428]
2025-12-12 00:31:39,554 INFO: FILTER RESULT: 47 -> 47 records [d:\AivellumPro\zReport5\app.py:428]
2025-12-12 00:31:40,259 INFO: FILTER RESULT: 47 -> 47 records [d:\AivellumPro\zReport5\app.py:428]
2025-12-12 00:31:40,264 INFO: FILTER RESULT: 47 -> 47 records [d:\AivellumPro\zReport5\app.py:428]
2025-12-12 00:31:40,287 INFO: FILTER RESULT: 47 -> 47 records [d:\AivellumPro\zReport5\app.py:428]
2025-12-12 00:31:40,297 INFO: FILTER RESULT: 47 -> 47 records [d:\AivellumPro\zReport5\app.py:428]
2025-12-12 00:34:27,568 INFO: FILTER RESULT: 47 -> 47 records [d:\AivellumPro\zReport5\app.py:428]
2025-12-12 00:34:27,619 INFO: FILTER RESULT: 47 -> 47 records [d:\AivellumPro\zReport5\app.py:428]
2025-12-12 00:34:27,625 INFO: FILTER RESULT: 47 -> 47 records [d:\AivellumPro\zReport5\app.py:428]
2025-12-12 00:34:27,644 INFO: FILTER RESULT: 47 -> 47 records [d:\AivellumPro\zReport5\app.py:428]
2025-12-12 00:36:39,524 INFO: FILTER RESULT: 47 -> 47 records [d:\AivellumPro\zReport5\app.py:428]
2025-12-12 00:36:39,545 INFO: FILTER RESULT: 47 -> 47 records [d:\AivellumPro\zReport5\app.py:428]
2025-12-12 00:36:39,549 INFO: FILTER RESULT: 47 -> 47 records [d:\AivellumPro\zReport5\app.py:428]
2025-12-12 00:36:39,567 INFO: FILTER RESULT: 47 -> 47 records [d:\AivellumPro\zReport5\app.py:428]
2025-12-12 00:36:40,526 INFO: FILTER RESULT: 47 -> 47 records [d:\AivellumPro\zReport5\app.py:428]
2025-12-12 00:36:40,571 INFO: FILTER RESULT: 47 -> 47 records [d:\AivellumPro\zReport5\app.py:428]
2025-12-12 00:36:40,573 INFO: FILTER RESULT: 47 -> 47 records [d:\AivellumPro\zReport5\app.py:428]
2025-12-12 00:36:40,576 INFO: FILTER RESULT: 47 -> 47 records [d:\AivellumPro\zReport5\app.py:428]
2025-12-12 00:39:27,737 INFO: FILTER RESULT: 47 -> 47 records [d:\AivellumPro\zReport5\app.py:428]
2025-12-12 00:39:27,765 INFO: FILTER RESULT: 47 -> 47 records [d:\AivellumPro\zReport5\app.py:428]
2025-12-12 00:39:27,769 INFO: FILTER RESULT: 47 -> 47 records [d:\AivellumPro\zReport5\app.py:428]
2025-12-12 00:39:27,773 INFO: FILTER RESULT: 47 -> 47 records [d:\AivellumPro\zReport5\app.py:428]
2025-12-12 00:41:39,533 INFO: FILTER RESULT: 47 -> 47 records [d:\AivellumPro\zReport5\app.py:428]
2025-12-12 00:41:39,562 INFO: FILTER RESULT: 47 -> 47 records [d:\AivellumPro\zReport5\app.py:428]
2025-12-12 00:41:39,563 INFO: FILTER RESULT: 47 -> 47 records [d:\AivellumPro\zReport5\app.py:428]
2025-12-12 00:41:39,564 INFO: FILTER RESULT: 47 -> 47 records [d:\AivellumPro\zReport5\app.py:428]
2025-12-12 00:41:40,535 INFO: FILTER RESULT: 47 -> 47 records [d:\AivellumPro\zReport5\app.py:428]
2025-12-12 00:41:40,576 INFO: FILTER RESULT: 47 -> 47 records [d:\AivellumPro\zReport5\app.py:428]
2025-12-12 00:41:40,596 INFO: FILTER RESULT: 47 -> 47 records [d:\AivellumPro\zReport5\app.py:428]
2025-12-12 00:41:40,604 INFO: FILTER RESULT: 47 -> 47 records [d:\AivellumPro\zReport5\app.py:428]
2025-12-12 00:44:27,534 INFO: FILTER RESULT: 47 -> 47 records [d:\AivellumPro\zReport5\app.py:428]
2025-12-12 00:44:27,572 INFO: FILTER RESULT: 47 -> 47 records [d:\AivellumPro\zReport5\app.py:428]
2025-12-12 00:44:27,577 INFO: FILTER RESULT: 47 -> 47 records [d:\AivellumPro\zReport5\app.py:428]
2025-12-12 00:44:27,589 INFO: FILTER RESULT: 47 -> 47 records [d:\AivellumPro\zReport5\app.py:428]
2025-12-12 00:46:39,536 INFO: FILTER RESULT: 47 -> 47 records [d:\AivellumPro\zReport5\app.py:428]
2025-12-12 00:46:39,566 INFO: FILTER RESULT: 47 -> 47 records [d:\AivellumPro\zReport5\app.py:428]
2025-12-12 00:46:39,568 INFO: FILTER RESULT: 47 -> 47 records [d:\AivellumPro\zReport5\app.py:428]
2025-12-12 00:46:39,571 INFO: FILTER RESULT: 47 -> 47 records [d:\AivellumPro\zReport5\app.py:428]
2025-12-12 00:46:40,523 INFO: FILTER RESULT: 47 -> 47 records [d:\AivellumPro\zReport5\app.py:428]
2025-12-12 00:46:40,605 INFO: FILTER RESULT: 47 -> 47 records [d:\AivellumPro\zReport5\app.py:428]
2025-12-12 00:46:40,624 INFO: FILTER RESULT: 47 -> 47 records [d:\AivellumPro\zReport5\app.py:428]
2025-12-12 00:46:40,632 INFO: FILTER RESULT: 47 -> 47 records [d:\AivellumPro\zReport5\app.py:428]
2025-12-12 00:49:27,579 INFO: FILTER RESULT: 47 -> 47 records [d:\AivellumPro\zReport5\app.py:428]
2025-12-12 00:49:27,667 INFO: FILTER RESULT: 47 -> 47 records [d:\AivellumPro\zReport5\app.py:428]
2025-12-12 00:49:27,674 INFO: FILTER RESULT: 47 -> 47 records [d:\AivellumPro\zReport5\app.py:428]
2025-12-12 00:49:27,679 INFO: FILTER RESULT: 47 -> 47 records [d:\AivellumPro\zReport5\app.py:428]
2025-12-12 00:51:39,525 INFO: FILTER RESULT: 47 -> 47 records [d:\AivellumPro\zReport5\app.py:428]
2025-12-12 00:51:39,546 INFO: FILTER RESULT: 47 -> 47 records [d:\AivellumPro\zReport5\app.py:428]
2025-12-12 00:51:39,549 INFO: FILTER RESULT: 47 -> 47 records [d:\AivellumPro\zReport5\app.py:428]
2025-12-12 00:51:39,563 INFO: FILTER RESULT: 47 -> 47 records [d:\AivellumPro\zReport5\app.py:428]
2025-12-12 00:51:40,525 INFO: FILTER RESULT: 47 -> 47 records [d:\AivellumPro\zReport5\app.py:428]
2025-12-12 00:51:40,559 INFO: FILTER RESULT: 47 -> 47 records [d:\AivellumPro\zReport5\app.py:428]
2025-12-12 00:51:40,572 INFO: FILTER RESULT: 47 -> 47 records [d:\AivellumPro\zReport5\app.py:428]
2025-12-12 00:51:40,591 INFO: FILTER RESULT: 47 -> 47 records [d:\AivellumPro\zReport5\app.py:428]
2025-12-12 00:54:27,540 INFO: FILTER RESULT: 47 -> 47 records [d:\AivellumPro\zReport5\app.py:428]
2025-12-12 00:54:27,595 INFO: FILTER RESULT: 47 -> 47 records [d:\AivellumPro\zReport5\app.py:428]
2025-12-12 00:54:27,598 INFO: FILTER RESULT: 47 -> 47 records [d:\AivellumPro\zReport5\app.py:428]
2025-12-12 00:54:27,599 INFO: FILTER RESULT: 47 -> 47 records [d:\AivellumPro\zReport5\app.py:428]
2025-12-12 00:55:01,171 INFO: FILTER RESULT: 47 -> 47 records [d:\AivellumPro\zReport5\app.py:428]
2025-12-12 00:55:01,178 INFO: FILTER RESULT: 47 -> 47 records [d:\AivellumPro\zReport5\app.py:428]
2025-12-12 00:55:01,190 INFO: FILTER RESULT: 47 -> 47 records [d:\AivellumPro\zReport5\app.py:428]
2025-12-12 00:55:01,205 INFO: FILTER RESULT: 47 -> 47 records [d:\AivellumPro\zReport5\app.py:428]
2025-12-12 00:56:17,438 INFO: FILTER RESULT: 47 -> 47 records [d:\AivellumPro\zReport5\app.py:428]
2025-12-12 00:56:17,441 INFO: FILTER RESULT: 47 -> 47 records [d:\AivellumPro\zReport5\app.py:428]
2025-12-12 00:56:17,463 INFO: FILTER RESULT: 47 -> 47 records [d:\AivellumPro\zReport5\app.py:428]
2025-12-12 00:56:17,465 INFO: FILTER RESULT: 47 -> 47 records [d:\AivellumPro\zReport5\app.py:428]
2025-12-12 00:56:19,877 INFO: FILTER RESULT: 47 -> 47 records [d:\AivellumPro\zReport5\app.py:428]
2025-12-12 00:56:30,988 INFO: Start date 2025-11-10: 13 records [d:\AivellumPro\zReport5\app.py:411]
2025-12-12 00:56:30,991 INFO: End date 2025-12-10: 13 records [d:\AivellumPro\zReport5\app.py:416]
2025-12-12 00:56:30,995 INFO: Platform Play Store: 10 records [d:\AivellumPro\zReport5\app.py:426]
2025-12-12 00:56:30,996 INFO: FILTER RESULT: 47 -> 10 records [d:\AivellumPro\zReport5\app.py:428]
2025-12-12 00:56:31,018 INFO: Start date 2025-11-10: 13 records [d:\AivellumPro\zReport5\app.py:411]
2025-12-12 00:56:31,026 INFO: Start date 2025-11-10: 13 records [d:\AivellumPro\zReport5\app.py:411]
2025-12-12 00:56:31,026 INFO: Start date 2025-11-10: 13 records [d:\AivellumPro\zReport5\app.py:411]
2025-12-12 00:56:31,029 INFO: End date 2025-12-10: 13 records [d:\AivellumPro\zReport5\app.py:416]
2025-12-12 00:56:31,031 INFO: End date 2025-12-10: 13 records [d:\AivellumPro\zReport5\app.py:416]
2025-12-12 00:56:31,034 INFO: End date 2025-12-10: 13 records [d:\AivellumPro\zReport5\app.py:416]
2025-12-12 00:56:31,035 INFO: Platform Play Store: 10 records [d:\AivellumPro\zReport5\app.py:426]
2025-12-12 00:56:31,038 INFO: Platform Play Store: 10 records [d:\AivellumPro\zReport5\app.py:426]
2025-12-12 00:56:31,041 INFO: Platform Play Store: 10 records [d:\AivellumPro\zReport5\app.py:426]
2025-12-12 00:56:31,042 INFO: FILTER RESULT: 47 -> 10 records [d:\AivellumPro\zReport5\app.py:428]
2025-12-12 00:56:31,043 INFO: FILTER RESULT: 47 -> 10 records [d:\AivellumPro\zReport5\app.py:428]
2025-12-12 00:56:31,044 INFO: FILTER RESULT: 47 -> 10 records [d:\AivellumPro\zReport5\app.py:428]
2025-12-12 00:56:37,336 INFO: Start date 2025-11-10: 13 records [d:\AivellumPro\zReport5\app.py:411]
2025-12-12 00:56:37,339 INFO: End date 2025-12-10: 13 records [d:\AivellumPro\zReport5\app.py:416]
2025-12-12 00:56:37,343 INFO: Platform Play Store: 10 records [d:\AivellumPro\zReport5\app.py:426]
2025-12-12 00:56:37,344 INFO: FILTER RESULT: 47 -> 10 records [d:\AivellumPro\zReport5\app.py:428]
2025-12-12 00:56:39,519 INFO: FILTER RESULT: 47 -> 47 records [d:\AivellumPro\zReport5\app.py:428]
2025-12-12 00:56:39,539 INFO: FILTER RESULT: 47 -> 47 records [d:\AivellumPro\zReport5\app.py:428]
2025-12-12 00:56:39,550 INFO: FILTER RESULT: 47 -> 47 records [d:\AivellumPro\zReport5\app.py:428]
2025-12-12 00:56:39,573 INFO: FILTER RESULT: 47 -> 47 records [d:\AivellumPro\zReport5\app.py:428]
2025-12-12 00:56:49,312 INFO: Start date 2025-11-10: 13 records [d:\AivellumPro\zReport5\app.py:411]
2025-12-12 00:56:49,314 INFO: End date 2025-12-10: 13 records [d:\AivellumPro\zReport5\app.py:416]
2025-12-12 00:56:49,317 INFO: Platform Play Store: 10 records [d:\AivellumPro\zReport5\app.py:426]
2025-12-12 00:56:49,318 INFO: FILTER RESULT: 47 -> 10 records [d:\AivellumPro\zReport5\app.py:428]
2025-12-12 00:56:50,160 INFO: Start date 2025-11-10: 13 records [d:\AivellumPro\zReport5\app.py:411]
2025-12-12 00:56:50,163 INFO: End date 2025-12-10: 13 records [d:\AivellumPro\zReport5\app.py:416]
2025-12-12 00:56:50,166 INFO: Platform Play Store: 10 records [d:\AivellumPro\zReport5\app.py:426]
2025-12-12 00:56:50,169 INFO: FILTER RESULT: 47 -> 10 records [d:\AivellumPro\zReport5\app.py:428]
2025-12-12 00:57:03,046 INFO: Platform Play Store: 38 records [d:\AivellumPro\zReport5\app.py:426]
2025-12-12 00:57:03,047 INFO: FILTER RESULT: 47 -> 38 records [d:\AivellumPro\zReport5\app.py:428]
2025-12-12 00:57:03,065 INFO: Platform Play Store: 38 records [d:\AivellumPro\zReport5\app.py:426]
2025-12-12 00:57:03,070 INFO: FILTER RESULT: 47 -> 38 records [d:\AivellumPro\zReport5\app.py:428]
2025-12-12 00:57:03,071 INFO: Platform Play Store: 38 records [d:\AivellumPro\zReport5\app.py:426]
2025-12-12 00:57:03,075 INFO: Platform Play Store: 38 records [d:\AivellumPro\zReport5\app.py:426]
2025-12-12 00:57:03,087 INFO: FILTER RESULT: 47 -> 38 records [d:\AivellumPro\zReport5\app.py:428]
2025-12-12 00:57:03,089 INFO: FILTER RESULT: 47 -> 38 records [d:\AivellumPro\zReport5\app.py:428]
2025-12-12 00:57:06,579 INFO: Platform Play Store: 38 records [d:\AivellumPro\zReport5\app.py:426]
2025-12-12 00:57:06,581 INFO: FILTER RESULT: 47 -> 38 records [d:\AivellumPro\zReport5\app.py:428]
2025-12-12 00:57:07,200 INFO: Platform Play Store: 38 records [d:\AivellumPro\zReport5\app.py:426]
2025-12-12 00:57:07,202 INFO: FILTER RESULT: 47 -> 38 records [d:\AivellumPro\zReport5\app.py:428]
2025-12-12 00:57:55,934 INFO: Platform Play Store: 38 records [d:\AivellumPro\zReport5\app.py:426]
2025-12-12 00:57:55,935 INFO: FILTER RESULT: 47 -> 38 records [d:\AivellumPro\zReport5\app.py:428]
2025-12-12 01:01:17,521 INFO: Platform Play Store: 38 records [d:\AivellumPro\zReport5\app.py:426]
2025-12-12 01:01:17,523 INFO: FILTER RESULT: 47 -> 38 records [d:\AivellumPro\zReport5\app.py:428]
2025-12-12 01:01:17,547 INFO: Platform Play Store: 38 records [d:\AivellumPro\zReport5\app.py:426]
2025-12-12 01:01:17,550 INFO: Platform Play Store: 38 records [d:\AivellumPro\zReport5\app.py:426]
2025-12-12 01:01:17,551 INFO: FILTER RESULT: 47 -> 38 records [d:\AivellumPro\zReport5\app.py:428]
2025-12-12 01:01:17,554 INFO: Platform Play Store: 38 records [d:\AivellumPro\zReport5\app.py:426]
2025-12-12 01:01:17,555 INFO: FILTER RESULT: 47 -> 38 records [d:\AivellumPro\zReport5\app.py:428]
2025-12-12 01:01:17,570 INFO: FILTER RESULT: 47 -> 38 records [d:\AivellumPro\zReport5\app.py:428]
2025-12-12 01:01:39,534 INFO: FILTER RESULT: 47 -> 47 records [d:\AivellumPro\zReport5\app.py:428]
2025-12-12 01:01:39,558 INFO: FILTER RESULT: 47 -> 47 records [d:\AivellumPro\zReport5\app.py:428]
2025-12-12 01:01:39,562 INFO: FILTER RESULT: 47 -> 47 records [d:\AivellumPro\zReport5\app.py:428]
2025-12-12 01:01:39,564 INFO: FILTER RESULT: 47 -> 47 records [d:\AivellumPro\zReport5\app.py:428]
2025-12-12 01:06:17,532 INFO: Platform Play Store: 38 records [d:\AivellumPro\zReport5\app.py:426]
2025-12-12 01:06:17,533 INFO: FILTER RESULT: 47 -> 38 records [d:\AivellumPro\zReport5\app.py:428]
2025-12-12 01:06:17,551 INFO: Platform Play Store: 38 records [d:\AivellumPro\zReport5\app.py:426]
2025-12-12 01:06:17,557 INFO: Platform Play Store: 38 records [d:\AivellumPro\zReport5\app.py:426]
2025-12-12 01:06:17,557 INFO: FILTER RESULT: 47 -> 38 records [d:\AivellumPro\zReport5\app.py:428]
2025-12-12 01:06:17,558 INFO: Platform Play Store: 38 records [d:\AivellumPro\zReport5\app.py:426]
2025-12-12 01:06:17,559 INFO: FILTER RESULT: 47 -> 38 records [d:\AivellumPro\zReport5\app.py:428]
2025-12-12 01:06:17,573 INFO: FILTER RESULT: 47 -> 38 records [d:\AivellumPro\zReport5\app.py:428]
2025-12-12 01:06:39,524 INFO: FILTER RESULT: 47 -> 47 records [d:\AivellumPro\zReport5\app.py:428]
2025-12-12 01:06:39,543 INFO: FILTER RESULT: 47 -> 47 records [d:\AivellumPro\zReport5\app.py:428]
2025-12-12 01:06:39,558 INFO: FILTER RESULT: 47 -> 47 records [d:\AivellumPro\zReport5\app.py:428]
2025-12-12 01:06:39,567 INFO: FILTER RESULT: 47 -> 47 records [d:\AivellumPro\zReport5\app.py:428]
2025-12-12 01:11:17,532 INFO: Platform Play Store: 38 records [d:\AivellumPro\zReport5\app.py:426]
2025-12-12 01:11:17,534 INFO: FILTER RESULT: 47 -> 38 records [d:\AivellumPro\zReport5\app.py:428]
2025-12-12 01:11:17,557 INFO: Platform Play Store: 38 records [d:\AivellumPro\zReport5\app.py:426]
2025-12-12 01:11:17,562 INFO: Platform Play Store: 38 records [d:\AivellumPro\zReport5\app.py:426]
2025-12-12 01:11:17,564 INFO: FILTER RESULT: 47 -> 38 records [d:\AivellumPro\zReport5\app.py:428]
2025-12-12 01:11:17,568 INFO: Platform Play Store: 38 records [d:\AivellumPro\zReport5\app.py:426]
2025-12-12 01:11:17,569 INFO: FILTER RESULT: 47 -> 38 records [d:\AivellumPro\zReport5\app.py:428]
2025-12-12 01:11:17,588 INFO: FILTER RESULT: 47 -> 38 records [d:\AivellumPro\zReport5\app.py:428]
2025-12-12 01:11:39,530 INFO: FILTER RESULT: 47 -> 47 records [d:\AivellumPro\zReport5\app.py:428]
2025-12-12 01:11:39,549 INFO: FILTER RESULT: 47 -> 47 records [d:\AivellumPro\zReport5\app.py:428]
2025-12-12 01:11:39,551 INFO: FILTER RESULT: 47 -> 47 records [d:\AivellumPro\zReport5\app.py:428]
2025-12-12 01:11:39,579 INFO: FILTER RESULT: 47 -> 47 records [d:\AivellumPro\zReport5\app.py:428]
2025-12-12 01:12:45,769 INFO: FILTER RESULT: 47 -> 47 records [d:\AivellumPro\zReport5\app.py:428]
2025-12-12 01:12:45,777 INFO: FILTER RESULT: 47 -> 47 records [d:\AivellumPro\zReport5\app.py:428]
2025-12-12 01:12:45,787 INFO: FILTER RESULT: 47 -> 47 records [d:\AivellumPro\zReport5\app.py:428]
2025-12-12 01:12:45,803 INFO: FILTER RESULT: 47 -> 47 records [d:\AivellumPro\zReport5\app.py:428]
2025-12-12 01:42:51,487 INFO: Platform Play Store: 38 records [d:\AivellumPro\zReport5\app.py:426]
2025-12-12 01:42:51,490 INFO: FILTER RESULT: 47 -> 38 records [d:\AivellumPro\zReport5\app.py:428]
2025-12-12 01:42:51,649 INFO: FILTER RESULT: 47 -> 47 records [d:\AivellumPro\zReport5\app.py:428]
2025-12-12 01:42:51,762 INFO: Platform Play Store: 38 records [d:\AivellumPro\zReport5\app.py:426]
2025-12-12 01:42:51,764 INFO: Platform Play Store: 38 records [d:\AivellumPro\zReport5\app.py:426]
2025-12-12 01:42:51,767 INFO: Platform Play Store: 38 records [d:\AivellumPro\zReport5\app.py:426]
2025-12-12 01:42:51,768 INFO: FILTER RESULT: 47 -> 38 records [d:\AivellumPro\zReport5\app.py:428]
2025-12-12 01:42:51,770 INFO: FILTER RESULT: 47 -> 38 records [d:\AivellumPro\zReport5\app.py:428]
2025-12-12 01:42:51,771 INFO: FILTER RESULT: 47 -> 38 records [d:\AivellumPro\zReport5\app.py:428]
2025-12-12 01:42:53,967 INFO: FILTER RESULT: 47 -> 47 records [d:\AivellumPro\zReport5\app.py:428]
2025-12-12 01:42:53,972 INFO: FILTER RESULT: 47 -> 47 records [d:\AivellumPro\zReport5\app.py:428]
2025-12-12 01:42:53,975 INFO: FILTER RESULT: 47 -> 47 records [d:\AivellumPro\zReport5\app.py:428]
2025-12-12 23:49:36,418 INFO: Platform Play Store: 38 records [d:\AivellumPro\zReport5\app.py:426]
2025-12-12 23:49:36,420 INFO: FILTER RESULT: 47 -> 38 records [d:\AivellumPro\zReport5\app.py:428]
2025-12-12 23:49:36,883 INFO: FILTER RESULT: 47 -> 47 records [d:\AivellumPro\zReport5\app.py:428]
2025-12-12 23:49:36,933 INFO: FILTER RESULT: 47 -> 47 records [d:\AivellumPro\zReport5\app.py:428]
2025-12-12 23:49:36,943 INFO: FILTER RESULT: 47 -> 47 records [d:\AivellumPro\zReport5\app.py:428]
2025-12-12 23:49:36,945 INFO: FILTER RESULT: 47 -> 47 records [d:\AivellumPro\zReport5\app.py:428]
2025-12-12 23:49:37,131 INFO: Platform Play Store: 38 records [d:\AivellumPro\zReport5\app.py:426]
2025-12-12 23:49:37,137 INFO: Platform Play Store: 38 records [d:\AivellumPro\zReport5\app.py:426]
2025-12-12 23:49:37,137 INFO: FILTER RESULT: 47 -> 38 records [d:\AivellumPro\zReport5\app.py:428]
2025-12-12 23:49:37,139 INFO: Platform Play Store: 38 records [d:\AivellumPro\zReport5\app.py:426]
2025-12-12 23:49:37,140 INFO: FILTER RESULT: 47 -> 38 records [d:\AivellumPro\zReport5\app.py:428]
2025-12-12 23:49:37,154 INFO: FILTER RESULT: 47 -> 38 records [d:\AivellumPro\zReport5\app.py:428]
2025-12-12 23:49:46,259 INFO: FILTER RESULT: 47 -> 47 records [d:\AivellumPro\zReport5\app.py:428]
2025-12-12 23:49:46,271 INFO: FILTER RESULT: 47 -> 47 records [d:\AivellumPro\zReport5\app.py:428]
2025-12-12 23:49:46,272 INFO: FILTER RESULT: 47 -> 47 records [d:\AivellumPro\zReport5\app.py:428]
2025-12-12 23:49:46,274 INFO: FILTER RESULT: 47 -> 47 records [d:\AivellumPro\zReport5\app.py:428]
2025-12-12 23:51:10,983 INFO: Platform Play Store: 38 records [d:\AivellumPro\zReport5\app.py:426]
2025-12-12 23:51:10,985 INFO: FILTER RESULT: 47 -> 38 records [d:\AivellumPro\zReport5\app.py:428]
2025-12-12 23:51:11,010 INFO: Platform Play Store: 38 records [d:\AivellumPro\zReport5\app.py:426]
2025-12-12 23:51:11,012 INFO: Platform Play Store: 38 records [d:\AivellumPro\zReport5\app.py:426]
2025-12-12 23:51:11,015 INFO: Platform Play Store: 38 records [d:\AivellumPro\zReport5\app.py:426]
2025-12-12 23:51:11,015 INFO: FILTER RESULT: 47 -> 38 records [d:\AivellumPro\zReport5\app.py:428]
2025-12-12 23:51:11,017 INFO: FILTER RESULT: 47 -> 38 records [d:\AivellumPro\zReport5\app.py:428]
2025-12-12 23:51:11,018 INFO: FILTER RESULT: 47 -> 38 records [d:\AivellumPro\zReport5\app.py:428]
2025-12-12 23:54:43,580 INFO: FILTER RESULT: 47 -> 47 records [d:\AivellumPro\zReport5\app.py:428]
2025-12-12 23:54:43,715 INFO: FILTER RESULT: 47 -> 47 records [d:\AivellumPro\zReport5\app.py:428]
2025-12-12 23:54:43,720 INFO: FILTER RESULT: 47 -> 47 records [d:\AivellumPro\zReport5\app.py:428]
2025-12-12 23:54:43,722 INFO: FILTER RESULT: 47 -> 47 records [d:\AivellumPro\zReport5\app.py:428]
2025-12-12 23:56:17,422 INFO: Platform Play Store: 38 records [d:\AivellumPro\zReport5\app.py:426]
2025-12-12 23:56:17,423 INFO: FILTER RESULT: 47 -> 38 records [d:\AivellumPro\zReport5\app.py:428]
2025-12-12 23:56:17,464 INFO: Platform Play Store: 38 records [d:\AivellumPro\zReport5\app.py:426]
2025-12-12 23:56:17,467 INFO: FILTER RESULT: 47 -> 38 records [d:\AivellumPro\zReport5\app.py:428]
2025-12-12 23:56:17,471 INFO: Platform Play Store: 38 records [d:\AivellumPro\zReport5\app.py:426]
2025-12-12 23:56:17,473 INFO: Platform Play Store: 38 records [d:\AivellumPro\zReport5\app.py:426]
2025-12-12 23:56:17,488 INFO: FILTER RESULT: 47 -> 38 records [d:\AivellumPro\zReport5\app.py:428]
2025-12-12 23:56:17,489 INFO: FILTER RESULT: 47 -> 38 records [d:\AivellumPro\zReport5\app.py:428]
2025-12-12 23:59:43,387 INFO: FILTER RESULT: 47 -> 47 records [d:\AivellumPro\zReport5\app.py:428]
2025-12-12 23:59:43,414 INFO: FILTER RESULT: 47 -> 47 records [d:\AivellumPro\zReport5\app.py:428]
2025-12-12 23:59:43,415 INFO: FILTER RESULT: 47 -> 47 records [d:\AivellumPro\zReport5\app.py:428]
2025-12-12 23:59:43,417 INFO: FILTER RESULT: 47 -> 47 records [d:\AivellumPro\zReport5\app.py:428]
2025-12-13 00:01:17,408 INFO: Platform Play Store: 38 records [d:\AivellumPro\zReport5\app.py:426]
2025-12-13 00:01:17,410 INFO: FILTER RESULT: 47 -> 38 records [d:\AivellumPro\zReport5\app.py:428]
2025-12-13 00:01:17,459 INFO: Platform Play Store: 38 records [d:\AivellumPro\zReport5\app.py:426]
2025-12-13 00:01:17,460 INFO: Platform Play Store: 38 records [d:\AivellumPro\zReport5\app.py:426]
2025-12-13 00:01:17,461 INFO: FILTER RESULT: 47 -> 38 records [d:\AivellumPro\zReport5\app.py:428]
2025-12-13 00:01:17,462 INFO: FILTER RESULT: 47 -> 38 records [d:\AivellumPro\zReport5\app.py:428]
2025-12-13 00:01:17,529 INFO: Platform Play Store: 38 records [d:\AivellumPro\zReport5\app.py:426]
2025-12-13 00:01:17,531 INFO: FILTER RESULT: 47 -> 38 records [d:\AivellumPro\zReport5\app.py:428]
2025-12-13 00:04:43,443 INFO: FILTER RESULT: 47 -> 47 records [d:\AivellumPro\zReport5\app.py:428]
2025-12-13 00:04:43,515 INFO: FILTER RESULT: 47 -> 47 records [d:\AivellumPro\zReport5\app.py:428]
2025-12-13 00:04:43,516 INFO: FILTER RESULT: 47 -> 47 records [d:\AivellumPro\zReport5\app.py:428]
2025-12-13 00:04:43,521 INFO: FILTER RESULT: 47 -> 47 records [d:\AivellumPro\zReport5\app.py:428]
2025-12-13 00:09:43,492 INFO: FILTER RESULT: 47 -> 47 records [d:\AivellumPro\zReport5\app.py:428]
2025-12-13 00:09:43,564 INFO: FILTER RESULT: 47 -> 47 records [d:\AivellumPro\zReport5\app.py:428]
2025-12-13 00:09:43,569 INFO: FILTER RESULT: 47 -> 47 records [d:\AivellumPro\zReport5\app.py:428]
2025-12-13 00:09:43,570 INFO: FILTER RESULT: 47 -> 47 records [d:\AivellumPro\zReport5\app.py:428]
2025-12-13 00:14:43,371 INFO: FILTER RESULT: 47 -> 47 records [d:\AivellumPro\zReport5\app.py:428]
2025-12-13 00:14:43,399 INFO: FILTER RESULT: 47 -> 47 records [d:\AivellumPro\zReport5\app.py:428]
2025-12-13 00:14:43,407 INFO: FILTER RESULT: 47 -> 47 records [d:\AivellumPro\zReport5\app.py:428]
2025-12-13 00:14:43,408 INFO: FILTER RESULT: 47 -> 47 records [d:\AivellumPro\zReport5\app.py:428]
2025-12-13 00:19:43,409 INFO: FILTER RESULT: 47 -> 47 records [d:\AivellumPro\zReport5\app.py:428]
2025-12-13 00:19:43,455 INFO: FILTER RESULT: 47 -> 47 records [d:\AivellumPro\zReport5\app.py:428]
2025-12-13 00:19:43,456 INFO: FILTER RESULT: 47 -> 47 records [d:\AivellumPro\zReport5\app.py:428]
2025-12-13 00:19:43,467 INFO: FILTER RESULT: 47 -> 47 records [d:\AivellumPro\zReport5\app.py:428]
2025-12-13 00:24:43,398 INFO: FILTER RESULT: 47 -> 47 records [d:\AivellumPro\zReport5\app.py:428]
2025-12-13 00:24:43,438 INFO: FILTER RESULT: 47 -> 47 records [d:\AivellumPro\zReport5\app.py:428]
2025-12-13 00:24:43,441 INFO: FILTER RESULT: 47 -> 47 records [d:\AivellumPro\zReport5\app.py:428]
2025-12-13 00:24:43,455 INFO: FILTER RESULT: 47 -> 47 records [d:\AivellumPro\zReport5\app.py:428]
2025-12-13 00:29:43,481 INFO: FILTER RESULT: 47 -> 47 records [d:\AivellumPro\zReport5\app.py:428]
2025-12-13 00:29:43,555 INFO: FILTER RESULT: 47 -> 47 records [d:\AivellumPro\zReport5\app.py:428]
2025-12-13 00:29:43,557 INFO: FILTER RESULT: 47 -> 47 records [d:\AivellumPro\zReport5\app.py:428]
2025-12-13 00:29:43,558 INFO: FILTER RESULT: 47 -> 47 records [d:\AivellumPro\zReport5\app.py:428]
2025-12-13 00:34:43,388 INFO: FILTER RESULT: 47 -> 47 records [d:\AivellumPro\zReport5\app.py:428]
2025-12-13 00:34:43,416 INFO: FILTER RESULT: 47 -> 47 records [d:\AivellumPro\zReport5\app.py:428]
2025-12-13 00:34:43,437 INFO: FILTER RESULT: 47 -> 47 records [d:\AivellumPro\zReport5\app.py:428]
2025-12-13 00:34:43,438 INFO: FILTER RESULT: 47 -> 47 records [d:\AivellumPro\zReport5\app.py:428]
2025-12-13 00:39:43,412 INFO: FILTER RESULT: 47 -> 47 records [d:\AivellumPro\zReport5\app.py:428]
2025-12-13 00:39:43,453 INFO: FILTER RESULT: 47 -> 47 records [d:\AivellumPro\zReport5\app.py:428]
2025-12-13 00:39:43,454 INFO: FILTER RESULT: 47 -> 47 records [d:\AivellumPro\zReport5\app.py:428]
2025-12-13 00:39:43,456 INFO: FILTER RESULT: 47 -> 47 records [d:\AivellumPro\zReport5\app.py:428]
2025-12-13 00:44:43,383 INFO: FILTER RESULT: 47 -> 47 records [d:\AivellumPro\zReport5\app.py:428]
2025-12-13 00:44:43,404 INFO: FILTER RESULT: 47 -> 47 records [d:\AivellumPro\zReport5\app.py:428]
2025-12-13 00:44:43,406 INFO: FILTER RESULT: 47 -> 47 records [d:\AivellumPro\zReport5\app.py:428]
2025-12-13 00:44:43,409 INFO: FILTER RESULT: 47 -> 47 records [d:\AivellumPro\zReport5\app.py:428]
2025-12-13 00:49:43,394 INFO: FILTER RESULT: 47 -> 47 records [d:\AivellumPro\zReport5\app.py:428]
2025-12-13 00:49:43,504 INFO: FILTER RESULT: 47 -> 47 records [d:\AivellumPro\zReport5\app.py:428]
2025-12-13 00:49:43,543 INFO: FILTER RESULT: 47 -> 47 records [d:\AivellumPro\zReport5\app.py:428]
2025-12-13 00:49:43,543 INFO: FILTER RESULT: 47 -> 47 records [d:\AivellumPro\zReport5\app.py:428]
2025-12-13 00:54:43,477 INFO: FILTER RESULT: 47 -> 47 records [d:\AivellumPro\zReport5\app.py:428]
2025-12-13 00:54:43,561 INFO: FILTER RESULT: 47 -> 47 records [d:\AivellumPro\zReport5\app.py:428]
2025-12-13 00:54:43,564 INFO: FILTER RESULT: 47 -> 47 records [d:\AivellumPro\zReport5\app.py:428]
2025-12-13 00:54:43,567 INFO: FILTER RESULT: 47 -> 47 records [d:\AivellumPro\zReport5\app.py:428]
2025-12-13 00:59:43,379 INFO: FILTER RESULT: 47 -> 47 records [d:\AivellumPro\zReport5\app.py:428]
2025-12-13 00:59:43,401 INFO: FILTER RESULT: 47 -> 47 records [d:\AivellumPro\zReport5\app.py:428]
2025-12-13 00:59:43,425 INFO: FILTER RESULT: 47 -> 47 records [d:\AivellumPro\zReport5\app.py:428]
2025-12-13 00:59:43,426 INFO: FILTER RESULT: 47 -> 47 records [d:\AivellumPro\zReport5\app.py:428]
2025-12-13 01:04:43,592 INFO: FILTER RESULT: 47 -> 47 records [d:\AivellumPro\zReport5\app.py:428]
2025-12-13 01:04:43,744 INFO: FILTER RESULT: 47 -> 47 records [d:\AivellumPro\zReport5\app.py:428]
2025-12-13 01:04:43,748 INFO: FILTER RESULT: 47 -> 47 records [d:\AivellumPro\zReport5\app.py:428]
2025-12-13 01:04:43,749 INFO: FILTER RESULT: 47 -> 47 records [d:\AivellumPro\zReport5\app.py:428]
2025-12-13 01:09:43,384 INFO: FILTER RESULT: 47 -> 47 records [d:\AivellumPro\zReport5\app.py:428]
2025-12-13 01:09:43,416 INFO: FILTER RESULT: 47 -> 47 records [d:\AivellumPro\zReport5\app.py:428]
2025-12-13 01:09:43,419 INFO: FILTER RESULT: 47 -> 47 records [d:\AivellumPro\zReport5\app.py:428]
2025-12-13 01:09:43,429 INFO: FILTER RESULT: 47 -> 47 records [d:\AivellumPro\zReport5\app.py:428]
2025-12-13 01:14:43,449 INFO: FILTER RESULT: 47 -> 47 records [d:\AivellumPro\zReport5\app.py:428]
2025-12-13 01:14:43,501 INFO: FILTER RESULT: 47 -> 47 records [d:\AivellumPro\zReport5\app.py:428]
2025-12-13 01:14:43,514 INFO: FILTER RESULT: 47 -> 47 records [d:\AivellumPro\zReport5\app.py:428]
2025-12-13 01:14:43,517 INFO: FILTER RESULT: 47 -> 47 records [d:\AivellumPro\zReport5\app.py:428]
2025-12-13 01:19:43,379 INFO: FILTER RESULT: 47 -> 47 records [d:\AivellumPro\zReport5\app.py:428]
2025-12-13 01:19:43,395 INFO: FILTER RESULT: 47 -> 47 records [d:\AivellumPro\zReport5\app.py:428]
2025-12-13 01:19:43,400 INFO: FILTER RESULT: 47 -> 47 records [d:\AivellumPro\zReport5\app.py:428]
2025-12-13 01:19:43,401 INFO: FILTER RESULT: 47 -> 47 records [d:\AivellumPro\zReport5\app.py:428]
2025-12-13 01:24:43,529 INFO: FILTER RESULT: 47 -> 47 records [d:\AivellumPro\zReport5\app.py:428]
2025-12-13 01:24:43,699 INFO: FILTER RESULT: 47 -> 47 records [d:\AivellumPro\zReport5\app.py:428]
2025-12-13 01:24:43,700 INFO: FILTER RESULT: 47 -> 47 records [d:\AivellumPro\zReport5\app.py:428]
2025-12-13 01:24:43,701 INFO: FILTER RESULT: 47 -> 47 records [d:\AivellumPro\zReport5\app.py:428]
2025-12-13 01:29:43,503 INFO: FILTER RESULT: 47 -> 47 records [d:\AivellumPro\zReport5\app.py:428]
2025-12-13 01:29:43,616 INFO: FILTER RESULT: 47 -> 47 records [d:\AivellumPro\zReport5\app.py:428]
2025-12-13 01:29:43,656 INFO: FILTER RESULT: 47 -> 47 records [d:\AivellumPro\zReport5\app.py:428]
2025-12-13 01:29:43,657 INFO: FILTER RESULT: 47 -> 47 records [d:\AivellumPro\zReport5\app.py:428]
2025-12-13 01:34:43,379 INFO: FILTER RESULT: 47 -> 47 records [d:\AivellumPro\zReport5\app.py:428]
2025-12-13 01:34:43,401 INFO: FILTER RESULT: 47 -> 47 records [d:\AivellumPro\zReport5\app.py:428]
2025-12-13 01:34:43,403 INFO: FILTER RESULT: 47 -> 47 records [d:\AivellumPro\zReport5\app.py:428]
2025-12-13 01:34:43,403 INFO: FILTER RESULT: 47 -> 47 records [d:\AivellumPro\zReport5\app.py:428]
2025-12-13 01:39:43,448 INFO: FILTER RESULT: 47 -> 47 records [d:\AivellumPro\zReport5\app.py:428]
2025-12-13 01:39:43,524 INFO: FILTER RESULT: 47 -> 47 records [d:\AivellumPro\zReport5\app.py:428]
2025-12-13 01:39:43,538 INFO: FILTER RESULT: 47 -> 47 records [d:\AivellumPro\zReport5\app.py:428]
2025-12-13 01:39:43,543 INFO: FILTER RESULT: 47 -> 47 records [d:\AivellumPro\zReport5\app.py:428]
2025-12-13 01:44:43,591 INFO: FILTER RESULT: 47 -> 47 records [d:\AivellumPro\zReport5\app.py:428]
2025-12-13 01:44:43,753 INFO: FILTER RESULT: 47 -> 47 records [d:\AivellumPro\zReport5\app.py:428]
2025-12-13 01:44:43,800 INFO: FILTER RESULT: 47 -> 47 records [d:\AivellumPro\zReport5\app.py:428]
2025-12-13 01:44:43,810 INFO: FILTER RESULT: 47 -> 47 records [d:\AivellumPro\zReport5\app.py:428]
2025-12-13 01:49:43,371 INFO: FILTER RESULT: 47 -> 47 records [d:\AivellumPro\zReport5\app.py:428]
2025-12-13 01:49:43,392 INFO: FILTER RESULT: 47 -> 47 records [d:\AivellumPro\zReport5\app.py:428]
2025-12-13 01:49:43,395 INFO: FILTER RESULT: 47 -> 47 records [d:\AivellumPro\zReport5\app.py:428]
2025-12-13 01:49:43,403 INFO: FILTER RESULT: 47 -> 47 records [d:\AivellumPro\zReport5\app.py:428]
2025-12-13 01:54:43,643 INFO: FILTER RESULT: 47 -> 47 records [d:\AivellumPro\zReport5\app.py:428]
2025-12-13 01:54:43,814 INFO: FILTER RESULT: 47 -> 47 records [d:\AivellumPro\zReport5\app.py:428]
2025-12-13 01:54:43,817 INFO: FILTER RESULT: 47 -> 47 records [d:\AivellumPro\zReport5\app.py:428]
2025-12-13 01:54:43,820 INFO: FILTER RESULT: 47 -> 47 records [d:\AivellumPro\zReport5\app.py:428]
2025-12-13 01:59:43,665 INFO: FILTER RESULT: 47 -> 47 records [d:\AivellumPro\zReport5\app.py:428]
2025-12-13 01:59:43,840 INFO: FILTER RESULT: 47 -> 47 records [d:\AivellumPro\zReport5\app.py:428]
2025-12-13 01:59:43,842 INFO: FILTER RESULT: 47 -> 47 records [d:\AivellumPro\zReport5\app.py:428]
2025-12-13 01:59:43,929 INFO: FILTER RESULT: 47 -> 47 records [d:\AivellumPro\zReport5\app.py:428]
2025-12-13 02:04:43,542 INFO: FILTER RESULT: 47 -> 47 records [d:\AivellumPro\zReport5\app.py:428]
2025-12-13 02:04:43,647 INFO: FILTER RESULT: 47 -> 47 records [d:\AivellumPro\zReport5\app.py:428]
2025-12-13 02:04:43,651 INFO: FILTER RESULT: 47 -> 47 records [d:\AivellumPro\zReport5\app.py:428]
2025-12-13 02:04:43,677 INFO: FILTER RESULT: 47 -> 47 records [d:\AivellumPro\zReport5\app.py:428]
2025-12-13 02:09:43,373 INFO: FILTER RESULT: 47 -> 47 records [d:\AivellumPro\zReport5\app.py:428]
2025-12-13 02:09:43,396 INFO: FILTER RESULT: 47 -> 47 records [d:\AivellumPro\zReport5\app.py:428]
2025-12-13 02:09:43,410 INFO: FILTER RESULT: 47 -> 47 records [d:\AivellumPro\zReport5\app.py:428]
2025-12-13 02:09:43,419 INFO: FILTER RESULT: 47 -> 47 records [d:\AivellumPro\zReport5\app.py:428]
2025-12-17 09:45:00,172 INFO: FILTER RESULT: 47 -> 47 records [d:\AivellumPro\zReport5\app.py:428]
2025-12-17 09:45:00,176 INFO: FILTER RESULT: 47 -> 47 records [d:\AivellumPro\zReport5\app.py:428]
2025-12-17 09:45:00,179 INFO: FILTER RESULT: 47 -> 47 records [d:\AivellumPro\zReport5\app.py:428]
2025-12-17 09:45:00,182 INFO: FILTER RESULT: 47 -> 47 records [d:\AivellumPro\zReport5\app.py:428]
2025-12-17 09:45:21,723 INFO: FILTER RESULT: 47 -> 47 records [d:\AivellumPro\zReport5\app.py:428]
2025-12-17 09:45:22,726 INFO: FILTER RESULT: 47 -> 47 records [d:\AivellumPro\zReport5\app.py:428]
2025-12-17 09:45:23,818 INFO: FILTER RESULT: 47 -> 47 records [d:\AivellumPro\zReport5\app.py:428]
2025-12-17 09:45:32,408 INFO: FILTER RESULT: 47 -> 47 records [d:\AivellumPro\zReport5\app.py:428]
2025-12-17 09:53:33,908 INFO: FILTER RESULT: 47 -> 47 records [d:\AivellumPro\zReport5\app.py:428]
2025-12-17 09:53:34,691 INFO: FILTER RESULT: 47 -> 47 records [d:\AivellumPro\zReport5\app.py:428]
2025-12-17 09:53:34,693 INFO: FILTER RESULT: 47 -> 47 records [d:\AivellumPro\zReport5\app.py:428]
2025-12-17 09:53:34,698 INFO: FILTER RESULT: 47 -> 47 records [d:\AivellumPro\zReport5\app.py:428]
2025-12-17 11:30:29,790 INFO: FILTER RESULT: 47 -> 47 records [d:\AivellumPro\zReport5\app.py:428]
2025-12-17 11:30:29,813 INFO: FILTER RESULT: 47 -> 47 records [d:\AivellumPro\zReport5\app.py:428]
2025-12-17 11:30:29,823 INFO: FILTER RESULT: 47 -> 47 records [d:\AivellumPro\zReport5\app.py:428]
2025-12-17 11:30:29,834 INFO: FILTER RESULT: 47 -> 47 records [d:\AivellumPro\zReport5\app.py:428]
2025-12-17 11:40:25,053 INFO: Loaded 48 raw records [d:\AivellumPro\zReport5\app.py:282]
2025-12-17 11:40:25,089 INFO: After date filtering: 48 records [d:\AivellumPro\zReport5\app.py:294]
2025-12-17 11:40:25,132 INFO: Using Country column from data [d:\AivellumPro\zReport5\app.py:328]
2025-12-17 11:40:25,138 INFO: Processing complete: 48 records [d:\AivellumPro\zReport5\app.py:345]
2025-12-17 11:40:25,141 INFO: Countries: 19 unique [d:\AivellumPro\zReport5\app.py:346]
2025-12-17 11:40:25,142 INFO: Data loaded successfully: 48 records [d:\AivellumPro\zReport5\app.py:385]
2025-12-17 11:40:28,444 INFO: FILTER RESULT: 48 -> 48 records [d:\AivellumPro\zReport5\app.py:428]
2025-12-17 11:40:28,448 INFO: FILTER RESULT: 48 -> 48 records [d:\AivellumPro\zReport5\app.py:428]
2025-12-17 11:40:28,498 INFO: FILTER RESULT: 48 -> 48 records [d:\AivellumPro\zReport5\app.py:428]
2025-12-17 11:40:28,500 INFO: FILTER RESULT: 48 -> 48 records [d:\AivellumPro\zReport5\app.py:428]
2025-12-17 11:40:34,262 INFO: Start date 2025-12-16: 0 records [d:\AivellumPro\zReport5\app.py:411]
2025-12-17 11:40:34,264 INFO: End date 2025-12-17: 0 records [d:\AivellumPro\zReport5\app.py:416]
2025-12-17 11:40:34,266 INFO: FILTER RESULT: 48 -> 0 records [d:\AivellumPro\zReport5\app.py:428]
2025-12-17 11:40:34,290 INFO: Start date 2025-12-16: 0 records [d:\AivellumPro\zReport5\app.py:411]
2025-12-17 11:40:34,297 INFO: End date 2025-12-17: 0 records [d:\AivellumPro\zReport5\app.py:416]
2025-12-17 11:40:34,301 INFO: Start date 2025-12-16: 0 records [d:\AivellumPro\zReport5\app.py:411]
2025-12-17 11:40:34,306 INFO: Start date 2025-12-16: 0 records [d:\AivellumPro\zReport5\app.py:411]
2025-12-17 11:40:34,308 INFO: FILTER RESULT: 48 -> 0 records [d:\AivellumPro\zReport5\app.py:428]
2025-12-17 11:40:34,312 INFO: End date 2025-12-17: 0 records [d:\AivellumPro\zReport5\app.py:416]
2025-12-17 11:40:34,316 INFO: End date 2025-12-17: 0 records [d:\AivellumPro\zReport5\app.py:416]
2025-12-17 11:40:34,321 INFO: FILTER RESULT: 48 -> 0 records [d:\AivellumPro\zReport5\app.py:428]
2025-12-17 11:40:34,323 INFO: FILTER RESULT: 48 -> 0 records [d:\AivellumPro\zReport5\app.py:428]
2025-12-17 11:40:36,590 INFO: Start date 2025-12-10: 2 records [d:\AivellumPro\zReport5\app.py:411]
2025-12-17 11:40:36,593 INFO: End date 2025-12-17: 2 records [d:\AivellumPro\zReport5\app.py:416]
2025-12-17 11:40:36,595 INFO: FILTER RESULT: 48 -> 2 records [d:\AivellumPro\zReport5\app.py:428]
2025-12-17 11:40:36,631 INFO: Start date 2025-12-10: 2 records [d:\AivellumPro\zReport5\app.py:411]
2025-12-17 11:40:36,641 INFO: Start date 2025-12-10: 2 records [d:\AivellumPro\zReport5\app.py:411]
2025-12-17 11:40:36,644 INFO: Start date 2025-12-10: 2 records [d:\AivellumPro\zReport5\app.py:411]
2025-12-17 11:40:36,647 INFO: End date 2025-12-17: 2 records [d:\AivellumPro\zReport5\app.py:416]
2025-12-17 11:40:36,650 INFO: End date 2025-12-17: 2 records [d:\AivellumPro\zReport5\app.py:416]
2025-12-17 11:40:36,653 INFO: End date 2025-12-17: 2 records [d:\AivellumPro\zReport5\app.py:416]
2025-12-17 11:40:36,653 INFO: FILTER RESULT: 48 -> 2 records [d:\AivellumPro\zReport5\app.py:428]
2025-12-17 11:40:36,655 INFO: FILTER RESULT: 48 -> 2 records [d:\AivellumPro\zReport5\app.py:428]
2025-12-17 11:40:36,656 INFO: FILTER RESULT: 48 -> 2 records [d:\AivellumPro\zReport5\app.py:428]
2025-12-17 11:40:45,649 INFO: FILTER RESULT: 48 -> 48 records [d:\AivellumPro\zReport5\app.py:428]
2025-12-17 11:40:45,656 INFO: FILTER RESULT: 48 -> 48 records [d:\AivellumPro\zReport5\app.py:428]
2025-12-17 11:40:45,690 INFO: FILTER RESULT: 48 -> 48 records [d:\AivellumPro\zReport5\app.py:428]
2025-12-17 11:40:45,691 INFO: FILTER RESULT: 48 -> 48 records [d:\AivellumPro\zReport5\app.py:428]
2025-12-17 11:58:27,019 ERROR: Add entry error: [Errno 13] Permission denied: 'Aivellum_Sales.xlsx' [d:\AivellumPro\zReport5\app.py:989]
2025-12-17 11:58:33,057 INFO: Loaded 49 raw records [d:\AivellumPro\zReport5\app.py:282]
2025-12-17 11:58:33,077 INFO: After date filtering: 49 records [d:\AivellumPro\zReport5\app.py:294]
2025-12-17 11:58:33,095 INFO: Using Country column from data [d:\AivellumPro\zReport5\app.py:328]
2025-12-17 11:58:33,098 INFO: Processing complete: 49 records [d:\AivellumPro\zReport5\app.py:345]
2025-12-17 11:58:33,100 INFO: Countries: 19 unique [d:\AivellumPro\zReport5\app.py:346]
2025-12-17 11:58:33,101 INFO: Data loaded successfully: 49 records [d:\AivellumPro\zReport5\app.py:385]
2025-12-17 11:58:36,386 INFO: FILTER RESULT: 49 -> 49 records [d:\AivellumPro\zReport5\app.py:428]
2025-12-17 11:58:36,389 INFO: FILTER RESULT: 49 -> 49 records [d:\AivellumPro\zReport5\app.py:428]
2025-12-17 11:58:36,399 INFO: FILTER RESULT: 49 -> 49 records [d:\AivellumPro\zReport5\app.py:428]
2025-12-17 11:58:36,440 INFO: FILTER RESULT: 49 -> 49 records [d:\AivellumPro\zReport5\app.py:428]
2025-12-17 12:00:01,510 INFO: FILTER RESULT: 49 -> 49 records [d:\AivellumPro\zReport5\app.py:428]
2025-12-17 12:00:01,514 INFO: FILTER RESULT: 49 -> 49 records [d:\AivellumPro\zReport5\app.py:428]
2025-12-17 12:00:01,526 INFO: FILTER RESULT: 49 -> 49 records [d:\AivellumPro\zReport5\app.py:428]
2025-12-17 12:00:01,528 INFO: FILTER RESULT: 49 -> 49 records [d:\AivellumPro\zReport5\app.py:428]
2025-12-17 12:00:19,268 INFO: Loaded 49 raw records [d:\AivellumPro\zReport5\app.py:282]
2025-12-17 12:00:19,275 INFO: After date filtering: 49 records [d:\AivellumPro\zReport5\app.py:294]
2025-12-17 12:00:19,283 INFO: Using Country column from data [d:\AivellumPro\zReport5\app.py:328]
2025-12-17 12:00:19,287 INFO: Processing complete: 49 records [d:\AivellumPro\zReport5\app.py:345]
2025-12-17 12:00:19,287 INFO: Countries: 19 unique [d:\AivellumPro\zReport5\app.py:346]
2025-12-17 12:00:19,288 INFO: Data loaded successfully: 49 records [d:\AivellumPro\zReport5\app.py:385]
2025-12-17 12:02:17,898 INFO: FILTER RESULT: 49 -> 49 records [d:\AivellumPro\zReport5\app.py:428]
2025-12-17 12:02:17,901 INFO: FILTER RESULT: 49 -> 49 records [d:\AivellumPro\zReport5\app.py:428]
2025-12-17 12:02:17,918 INFO: FILTER RESULT: 49 -> 49 records [d:\AivellumPro\zReport5\app.py:428]
2025-12-17 12:02:17,944 INFO: FILTER RESULT: 49 -> 49 records [d:\AivellumPro\zReport5\app.py:428]
2025-12-17 12:06:38,615 INFO: FILTER RESULT: 49 -> 49 records [d:\AivellumPro\zReport5\app.py:428]
2025-12-17 12:06:38,629 INFO: FILTER RESULT: 49 -> 49 records [d:\AivellumPro\zReport5\app.py:428]
2025-12-17 12:06:38,633 INFO: FILTER RESULT: 49 -> 49 records [d:\AivellumPro\zReport5\app.py:428]
2025-12-17 12:06:38,646 INFO: FILTER RESULT: 49 -> 49 records [d:\AivellumPro\zReport5\app.py:428]
2025-12-17 12:12:03,237 INFO: Loaded 50 raw records [d:\AivellumPro\zReport5\app.py:282]
2025-12-17 12:12:03,246 INFO: After date filtering: 50 records [d:\AivellumPro\zReport5\app.py:294]
2025-12-17 12:12:03,259 INFO: Using Country column from data [d:\AivellumPro\zReport5\app.py:328]
2025-12-17 12:12:03,263 INFO: Processing complete: 50 records [d:\AivellumPro\zReport5\app.py:345]
2025-12-17 12:12:03,265 INFO: Countries: 19 unique [d:\AivellumPro\zReport5\app.py:346]
2025-12-17 12:12:03,266 INFO: Data loaded successfully: 50 records [d:\AivellumPro\zReport5\app.py:385]
2025-12-17 12:12:06,487 INFO: FILTER RESULT: 50 -> 50 records [d:\AivellumPro\zReport5\app.py:428]
2025-12-17 12:12:06,506 INFO: FILTER RESULT: 50 -> 50 records [d:\AivellumPro\zReport5\app.py:428]
2025-12-17 12:12:06,507 INFO: FILTER RESULT: 50 -> 50 records [d:\AivellumPro\zReport5\app.py:428]
2025-12-17 12:12:06,508 INFO: FILTER RESULT: 50 -> 50 records [d:\AivellumPro\zReport5\app.py:428]
2025-12-17 12:14:35,106 INFO: Loaded 51 raw records [d:\AivellumPro\zReport5\app.py:282]
2025-12-17 12:14:35,116 INFO: After date filtering: 51 records [d:\AivellumPro\zReport5\app.py:294]
2025-12-17 12:14:35,128 INFO: Using Country column from data [d:\AivellumPro\zReport5\app.py:328]
2025-12-17 12:14:35,131 INFO: Processing complete: 51 records [d:\AivellumPro\zReport5\app.py:345]
2025-12-17 12:14:35,133 INFO: Countries: 19 unique [d:\AivellumPro\zReport5\app.py:346]
2025-12-17 12:14:35,134 INFO: Data loaded successfully: 51 records [d:\AivellumPro\zReport5\app.py:385]
2025-12-17 12:14:38,370 INFO: FILTER RESULT: 51 -> 51 records [d:\AivellumPro\zReport5\app.py:428]
2025-12-17 12:14:38,370 INFO: FILTER RESULT: 51 -> 51 records [d:\AivellumPro\zReport5\app.py:428]
2025-12-17 12:14:38,399 INFO: FILTER RESULT: 51 -> 51 records [d:\AivellumPro\zReport5\app.py:428]
2025-12-17 12:14:38,400 INFO: FILTER RESULT: 51 -> 51 records [d:\AivellumPro\zReport5\app.py:428]
2025-12-17 12:14:47,191 INFO: FILTER RESULT: 51 -> 51 records [d:\AivellumPro\zReport5\app.py:428]
2025-12-17 12:14:47,209 INFO: FILTER RESULT: 51 -> 51 records [d:\AivellumPro\zReport5\app.py:428]
2025-12-17 12:14:47,210 INFO: FILTER RESULT: 51 -> 51 records [d:\AivellumPro\zReport5\app.py:428]
2025-12-17 12:14:47,210 INFO: FILTER RESULT: 51 -> 51 records [d:\AivellumPro\zReport5\app.py:428]
2025-12-17 12:14:53,158 INFO: FILTER RESULT: 51 -> 51 records [d:\AivellumPro\zReport5\app.py:428]
2025-12-17 12:14:55,692 INFO: FILTER RESULT: 51 -> 51 records [d:\AivellumPro\zReport5\app.py:428]
2025-12-17 12:14:56,413 INFO: FILTER RESULT: 51 -> 51 records [d:\AivellumPro\zReport5\app.py:428]
2025-12-17 12:14:56,819 INFO: FILTER RESULT: 51 -> 51 records [d:\AivellumPro\zReport5\app.py:428]
2025-12-17 12:14:57,604 INFO: FILTER RESULT: 51 -> 51 records [d:\AivellumPro\zReport5\app.py:428]
2025-12-17 12:15:28,264 INFO: Start date 2025-12-16: 2 records [d:\AivellumPro\zReport5\app.py:411]
2025-12-17 12:15:28,268 INFO: End date 2025-12-17: 2 records [d:\AivellumPro\zReport5\app.py:416]
2025-12-17 12:15:28,270 INFO: FILTER RESULT: 51 -> 2 records [d:\AivellumPro\zReport5\app.py:428]
2025-12-17 12:15:28,299 INFO: Start date 2025-12-16: 2 records [d:\AivellumPro\zReport5\app.py:411]
2025-12-17 12:15:28,301 INFO: Start date 2025-12-16: 2 records [d:\AivellumPro\zReport5\app.py:411]
2025-12-17 12:15:28,304 INFO: Start date 2025-12-16: 2 records [d:\AivellumPro\zReport5\app.py:411]
2025-12-17 12:15:28,307 INFO: End date 2025-12-17: 2 records [d:\AivellumPro\zReport5\app.py:416]
2025-12-17 12:15:28,309 INFO: End date 2025-12-17: 2 records [d:\AivellumPro\zReport5\app.py:416]
2025-12-17 12:15:28,312 INFO: End date 2025-12-17: 2 records [d:\AivellumPro\zReport5\app.py:416]
2025-12-17 12:15:28,313 INFO: FILTER RESULT: 51 -> 2 records [d:\AivellumPro\zReport5\app.py:428]
2025-12-17 12:15:28,314 INFO: FILTER RESULT: 51 -> 2 records [d:\AivellumPro\zReport5\app.py:428]
2025-12-17 12:15:28,315 INFO: FILTER RESULT: 51 -> 2 records [d:\AivellumPro\zReport5\app.py:428]
2025-12-17 12:15:34,280 INFO: Start date 2025-12-10: 5 records [d:\AivellumPro\zReport5\app.py:411]
2025-12-17 12:15:34,283 INFO: End date 2025-12-17: 5 records [d:\AivellumPro\zReport5\app.py:416]
2025-12-17 12:15:34,285 INFO: FILTER RESULT: 51 -> 5 records [d:\AivellumPro\zReport5\app.py:428]
2025-12-17 12:15:34,314 INFO: Start date 2025-12-10: 5 records [d:\AivellumPro\zReport5\app.py:411]
2025-12-17 12:15:34,321 INFO: Start date 2025-12-10: 5 records [d:\AivellumPro\zReport5\app.py:411]
2025-12-17 12:15:34,324 INFO: End date 2025-12-17: 5 records [d:\AivellumPro\zReport5\app.py:416]
2025-12-17 12:15:34,329 INFO: Start date 2025-12-10: 5 records [d:\AivellumPro\zReport5\app.py:411]
2025-12-17 12:15:34,332 INFO: End date 2025-12-17: 5 records [d:\AivellumPro\zReport5\app.py:416]
2025-12-17 12:15:34,334 INFO: FILTER RESULT: 51 -> 5 records [d:\AivellumPro\zReport5\app.py:428]
2025-12-17 12:15:34,338 INFO: End date 2025-12-17: 5 records [d:\AivellumPro\zReport5\app.py:416]
2025-12-17 12:15:34,339 INFO: FILTER RESULT: 51 -> 5 records [d:\AivellumPro\zReport5\app.py:428]
2025-12-17 12:15:34,351 INFO: FILTER RESULT: 51 -> 5 records [d:\AivellumPro\zReport5\app.py:428]
2025-12-17 12:15:44,253 INFO: FILTER RESULT: 51 -> 51 records [d:\AivellumPro\zReport5\app.py:428]
2025-12-17 12:15:44,255 INFO: FILTER RESULT: 51 -> 51 records [d:\AivellumPro\zReport5\app.py:428]
2025-12-17 12:15:44,271 INFO: FILTER RESULT: 51 -> 51 records [d:\AivellumPro\zReport5\app.py:428]
2025-12-17 12:15:44,273 INFO: FILTER RESULT: 51 -> 51 records [d:\AivellumPro\zReport5\app.py:428]
2025-12-17 12:15:45,962 INFO: FILTER RESULT: 51 -> 51 records [d:\AivellumPro\zReport5\app.py:428]
2025-12-17 12:16:03,078 INFO: FILTER RESULT: 51 -> 51 records [d:\AivellumPro\zReport5\app.py:428]
2025-12-17 12:16:03,706 INFO: FILTER RESULT: 51 -> 51 records [d:\AivellumPro\zReport5\app.py:428]
2025-12-17 12:16:04,205 INFO: FILTER RESULT: 51 -> 51 records [d:\AivellumPro\zReport5\app.py:428]
2025-12-17 12:16:04,760 INFO: FILTER RESULT: 51 -> 51 records [d:\AivellumPro\zReport5\app.py:428]
2025-12-17 12:41:35,695 INFO: FILTER RESULT: 51 -> 51 records [d:\AivellumPro\zReport5\app.py:428]
2025-12-17 12:41:35,719 INFO: FILTER RESULT: 51 -> 51 records [d:\AivellumPro\zReport5\app.py:428]
2025-12-17 12:41:35,735 INFO: FILTER RESULT: 51 -> 51 records [d:\AivellumPro\zReport5\app.py:428]
2025-12-17 12:41:35,891 INFO: FILTER RESULT: 51 -> 51 records [d:\AivellumPro\zReport5\app.py:428]
2025-12-17 12:42:58,961 INFO: FILTER RESULT: 51 -> 51 records [d:\AivellumPro\zReport5\app.py:428]
2025-12-17 12:42:58,963 INFO: FILTER RESULT: 51 -> 51 records [d:\AivellumPro\zReport5\app.py:428]
2025-12-17 12:42:58,973 INFO: FILTER RESULT: 51 -> 51 records [d:\AivellumPro\zReport5\app.py:428]
2025-12-17 12:42:58,983 INFO: FILTER RESULT: 51 -> 51 records [d:\AivellumPro\zReport5\app.py:428]
2025-12-17 12:58:47,255 INFO: FILTER RESULT: 51 -> 51 records [d:\AivellumPro\zReport5\app.py:428]
2025-12-17 12:58:47,262 INFO: FILTER RESULT: 51 -> 51 records [d:\AivellumPro\zReport5\app.py:428]
2025-12-17 12:58:47,274 INFO: FILTER RESULT: 51 -> 51 records [d:\AivellumPro\zReport5\app.py:428]
2025-12-17 12:58:47,278 INFO: FILTER RESULT: 51 -> 51 records [d:\AivellumPro\zReport5\app.py:428]
2025-12-17 12:58:53,764 INFO: FILTER RESULT: 51 -> 51 records [d:\AivellumPro\zReport5\app.py:428]
2025-12-17 12:58:53,768 INFO: FILTER RESULT: 51 -> 51 records [d:\AivellumPro\zReport5\app.py:428]
2025-12-17 12:58:53,779 INFO: FILTER RESULT: 51 -> 51 records [d:\AivellumPro\zReport5\app.py:428]
2025-12-17 12:58:53,794 INFO: FILTER RESULT: 51 -> 51 records [d:\AivellumPro\zReport5\app.py:428]
2025-12-17 12:59:41,508 INFO: FILTER RESULT: 51 -> 51 records [d:\AivellumPro\zReport5\app.py:428]
2025-12-17 12:59:43,333 INFO: FILTER RESULT: 51 -> 51 records [d:\AivellumPro\zReport5\app.py:428]
2025-12-17 12:59:43,354 INFO: FILTER RESULT: 51 -> 51 records [d:\AivellumPro\zReport5\app.py:428]
2025-12-17 12:59:43,367 INFO: FILTER RESULT: 51 -> 51 records [d:\AivellumPro\zReport5\app.py:428]
2025-12-17 12:59:43,377 INFO: FILTER RESULT: 51 -> 51 records [d:\AivellumPro\zReport5\app.py:428]
2025-12-19 01:39:01,461 INFO: Loaded 51 raw records [d:\AivellumPro\zReport5\app.py:282]
2025-12-19 01:39:01,489 INFO: After date filtering: 51 records [d:\AivellumPro\zReport5\app.py:294]
2025-12-19 01:39:01,520 INFO: Using Country column from data [d:\AivellumPro\zReport5\app.py:328]
2025-12-19 01:39:01,528 INFO: Processing complete: 51 records [d:\AivellumPro\zReport5\app.py:345]
2025-12-19 01:39:01,531 INFO: Countries: 19 unique [d:\AivellumPro\zReport5\app.py:346]
2025-12-19 01:39:01,533 INFO: Data loaded successfully: 51 records [d:\AivellumPro\zReport5\app.py:385]
2025-12-19 01:41:01,200 INFO: FILTER RESULT: 51 -> 51 records [d:\AivellumPro\zReport5\app.py:428]
2025-12-19 01:41:01,201 INFO: FILTER RESULT: 51 -> 51 records [d:\AivellumPro\zReport5\app.py:428]
2025-12-19 01:41:01,202 INFO: FILTER RESULT: 51 -> 51 records [d:\AivellumPro\zReport5\app.py:428]
2025-12-19 01:41:01,205 INFO: FILTER RESULT: 51 -> 51 records [d:\AivellumPro\zReport5\app.py:428]
2025-12-19 01:41:08,491 INFO: Start date 2025-12-17: 0 records [d:\AivellumPro\zReport5\app.py:411]
2025-12-19 01:41:08,494 INFO: End date 2025-12-18: 0 records [d:\AivellumPro\zReport5\app.py:416]
2025-12-19 01:41:08,495 INFO: FILTER RESULT: 51 -> 0 records [d:\AivellumPro\zReport5\app.py:428]
2025-12-19 01:41:08,521 INFO: Start date 2025-12-17: 0 records [d:\AivellumPro\zReport5\app.py:411]
2025-12-19 01:41:08,531 INFO: Start date 2025-12-17: 0 records [d:\AivellumPro\zReport5\app.py:411]
2025-12-19 01:41:08,532 INFO: Start date 2025-12-17: 0 records [d:\AivellumPro\zReport5\app.py:411]
2025-12-19 01:41:08,534 INFO: End date 2025-12-18: 0 records [d:\AivellumPro\zReport5\app.py:416]
2025-12-19 01:41:08,537 INFO: End date 2025-12-18: 0 records [d:\AivellumPro\zReport5\app.py:416]
2025-12-19 01:41:08,539 INFO: End date 2025-12-18: 0 records [d:\AivellumPro\zReport5\app.py:416]
2025-12-19 01:41:08,540 INFO: FILTER RESULT: 51 -> 0 records [d:\AivellumPro\zReport5\app.py:428]
2025-12-19 01:41:08,542 INFO: FILTER RESULT: 51 -> 0 records [d:\AivellumPro\zReport5\app.py:428]
2025-12-19 01:41:08,543 INFO: FILTER RESULT: 51 -> 0 records [d:\AivellumPro\zReport5\app.py:428]
2025-12-19 01:41:11,968 INFO: Start date 2025-12-11: 4 records [d:\AivellumPro\zReport5\app.py:411]
2025-12-19 01:41:11,971 INFO: End date 2025-12-18: 4 records [d:\AivellumPro\zReport5\app.py:416]
2025-12-19 01:41:11,972 INFO: FILTER RESULT: 51 -> 4 records [d:\AivellumPro\zReport5\app.py:428]
2025-12-19 01:41:11,998 INFO: Start date 2025-12-11: 4 records [d:\AivellumPro\zReport5\app.py:411]
2025-12-19 01:41:12,004 INFO: Start date 2025-12-11: 4 records [d:\AivellumPro\zReport5\app.py:411]
2025-12-19 01:41:12,013 INFO: Start date 2025-12-11: 4 records [d:\AivellumPro\zReport5\app.py:411]
2025-12-19 01:41:12,013 INFO: End date 2025-12-18: 4 records [d:\AivellumPro\zReport5\app.py:416]
2025-12-19 01:41:12,017 INFO: End date 2025-12-18: 4 records [d:\AivellumPro\zReport5\app.py:416]
2025-12-19 01:41:12,020 INFO: End date 2025-12-18: 4 records [d:\AivellumPro\zReport5\app.py:416]
2025-12-19 01:41:12,021 INFO: FILTER RESULT: 51 -> 4 records [d:\AivellumPro\zReport5\app.py:428]
2025-12-19 01:41:12,023 INFO: FILTER RESULT: 51 -> 4 records [d:\AivellumPro\zReport5\app.py:428]
2025-12-19 01:41:12,025 INFO: FILTER RESULT: 51 -> 4 records [d:\AivellumPro\zReport5\app.py:428]
2025-12-19 01:41:16,874 INFO: Start date 2025-11-18: 15 records [d:\AivellumPro\zReport5\app.py:411]
2025-12-19 01:41:16,878 INFO: End date 2025-12-18: 15 records [d:\AivellumPro\zReport5\app.py:416]
2025-12-19 01:41:16,880 INFO: FILTER RESULT: 51 -> 15 records [d:\AivellumPro\zReport5\app.py:428]
2025-12-19 01:41:16,903 INFO: Start date 2025-11-18: 15 records [d:\AivellumPro\zReport5\app.py:411]
2025-12-19 01:41:16,909 INFO: End date 2025-12-18: 15 records [d:\AivellumPro\zReport5\app.py:416]
2025-12-19 01:41:16,913 INFO: Start date 2025-11-18: 15 records [d:\AivellumPro\zReport5\app.py:411]
2025-12-19 01:41:16,913 INFO: FILTER RESULT: 51 -> 15 records [d:\AivellumPro\zReport5\app.py:428]
2025-12-19 01:41:16,917 INFO: Start date 2025-11-18: 15 records [d:\AivellumPro\zReport5\app.py:411]
2025-12-19 01:41:16,920 INFO: End date 2025-12-18: 15 records [d:\AivellumPro\zReport5\app.py:416]
2025-12-19 01:41:16,937 INFO: End date 2025-12-18: 15 records [d:\AivellumPro\zReport5\app.py:416]
2025-12-19 01:41:16,938 INFO: FILTER RESULT: 51 -> 15 records [d:\AivellumPro\zReport5\app.py:428]
2025-12-19 01:41:16,941 INFO: FILTER RESULT: 51 -> 15 records [d:\AivellumPro\zReport5\app.py:428]
2025-12-19 01:41:27,312 INFO: Start date 2025-11-18: 15 records [d:\AivellumPro\zReport5\app.py:411]
2025-12-19 01:41:27,315 INFO: End date 2025-12-18: 15 records [d:\AivellumPro\zReport5\app.py:416]
2025-12-19 01:41:27,316 INFO: FILTER RESULT: 51 -> 15 records [d:\AivellumPro\zReport5\app.py:428]
2025-12-19 01:41:27,344 INFO: Start date 2025-11-18: 15 records [d:\AivellumPro\zReport5\app.py:411]
2025-12-19 01:41:27,352 INFO: Start date 2025-11-18: 15 records [d:\AivellumPro\zReport5\app.py:411]
2025-12-19 01:41:27,356 INFO: End date 2025-12-18: 15 records [d:\AivellumPro\zReport5\app.py:416]
2025-12-19 01:41:27,360 INFO: Start date 2025-11-18: 15 records [d:\AivellumPro\zReport5\app.py:411]
2025-12-19 01:41:27,365 INFO: End date 2025-12-18: 15 records [d:\AivellumPro\zReport5\app.py:416]
2025-12-19 01:41:27,367 INFO: FILTER RESULT: 51 -> 15 records [d:\AivellumPro\zReport5\app.py:428]
2025-12-19 01:41:27,371 INFO: End date 2025-12-18: 15 records [d:\AivellumPro\zReport5\app.py:416]
2025-12-19 01:41:27,373 INFO: FILTER RESULT: 51 -> 15 records [d:\AivellumPro\zReport5\app.py:428]
2025-12-19 01:41:27,393 INFO: FILTER RESULT: 51 -> 15 records [d:\AivellumPro\zReport5\app.py:428]
2025-12-19 01:41:31,818 INFO: Start date 2025-11-30: 10 records [d:\AivellumPro\zReport5\app.py:411]
2025-12-19 01:41:31,821 INFO: End date 2025-12-18: 10 records [d:\AivellumPro\zReport5\app.py:416]
2025-12-19 01:41:31,823 INFO: FILTER RESULT: 51 -> 10 records [d:\AivellumPro\zReport5\app.py:428]
2025-12-19 01:41:31,845 INFO: Start date 2025-11-30: 10 records [d:\AivellumPro\zReport5\app.py:411]
2025-12-19 01:41:31,851 INFO: Start date 2025-11-30: 10 records [d:\AivellumPro\zReport5\app.py:411]
2025-12-19 01:41:31,858 INFO: Start date 2025-11-30: 10 records [d:\AivellumPro\zReport5\app.py:411]
2025-12-19 01:41:31,858 INFO: End date 2025-12-18: 10 records [d:\AivellumPro\zReport5\app.py:416]
2025-12-19 01:41:31,860 INFO: End date 2025-12-18: 10 records [d:\AivellumPro\zReport5\app.py:416]
2025-12-19 01:41:31,863 INFO: End date 2025-12-18: 10 records [d:\AivellumPro\zReport5\app.py:416]
2025-12-19 01:41:31,864 INFO: FILTER RESULT: 51 -> 10 records [d:\AivellumPro\zReport5\app.py:428]
2025-12-19 01:41:31,865 INFO: FILTER RESULT: 51 -> 10 records [d:\AivellumPro\zReport5\app.py:428]
2025-12-19 01:41:31,866 INFO: FILTER RESULT: 51 -> 10 records [d:\AivellumPro\zReport5\app.py:428]
2025-12-19 01:41:38,843 INFO: Start date 2025-10-31: 21 records [d:\AivellumPro\zReport5\app.py:411]
2025-12-19 01:41:38,847 INFO: End date 2025-11-29: 11 records [d:\AivellumPro\zReport5\app.py:416]
2025-12-19 01:41:38,849 INFO: FILTER RESULT: 51 -> 11 records [d:\AivellumPro\zReport5\app.py:428]
2025-12-19 01:41:38,880 INFO: Start date 2025-10-31: 21 records [d:\AivellumPro\zReport5\app.py:411]
2025-12-19 01:41:38,889 INFO: Start date 2025-10-31: 21 records [d:\AivellumPro\zReport5\app.py:411]
2025-12-19 01:41:38,894 INFO: Start date 2025-10-31: 21 records [d:\AivellumPro\zReport5\app.py:411]
2025-12-19 01:41:38,898 INFO: End date 2025-11-29: 11 records [d:\AivellumPro\zReport5\app.py:416]
2025-12-19 01:41:38,905 INFO: End date 2025-11-29: 11 records [d:\AivellumPro\zReport5\app.py:416]
2025-12-19 01:41:38,909 INFO: End date 2025-11-29: 11 records [d:\AivellumPro\zReport5\app.py:416]
2025-12-19 01:41:38,911 INFO: FILTER RESULT: 51 -> 11 records [d:\AivellumPro\zReport5\app.py:428]
2025-12-19 01:41:38,912 INFO: FILTER RESULT: 51 -> 11 records [d:\AivellumPro\zReport5\app.py:428]
2025-12-19 01:41:38,914 INFO: FILTER RESULT: 51 -> 11 records [d:\AivellumPro\zReport5\app.py:428]
2025-12-19 01:41:42,105 INFO: Start date 2025-10-31: 21 records [d:\AivellumPro\zReport5\app.py:411]
2025-12-19 01:41:42,109 INFO: End date 2025-11-29: 11 records [d:\AivellumPro\zReport5\app.py:416]
2025-12-19 01:41:42,111 INFO: FILTER RESULT: 51 -> 11 records [d:\AivellumPro\zReport5\app.py:428]
2025-12-19 01:41:42,137 INFO: Start date 2025-10-31: 21 records [d:\AivellumPro\zReport5\app.py:411]
2025-12-19 01:41:42,144 INFO: Start date 2025-10-31: 21 records [d:\AivellumPro\zReport5\app.py:411]
2025-12-19 01:41:42,148 INFO: End date 2025-11-29: 11 records [d:\AivellumPro\zReport5\app.py:416]
2025-12-19 01:41:42,153 INFO: Start date 2025-10-31: 21 records [d:\AivellumPro\zReport5\app.py:411]
2025-12-19 01:41:42,156 INFO: End date 2025-11-29: 11 records [d:\AivellumPro\zReport5\app.py:416]
2025-12-19 01:41:42,158 INFO: FILTER RESULT: 51 -> 11 records [d:\AivellumPro\zReport5\app.py:428]
2025-12-19 01:41:42,163 INFO: End date 2025-11-29: 11 records [d:\AivellumPro\zReport5\app.py:416]
2025-12-19 01:41:42,165 INFO: FILTER RESULT: 51 -> 11 records [d:\AivellumPro\zReport5\app.py:428]
2025-12-19 01:41:42,182 INFO: FILTER RESULT: 51 -> 11 records [d:\AivellumPro\zReport5\app.py:428]
2025-12-19 01:41:46,320 INFO: FILTER RESULT: 51 -> 51 records [d:\AivellumPro\zReport5\app.py:428]
2025-12-19 01:41:46,355 INFO: FILTER RESULT: 51 -> 51 records [d:\AivellumPro\zReport5\app.py:428]
2025-12-19 01:41:46,355 INFO: FILTER RESULT: 51 -> 51 records [d:\AivellumPro\zReport5\app.py:428]
2025-12-19 01:41:46,359 INFO: FILTER RESULT: 51 -> 51 records [d:\AivellumPro\zReport5\app.py:428]
2025-12-19 01:41:51,801 INFO: FILTER RESULT: 51 -> 51 records [d:\AivellumPro\zReport5\app.py:428]
2025-12-19 01:41:51,832 INFO: FILTER RESULT: 51 -> 51 records [d:\AivellumPro\zReport5\app.py:428]
2025-12-19 01:41:51,836 INFO: FILTER RESULT: 51 -> 51 records [d:\AivellumPro\zReport5\app.py:428]
2025-12-19 01:41:51,838 INFO: FILTER RESULT: 51 -> 51 records [d:\AivellumPro\zReport5\app.py:428]
2025-12-19 18:28:08,133 INFO: Loaded 51 raw records [d:\AivellumPro\zReport5\app.py:282]
2025-12-19 18:28:08,161 INFO: After date filtering: 51 records [d:\AivellumPro\zReport5\app.py:294]
2025-12-19 18:28:08,183 INFO: Using Country column from data [d:\AivellumPro\zReport5\app.py:328]
2025-12-19 18:28:08,188 INFO: Processing complete: 51 records [d:\AivellumPro\zReport5\app.py:345]
2025-12-19 18:28:08,191 INFO: Countries: 19 unique [d:\AivellumPro\zReport5\app.py:346]
2025-12-19 18:28:08,192 INFO: Data loaded successfully: 51 records [d:\AivellumPro\zReport5\app.py:385]
2025-12-19 18:28:22,400 INFO: FILTER RESULT: 51 -> 51 records [d:\AivellumPro\zReport5\app.py:428]
2025-12-19 18:28:22,402 INFO: FILTER RESULT: 51 -> 51 records [d:\AivellumPro\zReport5\app.py:428]
2025-12-19 18:28:22,403 INFO: FILTER RESULT: 51 -> 51 records [d:\AivellumPro\zReport5\app.py:428]
2025-12-19 18:28:22,404 INFO: FILTER RESULT: 51 -> 51 records [d:\AivellumPro\zReport5\app.py:428]
2025-12-19 19:09:22,447 INFO: FILTER RESULT: 51 -> 51 records [d:\AivellumPro\zReport5\app.py:428]
2025-12-19 19:09:22,450 INFO: FILTER RESULT: 51 -> 51 records [d:\AivellumPro\zReport5\app.py:428]
2025-12-19 19:09:22,451 INFO: FILTER RESULT: 51 -> 51 records [d:\AivellumPro\zReport5\app.py:428]
2025-12-19 19:09:22,460 INFO: FILTER RESULT: 51 -> 51 records [d:\AivellumPro\zReport5\app.py:428]
